institute_id,year,gr_total,gr_AmerInd_AlaskNtv,gr_Asian,gr_AfrAmer,gr_Hispanic,gr_Hi_PacIsland,gr_White,gr_2orMore,gr_unknown,gr_nonresAlien,co_total,co_AmerInd_AlaskNtv,co_Asian,co_AfrAmer,co_Hispanic,co_Hi_PacIsland,co_White,co_2orMore,co_unknown,co_nonresAlien,hr_total,hr_AmerInd_AlaskNtv,hr_Asian,hr_AfrAmer,hr_Hispanic,hr_Hi_PacIsland,hr_White,hr_2orMore,hr_unknown,hr_nonresAlien
102845,2010,25.0,0.0,0.0,0.0,0.0,0.0,0.0,0.0,0.0,0.0,28.0,0.0,0.0,0.0,0.0,0.0,0.0,0.0,0.0,0.0,,,,,,,,,,
102845,2011,30.0,2.0,2.0,1.0,0.0,0.0,23.0,1.0,0.0,1.0,32.0,2.0,2.0,1.0,0.0,0.0,25.0,1.0,0.0,1.0,,,,,,,,,,
102845,2012,93.0,12.0,19.0,6.0,1.0,0.0,53.0,2.0,0.0,0.0,277.0,41.0,41.0,25.0,9.0,0.0,155.0,3.0,3.0,0.0,,,,,,,,,,
102845,2013,294.0,42.0,38.0,29.0,8.0,0.0,167.0,5.0,5.0,0.0,832.0,136.0,125.0,82.0,28.0,5.0,437.0,11.0,8.0,0.0,166.0,3.0,18.0,25.0,51.0,4.0,350.0,7.0,0.0,0.0
102845,2014,307.0,22.0,11.0,14.0,72.0,7.0,139.0,10.0,32.0,0.0,670.0,75.0,36.0,53.0,124.0,21.0,283.0,20.0,58.0,0.0,149.0,8.0,19.0,33.0,63.0,7.0,335.0,7.0,0.0,0.0
102845,2015,545.0,28.0,26.0,28.0,175.0,12.0,229.0,7.0,40.0,0.0,1174.0,96.0,51.0,65.0,320.0,40.0,418.0,30.0,153.0,1.0,144.0,4.0,13.0,47.0,55.0,6.0,303.0,5.0,0.0,0.0
102845,2016,734.0,27.0,20.0,21.0,264.0,17.0,280.0,22.0,83.0,0.0,1560.0,115.0,45.0,64.0,453.0,36.0,549.0,48.0,250.0,0.0,107.0,2.0,9.0,37.0,45.0,3.0,237.0,5.0,1.0,0.0
102845,2017,852.0,43.0,14.0,20.0,327.0,16.0,292.0,33.0,107.0,0.0,1794.0,134.0,38.0,77.0,593.0,56.0,589.0,86.0,221.0,0.0,106.0,6.0,12.0,32.0,54.0,3.0,254.0,14.0,0.0,0.0
102845,2018,523.0,16.0,8.0,14.0,216.0,31.0,194.0,28.0,16.0,0.0,1044.0,85.0,15.0,43.0,350.0,81.0,362.0,81.0,27.0,0.0,109.0,8.0,11.0,27.0,62.0,3.0,274.0,16.0,0.0,0.0
102845,2019,445.0,17.0,22.0,14.0,122.0,2.0,221.0,32.0,15.0,0.0,1023.0,80.0,74.0,79.0,228.0,5.0,450.0,77.0,30.0,0.0,119.0,8.0,12.0,29.0,55.0,5.0,273.0,13.0,0.0,0.0
102845,2020,1083.0,36.0,7.0,37.0,380.0,44.0,483.0,47.0,49.0,0.0,2095.0,140.0,11.0,115.0,699.0,95.0,819.0,104.0,112.0,0.0,111.0,5.0,13.0,30.0,49.0,3.0,240.0,8.0,0.0,0.0
234492,2010,147.0,3.0,11.0,4.0,8.0,0.0,75.0,0.0,43.0,3.0,390.0,12.0,26.0,25.0,20.0,0.0,192.0,0.0,110.0,5.0,,,,,,,,,,
234492,2011,144.0,2.0,12.0,3.0,10.0,0.0,106.0,0.0,10.0,1.0,423.0,8.0,38.0,16.0,26.0,0.0,288.0,0.0,46.0,1.0,,,,,,,,,,
234492,2012,99.0,1.0,14.0,1.0,6.0,0.0,63.0,0.0,13.0,1.0,301.0,10.0,31.0,11.0,26.0,0.0,184.0,0.0,38.0,1.0,113.0,2.0,16.0,7.0,4.0,1.0,149.0,1.0,17.0,0.0
234492,2013,90.0,1.0,12.0,3.0,6.0,0.0,61.0,0.0,7.0,0.0,322.0,7.0,39.0,17.0,20.0,0.0,198.0,0.0,41.0,0.0,105.0,1.0,13.0,5.0,3.0,1.0,141.0,4.0,16.0,0.0
234492,2014,110.0,1.0,6.0,1.0,7.0,0.0,60.0,0.0,32.0,3.0,349.0,3.0,25.0,13.0,25.0,0.0,179.0,0.0,101.0,3.0,,,,,,,,,,
234492,2015,84.0,0.0,5.0,5.0,13.0,0.0,45.0,0.0,16.0,0.0,320.0,5.0,19.0,14.0,35.0,0.0,174.0,0.0,73.0,0.0,89.0,1.0,12.0,5.0,7.0,2.0,111.0,3.0,12.0,0.0
234492,2016,79.0,2.0,6.0,0.0,9.0,0.0,49.0,0.0,12.0,1.0,289.0,12.0,14.0,12.0,34.0,0.0,151.0,0.0,63.0,3.0,97.0,1.0,11.0,4.0,7.0,4.0,126.0,3.0,10.0,0.0
234492,2017,64.0,0.0,0.0,0.0,10.0,0.0,7.0,0.0,46.0,1.0,205.0,1.0,0.0,3.0,20.0,0.0,14.0,0.0,165.0,2.0,78.0,1.0,10.0,4.0,7.0,2.0,101.0,3.0,10.0,0.0
234492,2018,56.0,0.0,1.0,0.0,11.0,0.0,17.0,0.0,23.0,4.0,201.0,0.0,3.0,6.0,33.0,0.0,50.0,0.0,102.0,7.0,65.0,2.0,8.0,4.0,5.0,2.0,75.0,2.0,9.0,0.0
234669,2010,90.0,0.0,0.0,0.0,0.0,0.0,0.0,0.0,19.0,10.0,338.0,0.0,0.0,0.0,0.0,0.0,0.0,0.0,43.0,32.0,,,,,,,,,,
234669,2011,140.0,2.0,19.0,2.0,5.0,0.0,93.0,0.0,13.0,6.0,483.0,5.0,54.0,28.0,25.0,0.0,299.0,0.0,49.0,23.0,,,,,,,,,,
234669,2012,142.0,0.0,19.0,4.0,3.0,0.0,98.0,0.0,17.0,1.0,513.0,2.0,70.0,18.0,26.0,0.0,337.0,0.0,59.0,1.0,400.0,7.0,151.0,42.0,39.0,0.0,875.0,11.0,0.0,0.0
234669,2013,122.0,3.0,23.0,4.0,6.0,0.0,79.0,0.0,7.0,0.0,508.0,7.0,96.0,35.0,26.0,0.0,311.0,0.0,33.0,0.0,442.0,7.0,183.0,46.0,45.0,0.0,887.0,22.0,3.0,0.0
234669,2014,110.0,1.0,28.0,2.0,6.0,0.0,70.0,2.0,1.0,0.0,423.0,5.0,73.0,20.0,30.0,0.0,275.0,5.0,15.0,0.0,,,,,,,,,,
234669,2015,109.0,2.0,35.0,5.0,4.0,0.0,52.0,1.0,9.0,1.0,460.0,4.0,96.0,34.0,31.0,0.0,254.0,11.0,28.0,2.0,453.0,8.0,188.0,54.0,49.0,1.0,887.0,35.0,6.0,2.0
234669,2016,132.0,2.0,29.0,7.0,8.0,0.0,76.0,3.0,7.0,0.0,500.0,2.0,104.0,35.0,34.0,1.0,270.0,9.0,42.0,3.0,448.0,7.0,196.0,56.0,53.0,2.0,870.0,35.0,7.0,1.0
234669,2017,116.0,0.0,38.0,2.0,7.0,1.0,62.0,2.0,3.0,1.0,481.0,2.0,112.0,30.0,37.0,3.0,263.0,7.0,25.0,2.0,447.0,6.0,199.0,61.0,54.0,4.0,846.0,33.0,7.0,0.0
234669,2018,152.0,1.0,40.0,5.0,22.0,0.0,64.0,5.0,15.0,0.0,531.0,5.0,99.0,39.0,71.0,2.0,252.0,31.0,32.0,0.0,434.0,5.0,211.0,53.0,57.0,4.0,821.0,29.0,8.0,0.0
234669,2019,181.0,2.0,47.0,2.0,21.0,0.0,89.0,10.0,9.0,1.0,679.0,8.0,130.0,38.0,96.0,4.0,334.0,37.0,31.0,1.0,431.0,6.0,226.0,55.0,64.0,6.0,775.0,30.0,15.0,1.0
234669,2020,172.0,0.0,27.0,7.0,14.0,2.0,92.0,15.0,13.0,2.0,502.0,4.0,75.0,39.0,76.0,7.0,230.0,40.0,27.0,4.0,405.0,8.0,217.0,55.0,57.0,7.0,719.0,31.0,18.0,2.0
234696,2016,22.0,0.0,0.0,0.0,3.0,0.0,17.0,0.0,2.0,0.0,52.0,0.0,1.0,1.0,3.0,0.0,43.0,0.0,4.0,0.0,109.0,6.0,7.0,1.0,5.0,1.0,266.0,0.0,1.0,0.0
234696,2017,22.0,0.0,1.0,1.0,4.0,0.0,15.0,0.0,1.0,0.0,40.0,1.0,1.0,3.0,6.0,0.0,25.0,0.0,4.0,0.0,116.0,6.0,7.0,1.0,5.0,1.0,272.0,0.0,8.0,0.0
234696,2018,16.0,0.0,0.0,0.0,1.0,0.0,12.0,3.0,0.0,0.0,35.0,1.0,2.0,0.0,3.0,0.0,25.0,4.0,0.0,0.0,116.0,6.0,7.0,1.0,5.0,1.0,279.0,0.0,0.0,0.0
234696,2019,19.0,0.0,0.0,0.0,1.0,0.0,15.0,1.0,2.0,0.0,59.0,0.0,0.0,0.0,5.0,0.0,45.0,6.0,3.0,0.0,103.0,7.0,5.0,2.0,4.0,1.0,256.0,0.0,16.0,0.0
234696,2020,22.0,1.0,0.0,0.0,2.0,0.0,16.0,1.0,2.0,0.0,42.0,1.0,0.0,0.0,5.0,0.0,30.0,2.0,4.0,0.0,102.0,7.0,5.0,1.0,4.0,1.0,231.0,0.0,13.0,0.0
234827,2010,769.0,5.0,18.0,10.0,67.0,2.0,611.0,32.0,20.0,4.0,1379.0,10.0,41.0,19.0,107.0,5.0,1099.0,60.0,34.0,4.0,,,,,,,,,,
234827,2011,796.0,9.0,24.0,11.0,67.0,0.0,636.0,37.0,6.0,6.0,1425.0,11.0,49.0,30.0,120.0,1.0,1117.0,71.0,17.0,9.0,,,,,,,,,,
234827,2012,781.0,5.0,20.0,10.0,61.0,0.0,631.0,40.0,10.0,4.0,1465.0,7.0,49.0,29.0,111.0,6.0,1157.0,82.0,17.0,7.0,,,,,,,,,,
234827,2013,759.0,6.0,28.0,10.0,59.0,1.0,604.0,34.0,17.0,0.0,1479.0,12.0,50.0,29.0,115.0,3.0,1151.0,80.0,34.0,5.0,752.0,5.0,11.0,9.0,27.0,1.0,327.0,14.0,1174.0,17.0
234827,2014,829.0,1.0,23.0,12.0,63.0,1.0,657.0,40.0,22.0,10.0,1552.0,8.0,38.0,28.0,123.0,7.0,1214.0,81.0,37.0,16.0,746.0,12.0,41.0,28.0,72.0,8.0,1164.0,17.0,242.0,21.0
234827,2015,851.0,3.0,9.0,18.0,70.0,0.0,642.0,59.0,33.0,17.0,1646.0,10.0,32.0,48.0,128.0,2.0,1209.0,123.0,63.0,31.0,756.0,9.0,41.0,30.0,76.0,8.0,1134.0,15.0,296.0,17.0
234827,2016,876.0,4.0,17.0,15.0,100.0,5.0,622.0,57.0,44.0,12.0,1659.0,10.0,43.0,42.0,181.0,11.0,1148.0,108.0,93.0,23.0,772.0,12.0,38.0,36.0,87.0,9.0,1139.0,17.0,303.0,18.0
234827,2017,701.0,2.0,16.0,10.0,78.0,2.0,490.0,50.0,42.0,11.0,1360.0,5.0,39.0,37.0,153.0,7.0,912.0,98.0,86.0,23.0,760.0,10.0,40.0,32.0,94.0,8.0,1133.0,27.0,285.0,18.0
234827,2018,775.0,3.0,24.0,10.0,106.0,6.0,496.0,59.0,62.0,9.0,1416.0,13.0,42.0,25.0,191.0,16.0,889.0,114.0,102.0,24.0,753.0,8.0,51.0,30.0,60.0,5.0,1145.0,85.0,122.0,160.0
234827,2019,792.0,4.0,31.0,16.0,115.0,3.0,503.0,60.0,58.0,2.0,1386.0,11.0,40.0,35.0,212.0,4.0,856.0,117.0,104.0,7.0,738.0,12.0,45.0,29.0,132.0,6.0,1388.0,38.0,6.0,3.0
234827,2020,699.0,3.0,19.0,27.0,79.0,6.0,464.0,57.0,39.0,5.0,1198.0,8.0,36.0,50.0,157.0,16.0,723.0,113.0,83.0,12.0,664.0,10.0,35.0,23.0,128.0,4.0,1299.0,36.0,4.0,4.0
234845,2012,61.0,0.0,0.0,1.0,3.0,0.0,56.0,0.0,1.0,0.0,222.0,1.0,2.0,7.0,9.0,0.0,191.0,0.0,12.0,0.0,78.0,3.0,6.0,0.0,7.0,1.0,251.0,0.0,0.0,0.0
234845,2013,107.0,2.0,5.0,0.0,5.0,0.0,87.0,0.0,4.0,4.0,264.0,5.0,10.0,4.0,18.0,0.0,202.0,0.0,17.0,8.0,85.0,3.0,6.0,0.0,8.0,2.0,260.0,0.0,0.0,0.0
234845,2014,87.0,0.0,0.0,1.0,4.0,0.0,74.0,2.0,5.0,1.0,257.0,2.0,1.0,4.0,19.0,0.0,213.0,6.0,9.0,3.0,81.0,2.0,5.0,1.0,6.0,1.0,257.0,0.0,0.0,0.0
234845,2015,105.0,0.0,1.0,0.0,7.0,0.0,87.0,3.0,6.0,1.0,287.0,3.0,1.0,4.0,21.0,0.0,238.0,6.0,13.0,1.0,88.0,0.0,7.0,1.0,10.0,1.0,260.0,0.0,0.0,0.0
234845,2016,105.0,2.0,0.0,1.0,7.0,0.0,86.0,4.0,5.0,0.0,313.0,8.0,0.0,4.0,17.0,1.0,261.0,11.0,11.0,0.0,95.0,0.0,6.0,2.0,9.0,2.0,261.0,0.0,0.0,0.0
234845,2017,100.0,0.0,0.0,0.0,8.0,1.0,79.0,4.0,7.0,1.0,295.0,5.0,0.0,1.0,21.0,3.0,232.0,18.0,12.0,3.0,89.0,1.0,7.0,2.0,10.0,2.0,255.0,0.0,0.0,0.0
234845,2018,117.0,2.0,0.0,0.0,11.0,0.0,92.0,5.0,7.0,0.0,303.0,4.0,1.0,6.0,23.0,2.0,231.0,20.0,15.0,1.0,91.0,2.0,8.0,3.0,14.0,0.0,258.0,0.0,0.0,0.0
234845,2019,141.0,1.0,1.0,1.0,11.0,0.0,114.0,7.0,4.0,2.0,355.0,5.0,4.0,4.0,33.0,1.0,272.0,15.0,11.0,10.0,111.0,1.0,10.0,5.0,20.0,0.0,308.0,0.0,0.0,0.0
234845,2020,135.0,1.0,1.0,0.0,5.0,1.0,114.0,5.0,8.0,0.0,324.0,4.0,1.0,2.0,27.0,3.0,250.0,22.0,12.0,3.0,86.0,0.0,7.0,4.0,17.0,0.0,243.0,0.0,0.0,0.0
234915,2011,1.0,0.0,0.0,0.0,0.0,0.0,1.0,0.0,0.0,0.0,8.0,0.0,0.0,0.0,0.0,0.0,7.0,0.0,1.0,0.0,,,,,,,,,,
234915,2012,2.0,0.0,0.0,1.0,0.0,0.0,1.0,0.0,0.0,0.0,8.0,0.0,0.0,1.0,0.0,0.0,6.0,0.0,1.0,0.0,314.0,2.0,74.0,25.0,22.0,6.0,700.0,10.0,14.0,0.0
234915,2015,7.0,0.0,1.0,0.0,1.0,0.0,3.0,0.0,2.0,0.0,15.0,1.0,2.0,0.0,2.0,0.0,5.0,0.0,5.0,0.0,297.0,2.0,62.0,20.0,31.0,6.0,547.0,2.0,130.0,0.0
234915,2016,5.0,0.0,0.0,0.0,1.0,0.0,2.0,0.0,0.0,2.0,21.0,0.0,2.0,2.0,1.0,0.0,7.0,0.0,2.0,7.0,311.0,7.0,82.0,40.0,19.0,9.0,620.0,0.0,28.0,0.0
234915,2017,8.0,0.0,0.0,0.0,0.0,0.0,2.0,0.0,6.0,0.0,8.0,0.0,0.0,0.0,0.0,0.0,2.0,0.0,6.0,0.0,272.0,3.0,82.0,23.0,31.0,2.0,436.0,0.0,134.0,0.0
234915,2019,2.0,0.0,0.0,0.0,0.0,0.0,1.0,0.0,0.0,1.0,6.0,0.0,0.0,1.0,0.0,0.0,3.0,0.0,0.0,2.0,215.0,7.0,79.0,39.0,17.0,8.0,366.0,0.0,21.0,0.0
234933,2015,238.0,1.0,6.0,5.0,10.0,0.0,186.0,13.0,15.0,2.0,958.0,7.0,31.0,27.0,55.0,3.0,725.0,58.0,50.0,2.0,367.0,4.0,42.0,18.0,16.0,4.0,845.0,48.0,1.0,0.0
234933,2016,155.0,4.0,6.0,4.0,4.0,1.0,118.0,10.0,4.0,4.0,632.0,10.0,19.0,26.0,42.0,6.0,442.0,42.0,39.0,6.0,357.0,5.0,48.0,19.0,16.0,3.0,815.0,49.0,1.0,0.0
234933,2017,239.0,1.0,11.0,5.0,21.0,0.0,176.0,16.0,9.0,0.0,965.0,13.0,29.0,21.0,108.0,6.0,687.0,74.0,24.0,3.0,374.0,6.0,51.0,19.0,16.0,2.0,829.0,62.0,1.0,0.0
234933,2018,269.0,3.0,14.0,6.0,15.0,2.0,195.0,16.0,16.0,2.0,1118.0,7.0,47.0,28.0,105.0,12.0,743.0,108.0,51.0,17.0,359.0,5.0,44.0,20.0,16.0,2.0,814.0,68.0,3.0,0.0
234933,2019,250.0,1.0,10.0,2.0,20.0,2.0,182.0,17.0,15.0,1.0,819.0,3.0,27.0,22.0,89.0,6.0,543.0,81.0,41.0,7.0,490.0,6.0,63.0,32.0,29.0,1.0,1012.0,130.0,18.0,0.0
234933,2020,320.0,0.0,11.0,2.0,27.0,1.0,239.0,25.0,13.0,2.0,950.0,6.0,33.0,11.0,86.0,10.0,676.0,86.0,33.0,9.0,471.0,5.0,60.0,29.0,32.0,2.0,972.0,102.0,21.0,0.0
234951,2014,80.0,0.0,4.0,8.0,4.0,0.0,59.0,2.0,3.0,0.0,250.0,5.0,10.0,42.0,13.0,1.0,155.0,8.0,15.0,1.0,,,,,,,,,,
234951,2015,82.0,1.0,6.0,15.0,2.0,0.0,52.0,2.0,4.0,0.0,239.0,2.0,9.0,53.0,7.0,0.0,149.0,5.0,14.0,0.0,118.0,1.0,14.0,32.0,1.0,4.0,264.0,2.0,0.0,0.0
234951,2016,62.0,0.0,0.0,8.0,2.0,0.0,42.0,2.0,8.0,0.0,170.0,0.0,1.0,36.0,5.0,1.0,100.0,3.0,23.0,1.0,116.0,2.0,16.0,30.0,2.0,5.0,253.0,5.0,0.0,0.0
234951,2017,76.0,1.0,5.0,12.0,5.0,1.0,49.0,2.0,1.0,0.0,231.0,2.0,11.0,57.0,15.0,3.0,130.0,8.0,5.0,0.0,113.0,1.0,10.0,30.0,2.0,4.0,245.0,6.0,0.0,0.0
234951,2018,97.0,1.0,6.0,8.0,2.0,0.0,77.0,3.0,0.0,0.0,234.0,3.0,11.0,43.0,6.0,4.0,158.0,8.0,1.0,0.0,128.0,2.0,14.0,36.0,4.0,6.0,265.0,8.0,0.0,0.0
234951,2019,88.0,2.0,8.0,5.0,5.0,1.0,61.0,4.0,2.0,0.0,251.0,5.0,17.0,33.0,16.0,6.0,153.0,15.0,6.0,0.0,117.0,3.0,13.0,31.0,9.0,7.0,262.0,5.0,0.0,0.0
234951,2020,100.0,1.0,5.0,10.0,12.0,0.0,55.0,12.0,4.0,1.0,290.0,4.0,14.0,44.0,32.0,7.0,151.0,28.0,9.0,1.0,119.0,3.0,14.0,32.0,10.0,7.0,247.0,4.0,1.0,0.0
234979,2010,162.0,3.0,0.0,0.0,27.0,4.0,127.0,0.0,1.0,0.0,501.0,7.0,0.0,8.0,96.0,13.0,371.0,0.0,5.0,1.0,,,,,,,,,,
234979,2011,183.0,2.0,3.0,4.0,25.0,0.0,146.0,0.0,3.0,0.0,617.0,4.0,13.0,14.0,105.0,0.0,470.0,0.0,11.0,0.0,,,,,,,,,,
234979,2012,157.0,0.0,1.0,2.0,35.0,0.0,117.0,0.0,2.0,0.0,670.0,5.0,10.0,20.0,176.0,0.0,445.0,0.0,13.0,1.0,,,,,,,,,,
234979,2013,173.0,0.0,8.0,1.0,39.0,0.0,122.0,0.0,2.0,1.0,656.0,6.0,22.0,10.0,160.0,0.0,446.0,0.0,10.0,2.0,157.0,6.0,18.0,6.0,50.0,3.0,286.0,1.0,0.0,0.0
234979,2014,182.0,0.0,4.0,2.0,46.0,0.0,127.0,1.0,2.0,0.0,739.0,4.0,12.0,12.0,207.0,0.0,489.0,10.0,4.0,1.0,,,,,,,,,,
234979,2015,206.0,0.0,5.0,1.0,63.0,0.0,133.0,2.0,1.0,1.0,701.0,1.0,13.0,7.0,224.0,1.0,438.0,9.0,5.0,3.0,226.0,5.0,18.0,9.0,71.0,6.0,421.0,5.0,0.0,0.0
234979,2016,171.0,4.0,4.0,0.0,38.0,0.0,120.0,2.0,3.0,0.0,639.0,8.0,11.0,5.0,176.0,1.0,400.0,15.0,23.0,0.0,234.0,3.0,21.0,8.0,81.0,5.0,422.0,5.0,0.0,0.0
234979,2017,186.0,1.0,8.0,1.0,71.0,0.0,100.0,1.0,4.0,0.0,627.0,5.0,17.0,6.0,229.0,1.0,345.0,14.0,10.0,0.0,217.0,3.0,21.0,8.0,66.0,4.0,416.0,10.0,0.0,0.0
234979,2018,187.0,3.0,3.0,3.0,79.0,0.0,90.0,6.0,3.0,0.0,636.0,6.0,13.0,9.0,240.0,0.0,335.0,21.0,10.0,2.0,227.0,3.0,22.0,10.0,67.0,5.0,421.0,14.0,0.0,0.0
234979,2019,201.0,2.0,4.0,0.0,83.0,0.0,94.0,10.0,7.0,1.0,723.0,6.0,17.0,5.0,286.0,2.0,352.0,36.0,18.0,1.0,226.0,1.0,25.0,9.0,67.0,4.0,425.0,15.0,3.0,0.0
234979,2020,230.0,1.0,2.0,1.0,85.0,0.0,124.0,7.0,10.0,0.0,705.0,5.0,10.0,3.0,277.0,3.0,350.0,28.0,27.0,2.0,227.0,1.0,26.0,12.0,70.0,4.0,416.0,21.0,1.0,0.0
235024,2010,71.0,0.0,0.0,0.0,0.0,0.0,0.0,0.0,14.0,1.0,141.0,0.0,0.0,0.0,0.0,0.0,0.0,0.0,26.0,3.0,,,,,,,,,,
235024,2011,74.0,0.0,0.0,2.0,5.0,0.0,52.0,0.0,13.0,2.0,163.0,1.0,2.0,4.0,12.0,0.0,114.0,0.0,24.0,6.0,,,,,,,,,,
235024,2012,72.0,0.0,6.0,1.0,4.0,0.0,49.0,2.0,9.0,1.0,147.0,2.0,11.0,8.0,8.0,0.0,92.0,2.0,21.0,3.0,151.0,3.0,11.0,11.0,6.0,3.0,237.0,8.0,39.0,0.0
235024,2013,81.0,0.0,2.0,3.0,2.0,0.0,69.0,3.0,1.0,1.0,173.0,1.0,5.0,10.0,5.0,0.0,133.0,3.0,14.0,2.0,146.0,3.0,15.0,14.0,7.0,0.0,229.0,7.0,42.0,0.0
235024,2014,103.0,2.0,7.0,6.0,5.0,2.0,72.0,4.0,2.0,3.0,205.0,2.0,11.0,10.0,8.0,2.0,146.0,6.0,15.0,5.0,135.0,3.0,16.0,11.0,5.0,0.0,226.0,7.0,41.0,0.0
235024,2015,104.0,0.0,6.0,3.0,7.0,1.0,73.0,4.0,8.0,2.0,190.0,0.0,8.0,5.0,13.0,1.0,127.0,5.0,29.0,2.0,135.0,2.0,15.0,11.0,3.0,0.0,226.0,5.0,44.0,0.0
235024,2016,101.0,1.0,7.0,5.0,7.0,0.0,67.0,7.0,5.0,2.0,209.0,2.0,15.0,8.0,17.0,0.0,132.0,12.0,19.0,4.0,129.0,4.0,9.0,10.0,4.0,0.0,201.0,7.0,33.0,0.0
235024,2017,113.0,2.0,1.0,5.0,12.0,0.0,77.0,6.0,9.0,1.0,213.0,3.0,5.0,7.0,19.0,1.0,146.0,11.0,18.0,3.0,144.0,4.0,12.0,13.0,7.0,0.0,220.0,13.0,49.0,0.0
235024,2018,97.0,0.0,7.0,3.0,16.0,0.0,55.0,8.0,4.0,4.0,164.0,1.0,11.0,4.0,23.0,1.0,99.0,14.0,6.0,5.0,109.0,2.0,13.0,11.0,5.0,0.0,175.0,10.0,38.0,0.0
235024,2019,90.0,1.0,6.0,2.0,6.0,1.0,62.0,9.0,2.0,1.0,166.0,1.0,9.0,10.0,17.0,1.0,102.0,21.0,4.0,1.0,110.0,2.0,11.0,11.0,10.0,0.0,146.0,9.0,40.0,0.0
235024,2020,83.0,0.0,7.0,2.0,12.0,1.0,49.0,12.0,0.0,0.0,160.0,0.0,8.0,6.0,24.0,1.0,98.0,19.0,4.0,0.0,87.0,1.0,5.0,11.0,8.0,0.0,109.0,7.0,53.0,0.0
235097,2010,673.0,0.0,0.0,0.0,0.0,0.0,0.0,0.0,58.0,5.0,1403.0,0.0,0.0,0.0,0.0,0.0,0.0,0.0,132.0,10.0,,,,,,,,,,
235097,2011,744.0,8.0,40.0,20.0,60.0,0.0,536.0,0.0,78.0,2.0,1610.0,26.0,88.0,65.0,142.0,0.0,1124.0,0.0,157.0,8.0,,,,,,,,,,
235097,2012,656.0,10.0,21.0,16.0,47.0,2.0,464.0,10.0,84.0,2.0,1412.0,31.0,49.0,70.0,109.0,7.0,941.0,30.0,167.0,8.0,752.0,26.0,55.0,36.0,56.0,9.0,1313.0,3.0,7.0,6.0
235097,2013,594.0,3.0,15.0,14.0,56.0,1.0,437.0,18.0,46.0,4.0,1313.0,21.0,44.0,70.0,112.0,10.0,897.0,47.0,97.0,15.0,775.0,24.0,56.0,32.0,64.0,6.0,1360.0,4.0,10.0,16.0
235097,2014,681.0,11.0,29.0,22.0,71.0,2.0,496.0,15.0,32.0,3.0,1488.0,23.0,60.0,78.0,165.0,9.0,1019.0,39.0,82.0,13.0,784.0,24.0,62.0,40.0,78.0,5.0,1374.0,6.0,11.0,15.0
235097,2015,668.0,6.0,14.0,30.0,73.0,4.0,468.0,20.0,48.0,5.0,1459.0,24.0,37.0,87.0,185.0,10.0,940.0,49.0,112.0,15.0,794.0,28.0,66.0,42.0,81.0,5.0,1385.0,14.0,19.0,23.0
235097,2016,709.0,5.0,30.0,38.0,80.0,0.0,520.0,25.0,7.0,4.0,1524.0,26.0,80.0,105.0,193.0,1.0,1035.0,50.0,18.0,16.0,767.0,33.0,48.0,39.0,85.0,5.0,1350.0,12.0,11.0,54.0
235097,2017,772.0,3.0,16.0,12.0,90.0,4.0,584.0,33.0,14.0,16.0,1472.0,11.0,39.0,55.0,198.0,7.0,1029.0,78.0,30.0,25.0,791.0,35.0,69.0,43.0,80.0,24.0,1391.0,14.0,21.0,24.0
235097,2018,686.0,2.0,19.0,16.0,87.0,1.0,507.0,32.0,3.0,19.0,1556.0,16.0,40.0,64.0,247.0,7.0,1047.0,97.0,8.0,30.0,722.0,38.0,41.0,37.0,81.0,9.0,1254.0,13.0,13.0,57.0
235097,2019,786.0,4.0,19.0,20.0,106.0,2.0,571.0,38.0,9.0,17.0,1469.0,13.0,42.0,55.0,211.0,5.0,1004.0,95.0,13.0,31.0,743.0,32.0,64.0,39.0,90.0,5.0,1272.0,23.0,8.0,22.0
235097,2020,852.0,10.0,19.0,33.0,116.0,1.0,602.0,49.0,10.0,12.0,1603.0,21.0,33.0,76.0,246.0,12.0,1073.0,110.0,18.0,14.0,644.0,25.0,56.0,32.0,79.0,3.0,1133.0,21.0,0.0,18.0
235103,2017,128.0,2.0,14.0,5.0,8.0,2.0,76.0,12.0,8.0,1.0,458.0,6.0,48.0,24.0,37.0,7.0,265.0,49.0,21.0,1.0,305.0,4.0,79.0,35.0,52.0,2.0,661.0,18.0,6.0,0.0
235103,2018,101.0,0.0,15.0,5.0,7.0,0.0,63.0,8.0,3.0,0.0,407.0,2.0,62.0,28.0,38.0,4.0,228.0,28.0,17.0,0.0,318.0,3.0,86.0,38.0,56.0,4.0,669.0,22.0,6.0,0.0
235103,2019,113.0,1.0,15.0,3.0,10.0,0.0,71.0,6.0,7.0,0.0,397.0,4.0,63.0,22.0,39.0,1.0,202.0,35.0,31.0,0.0,319.0,2.0,89.0,41.0,61.0,6.0,665.0,25.0,10.0,0.0
235103,2020,99.0,0.0,16.0,3.0,10.0,0.0,53.0,11.0,6.0,0.0,334.0,2.0,53.0,22.0,33.0,3.0,172.0,31.0,16.0,2.0,279.0,2.0,81.0,37.0,59.0,2.0,584.0,25.0,10.0,0.0
235167,2010,248.0,0.0,0.0,0.0,0.0,0.0,0.0,0.0,30.0,0.0,479.0,0.0,0.0,0.0,0.0,0.0,0.0,0.0,67.0,0.0,,,,,,,,,,
235167,2011,320.0,7.0,10.0,2.0,13.0,4.0,239.0,10.0,35.0,0.0,590.0,14.0,24.0,13.0,25.0,5.0,429.0,18.0,62.0,0.0,,,,,,,,,,
235167,2012,310.0,3.0,15.0,6.0,15.0,0.0,223.0,7.0,40.0,1.0,577.0,10.0,31.0,17.0,27.0,0.0,414.0,12.0,64.0,2.0,354.0,21.0,47.0,30.0,48.0,4.0,550.0,23.0,41.0,4.0
235167,2013,385.0,4.0,12.0,7.0,20.0,1.0,285.0,19.0,36.0,1.0,677.0,13.0,33.0,15.0,43.0,3.0,488.0,24.0,56.0,2.0,337.0,21.0,47.0,32.0,46.0,6.0,537.0,27.0,41.0,6.0
235167,2014,370.0,2.0,12.0,12.0,13.0,2.0,283.0,16.0,27.0,3.0,658.0,12.0,20.0,22.0,27.0,3.0,498.0,22.0,49.0,5.0,330.0,24.0,48.0,30.0,42.0,6.0,521.0,26.0,49.0,6.0
235167,2015,309.0,4.0,13.0,7.0,16.0,1.0,232.0,9.0,26.0,1.0,576.0,10.0,24.0,18.0,45.0,3.0,408.0,15.0,52.0,1.0,326.0,22.0,45.0,26.0,45.0,6.0,529.0,24.0,55.0,6.0
235167,2016,345.0,4.0,6.0,10.0,22.0,0.0,248.0,32.0,22.0,1.0,612.0,8.0,15.0,19.0,40.0,2.0,431.0,48.0,47.0,2.0,353.0,16.0,46.0,32.0,50.0,6.0,537.0,25.0,64.0,7.0
235167,2017,307.0,1.0,9.0,9.0,22.0,0.0,215.0,24.0,24.0,3.0,536.0,3.0,14.0,22.0,34.0,0.0,378.0,36.0,43.0,6.0,337.0,19.0,48.0,36.0,45.0,5.0,511.0,28.0,72.0,10.0
235167,2018,285.0,4.0,9.0,9.0,22.0,4.0,186.0,27.0,23.0,1.0,519.0,6.0,13.0,19.0,42.0,7.0,355.0,39.0,36.0,2.0,298.0,17.0,42.0,35.0,40.0,5.0,452.0,28.0,67.0,6.0
235167,2019,247.0,2.0,7.0,6.0,18.0,1.0,174.0,15.0,22.0,2.0,496.0,6.0,13.0,15.0,43.0,1.0,331.0,40.0,44.0,3.0,273.0,15.0,46.0,29.0,37.0,6.0,427.0,27.0,48.0,7.0
235167,2020,236.0,4.0,8.0,10.0,27.0,1.0,155.0,19.0,12.0,0.0,526.0,9.0,15.0,24.0,59.0,2.0,338.0,47.0,32.0,0.0,267.0,14.0,44.0,31.0,41.0,6.0,422.0,31.0,62.0,9.0
235237,2016,73.0,1.0,8.0,10.0,9.0,0.0,32.0,10.0,3.0,0.0,360.0,7.0,19.0,43.0,37.0,3.0,180.0,50.0,20.0,1.0,107.0,2.0,12.0,19.0,7.0,5.0,232.0,26.0,0.0,0.0
235237,2017,76.0,1.0,7.0,7.0,9.0,1.0,34.0,14.0,3.0,0.0,320.0,5.0,14.0,43.0,45.0,6.0,142.0,43.0,22.0,0.0,109.0,1.0,14.0,26.0,7.0,6.0,250.0,26.0,0.0,0.0
235237,2018,89.0,1.0,4.0,4.0,13.0,1.0,49.0,10.0,7.0,0.0,337.0,5.0,18.0,49.0,46.0,3.0,153.0,42.0,21.0,0.0,110.0,1.0,16.0,24.0,8.0,6.0,247.0,22.0,0.0,0.0
235237,2019,88.0,0.0,4.0,4.0,10.0,0.0,52.0,13.0,4.0,1.0,325.0,7.0,21.0,35.0,35.0,4.0,159.0,43.0,20.0,1.0,133.0,2.0,22.0,31.0,8.0,7.0,257.0,26.0,0.0,0.0
235237,2020,213.0,0.0,10.0,8.0,29.0,3.0,122.0,29.0,12.0,0.0,665.0,3.0,29.0,57.0,85.0,15.0,347.0,79.0,50.0,0.0,279.0,6.0,43.0,44.0,13.0,8.0,569.0,60.0,12.0,0.0
235316,2010,776.0,0.0,0.0,0.0,0.0,0.0,0.0,0.0,62.0,4.0,973.0,0.0,0.0,0.0,0.0,0.0,0.0,0.0,82.0,6.0,,,,,,,,,,
235316,2011,817.0,3.0,34.0,9.0,36.0,2.0,617.0,15.0,96.0,5.0,985.0,6.0,49.0,10.0,44.0,7.0,730.0,17.0,116.0,6.0,,,,,,,,,,
235316,2012,793.0,7.0,34.0,8.0,32.0,6.0,662.0,25.0,11.0,8.0,977.0,11.0,41.0,10.0,44.0,14.0,807.0,28.0,12.0,10.0,,,,,,,,,,
235316,2013,850.0,5.0,36.0,11.0,24.0,8.0,708.0,31.0,19.0,8.0,1033.0,7.0,40.0,15.0,29.0,11.0,851.0,36.0,28.0,16.0,731.0,15.0,46.0,18.0,49.0,6.0,1345.0,12.0,0.0,27.0
235316,2014,918.0,5.0,40.0,12.0,52.0,9.0,704.0,3.0,78.0,15.0,1104.0,8.0,50.0,16.0,62.0,11.0,837.0,4.0,98.0,18.0,,,,,,,,,,
235316,2015,1023.0,6.0,42.0,12.0,62.0,3.0,755.0,12.0,124.0,7.0,1237.0,11.0,54.0,15.0,80.0,6.0,898.0,16.0,149.0,8.0,724.0,17.0,42.0,14.0,54.0,3.0,1393.0,19.0,6.0,37.0
235316,2016,938.0,5.0,25.0,14.0,65.0,4.0,739.0,56.0,15.0,15.0,1118.0,6.0,30.0,14.0,84.0,7.0,875.0,63.0,18.0,21.0,770.0,18.0,47.0,20.0,65.0,5.0,1419.0,19.0,9.0,39.0
235316,2017,986.0,2.0,45.0,7.0,79.0,3.0,740.0,57.0,43.0,10.0,1130.0,4.0,46.0,7.0,91.0,3.0,837.0,69.0,52.0,21.0,760.0,17.0,51.0,16.0,65.0,4.0,1446.0,17.0,11.0,29.0
235316,2018,939.0,4.0,40.0,8.0,90.0,3.0,709.0,56.0,22.0,7.0,1094.0,4.0,49.0,11.0,107.0,4.0,808.0,69.0,26.0,16.0,794.0,16.0,51.0,23.0,71.0,5.0,1457.0,17.0,25.0,30.0
235316,2019,1044.0,8.0,52.0,12.0,97.0,2.0,779.0,60.0,24.0,10.0,1234.0,10.0,62.0,14.0,118.0,3.0,905.0,72.0,31.0,19.0,804.0,20.0,58.0,24.0,84.0,4.0,1474.0,20.0,35.0,30.0
235316,2020,921.0,4.0,56.0,10.0,99.0,1.0,674.0,39.0,27.0,11.0,1047.0,5.0,62.0,13.0,110.0,1.0,766.0,45.0,30.0,15.0,751.0,16.0,58.0,21.0,67.0,5.0,1331.0,17.0,49.0,43.0
235334,2016,68.0,1.0,0.0,0.0,4.0,1.0,61.0,0.0,1.0,0.0,182.0,10.0,1.0,0.0,14.0,1.0,141.0,11.0,4.0,0.0,150.0,1.0,3.0,1.0,3.0,0.0,227.0,0.0,0.0,0.0
235334,2017,72.0,0.0,0.0,0.0,9.0,0.0,58.0,4.0,1.0,0.0,194.0,5.0,1.0,1.0,19.0,2.0,148.0,16.0,2.0,0.0,137.0,2.0,3.0,1.0,4.0,0.0,224.0,0.0,0.0,0.0
235334,2018,36.0,1.0,1.0,0.0,3.0,0.0,25.0,4.0,1.0,1.0,109.0,4.0,2.0,3.0,15.0,1.0,74.0,6.0,2.0,2.0,142.0,1.0,5.0,1.0,8.0,0.0,226.0,1.0,0.0,0.0
235334,2019,67.0,0.0,2.0,0.0,5.0,0.0,56.0,3.0,1.0,0.0,246.0,2.0,3.0,1.0,29.0,1.0,178.0,30.0,2.0,0.0,101.0,1.0,3.0,4.0,15.0,1.0,201.0,1.0,0.0,0.0
235334,2020,94.0,3.0,1.0,1.0,9.0,1.0,68.0,8.0,3.0,0.0,285.0,8.0,2.0,6.0,42.0,1.0,184.0,35.0,7.0,0.0,108.0,3.0,4.0,8.0,3.0,0.0,196.0,0.0,0.0,0.0
235343,2014,203.0,1.0,15.0,5.0,8.0,0.0,157.0,7.0,10.0,0.0,665.0,7.0,38.0,31.0,38.0,6.0,481.0,33.0,31.0,0.0,304.0,12.0,61.0,27.0,18.0,2.0,598.0,2.0,34.0,0.0
235343,2015,245.0,3.0,9.0,8.0,12.0,1.0,185.0,13.0,14.0,0.0,687.0,8.0,31.0,34.0,40.0,7.0,478.0,53.0,36.0,0.0,334.0,13.0,71.0,26.0,28.0,4.0,585.0,4.0,62.0,0.0
235343,2016,253.0,0.0,18.0,12.0,12.0,0.0,178.0,22.0,11.0,0.0,694.0,4.0,37.0,48.0,40.0,1.0,474.0,61.0,29.0,0.0,315.0,14.0,78.0,30.0,29.0,5.0,564.0,3.0,64.0,0.0
235343,2017,201.0,4.0,10.0,7.0,10.0,0.0,156.0,7.0,7.0,0.0,625.0,8.0,36.0,40.0,41.0,4.0,432.0,34.0,30.0,0.0,327.0,11.0,78.0,41.0,27.0,6.0,549.0,6.0,58.0,0.0
235343,2018,205.0,2.0,12.0,8.0,23.0,1.0,124.0,19.0,16.0,0.0,554.0,8.0,33.0,30.0,58.0,8.0,320.0,52.0,45.0,0.0,322.0,9.0,77.0,42.0,22.0,5.0,533.0,5.0,67.0,0.0
235343,2019,230.0,1.0,19.0,4.0,17.0,3.0,152.0,21.0,13.0,0.0,602.0,4.0,46.0,32.0,60.0,6.0,353.0,67.0,34.0,0.0,400.0,4.0,49.0,29.0,29.0,8.0,594.0,0.0,146.0,0.0
235343,2020,224.0,0.0,20.0,9.0,27.0,0.0,127.0,20.0,21.0,0.0,594.0,2.0,41.0,43.0,61.0,4.0,327.0,66.0,49.0,1.0,302.0,8.0,72.0,35.0,26.0,8.0,507.0,6.0,72.0,0.0
235422,2010,22.0,0.0,0.0,0.0,0.0,0.0,0.0,0.0,0.0,0.0,98.0,0.0,0.0,0.0,0.0,0.0,0.0,0.0,2.0,0.0,,,,,,,,,,
235422,2011,11.0,3.0,0.0,0.0,7.0,0.0,1.0,0.0,0.0,0.0,75.0,10.0,0.0,1.0,57.0,0.0,7.0,0.0,0.0,0.0,,,,,,,,,,
235422,2012,18.0,1.0,0.0,0.0,17.0,0.0,0.0,0.0,0.0,0.0,84.0,8.0,1.0,0.0,73.0,0.0,2.0,0.0,0.0,0.0,120.0,19.0,4.0,5.0,82.0,2.0,194.0,3.0,17.0,0.0
235422,2013,14.0,0.0,0.0,0.0,12.0,0.0,2.0,0.0,0.0,0.0,76.0,12.0,0.0,0.0,58.0,0.0,6.0,0.0,0.0,0.0,117.0,16.0,4.0,6.0,88.0,3.0,173.0,4.0,22.0,0.0
235422,2014,11.0,0.0,0.0,0.0,9.0,0.0,1.0,1.0,0.0,0.0,58.0,11.0,0.0,0.0,42.0,0.0,3.0,1.0,1.0,0.0,123.0,14.0,4.0,7.0,93.0,2.0,194.0,4.0,13.0,0.0
235422,2015,17.0,1.0,0.0,0.0,15.0,0.0,0.0,1.0,0.0,0.0,94.0,14.0,0.0,1.0,71.0,0.0,5.0,2.0,1.0,0.0,130.0,17.0,3.0,8.0,103.0,2.0,200.0,4.0,4.0,2.0
235422,2016,17.0,2.0,0.0,0.0,12.0,0.0,2.0,1.0,0.0,0.0,101.0,22.0,0.0,0.0,68.0,0.0,8.0,1.0,2.0,0.0,125.0,14.0,4.0,8.0,91.0,2.0,193.0,8.0,11.0,2.0
235422,2017,25.0,1.0,0.0,0.0,19.0,0.0,2.0,3.0,0.0,0.0,111.0,21.0,0.0,0.0,77.0,0.0,9.0,3.0,1.0,0.0,132.0,14.0,6.0,7.0,97.0,2.0,210.0,6.0,11.0,0.0
235422,2018,25.0,1.0,0.0,0.0,23.0,0.0,1.0,0.0,0.0,0.0,81.0,9.0,1.0,1.0,68.0,0.0,2.0,0.0,0.0,0.0,124.0,18.0,8.0,4.0,93.0,2.0,178.0,7.0,3.0,2.0
235422,2019,30.0,0.0,0.0,0.0,27.0,0.0,3.0,0.0,0.0,0.0,74.0,4.0,0.0,1.0,58.0,0.0,11.0,0.0,0.0,0.0,136.0,18.0,6.0,5.0,92.0,2.0,209.0,9.0,3.0,7.0
235422,2020,50.0,0.0,0.0,0.0,45.0,0.0,1.0,1.0,0.0,3.0,121.0,2.0,0.0,0.0,100.0,0.0,7.0,7.0,0.0,5.0,155.0,20.0,11.0,8.0,113.0,1.0,227.0,14.0,2.0,8.0
235431,2014,124.0,0.0,24.0,10.0,7.0,2.0,64.0,7.0,10.0,0.0,437.0,3.0,66.0,43.0,30.0,5.0,205.0,26.0,56.0,3.0,,,,,,,,,,
235431,2015,142.0,0.0,25.0,7.0,12.0,1.0,69.0,13.0,15.0,0.0,463.0,4.0,59.0,49.0,44.0,10.0,210.0,45.0,42.0,0.0,331.0,2.0,135.0,74.0,55.0,5.0,550.0,5.0,3.0,1.0
235431,2016,142.0,0.0,23.0,18.0,8.0,3.0,69.0,10.0,10.0,1.0,434.0,1.0,54.0,66.0,37.0,5.0,190.0,39.0,41.0,1.0,331.0,3.0,146.0,83.0,55.0,8.0,537.0,4.0,4.0,2.0
235431,2017,131.0,1.0,27.0,8.0,11.0,2.0,63.0,11.0,8.0,0.0,442.0,3.0,62.0,61.0,45.0,6.0,184.0,45.0,34.0,2.0,314.0,5.0,142.0,89.0,61.0,15.0,502.0,5.0,4.0,2.0
235431,2018,92.0,0.0,25.0,4.0,6.0,1.0,41.0,10.0,5.0,0.0,287.0,1.0,49.0,33.0,30.0,3.0,104.0,46.0,21.0,0.0,321.0,6.0,134.0,87.0,60.0,10.0,580.0,1.0,4.0,1.0
235431,2019,108.0,2.0,20.0,6.0,15.0,1.0,45.0,12.0,6.0,1.0,330.0,5.0,54.0,37.0,49.0,5.0,122.0,32.0,25.0,1.0,264.0,5.0,96.0,62.0,38.0,9.0,457.0,2.0,1.0,1.0
235431,2020,138.0,0.0,39.0,10.0,14.0,0.0,46.0,16.0,13.0,0.0,360.0,4.0,70.0,45.0,48.0,7.0,113.0,41.0,31.0,1.0,239.0,3.0,99.0,66.0,44.0,9.0,433.0,1.0,1.0,1.0
235510,2010,22.0,0.0,0.0,0.0,0.0,0.0,12.0,0.0,2.0,0.0,82.0,0.0,0.0,8.0,0.0,0.0,55.0,0.0,2.0,0.0,,,,,,,,,,
235510,2011,21.0,0.0,4.0,0.0,1.0,0.0,15.0,0.0,1.0,0.0,86.0,3.0,19.0,5.0,5.0,0.0,52.0,0.0,2.0,0.0,,,,,,,,,,
235510,2012,23.0,0.0,4.0,1.0,2.0,0.0,16.0,0.0,0.0,0.0,58.0,3.0,12.0,2.0,5.0,0.0,36.0,0.0,0.0,0.0,66.0,0.0,9.0,5.0,7.0,0.0,76.0,1.0,1.0,0.0
235510,2013,13.0,0.0,3.0,2.0,0.0,0.0,8.0,0.0,0.0,0.0,39.0,0.0,7.0,3.0,0.0,0.0,27.0,0.0,2.0,0.0,40.0,0.0,7.0,5.0,8.0,0.0,47.0,0.0,2.0,0.0
235510,2014,29.0,1.0,7.0,1.0,3.0,0.0,15.0,0.0,2.0,0.0,68.0,1.0,12.0,10.0,8.0,0.0,35.0,0.0,2.0,0.0,49.0,0.0,11.0,7.0,6.0,0.0,44.0,2.0,7.0,0.0
235510,2015,36.0,1.0,1.0,6.0,1.0,1.0,23.0,3.0,0.0,0.0,96.0,2.0,6.0,13.0,7.0,4.0,53.0,8.0,3.0,0.0,45.0,0.0,9.0,5.0,4.0,0.0,44.0,0.0,6.0,0.0
235529,2010,20.0,0.0,0.0,0.0,0.0,0.0,19.0,0.0,0.0,0.0,59.0,0.0,0.0,3.0,0.0,0.0,44.0,0.0,0.0,0.0,,,,,,,,,,
235529,2011,21.0,0.0,0.0,1.0,2.0,0.0,18.0,0.0,0.0,0.0,69.0,0.0,1.0,3.0,6.0,0.0,59.0,0.0,0.0,0.0,,,,,,,,,,
235529,2012,25.0,1.0,1.0,0.0,2.0,0.0,21.0,0.0,0.0,0.0,67.0,3.0,1.0,0.0,7.0,0.0,56.0,0.0,0.0,0.0,51.0,1.0,1.0,1.0,2.0,0.0,71.0,0.0,0.0,0.0
235529,2013,14.0,0.0,0.0,0.0,4.0,0.0,10.0,0.0,0.0,0.0,47.0,0.0,0.0,0.0,7.0,0.0,40.0,0.0,0.0,0.0,32.0,1.0,1.0,1.0,2.0,0.0,41.0,1.0,1.0,0.0
235529,2014,22.0,1.0,0.0,1.0,0.0,0.0,19.0,0.0,1.0,0.0,75.0,2.0,1.0,2.0,3.0,0.0,65.0,0.0,2.0,0.0,47.0,1.0,1.0,1.0,1.0,0.0,56.0,2.0,1.0,0.0
235529,2015,48.0,2.0,0.0,2.0,2.0,0.0,42.0,0.0,0.0,0.0,100.0,7.0,1.0,3.0,4.0,0.0,80.0,2.0,3.0,0.0,47.0,1.0,1.0,1.0,0.0,0.0,56.0,2.0,1.0,0.0
235699,2010,40.0,0.0,0.0,0.0,3.0,6.0,28.0,0.0,3.0,0.0,227.0,4.0,0.0,4.0,14.0,17.0,178.0,0.0,9.0,1.0,,,,,,,,,,
235699,2011,42.0,0.0,7.0,0.0,2.0,0.0,29.0,0.0,3.0,1.0,200.0,2.0,17.0,2.0,12.0,0.0,158.0,0.0,8.0,1.0,,,,,,,,,,
235699,2012,43.0,0.0,3.0,1.0,0.0,0.0,30.0,0.0,6.0,3.0,199.0,0.0,12.0,4.0,9.0,0.0,147.0,0.0,20.0,7.0,138.0,0.0,34.0,8.0,16.0,1.0,359.0,8.0,0.0,1.0
235699,2013,30.0,0.0,3.0,0.0,3.0,0.0,23.0,0.0,1.0,0.0,149.0,2.0,11.0,1.0,12.0,0.0,114.0,0.0,9.0,0.0,140.0,1.0,33.0,6.0,16.0,2.0,349.0,13.0,0.0,1.0
235699,2014,65.0,0.0,3.0,1.0,4.0,0.0,51.0,1.0,2.0,3.0,224.0,2.0,11.0,4.0,14.0,0.0,177.0,2.0,10.0,4.0,146.0,3.0,33.0,10.0,18.0,4.0,342.0,12.0,0.0,1.0
235699,2015,84.0,0.0,7.0,2.0,4.0,1.0,63.0,2.0,5.0,0.0,260.0,3.0,14.0,2.0,17.0,1.0,190.0,11.0,20.0,2.0,146.0,2.0,38.0,12.0,23.0,3.0,335.0,12.0,0.0,1.0
235699,2016,47.0,0.0,1.0,1.0,4.0,1.0,32.0,1.0,6.0,1.0,170.0,1.0,9.0,6.0,12.0,1.0,113.0,6.0,19.0,3.0,146.0,3.0,31.0,14.0,20.0,4.0,335.0,15.0,0.0,1.0
235699,2017,51.0,0.0,3.0,3.0,4.0,0.0,33.0,3.0,5.0,0.0,148.0,1.0,7.0,6.0,16.0,1.0,99.0,5.0,12.0,1.0,153.0,3.0,33.0,13.0,19.0,4.0,332.0,12.0,0.0,2.0
235699,2018,54.0,1.0,3.0,1.0,9.0,0.0,38.0,1.0,1.0,0.0,139.0,1.0,5.0,2.0,18.0,0.0,98.0,9.0,5.0,1.0,156.0,1.0,32.0,18.0,19.0,2.0,341.0,13.0,0.0,2.0
235699,2019,46.0,0.0,3.0,1.0,2.0,0.0,37.0,1.0,2.0,0.0,164.0,1.0,11.0,3.0,11.0,1.0,112.0,12.0,13.0,0.0,161.0,2.0,40.0,15.0,24.0,3.0,338.0,15.0,0.0,3.0
235699,2020,59.0,0.0,1.0,1.0,6.0,0.0,47.0,1.0,3.0,0.0,152.0,0.0,5.0,3.0,18.0,1.0,107.0,5.0,12.0,1.0,142.0,1.0,36.0,14.0,24.0,2.0,316.0,18.0,0.0,2.0
235750,2019,92.0,0.0,2.0,0.0,10.0,0.0,76.0,1.0,3.0,0.0,239.0,2.0,5.0,2.0,27.0,0.0,189.0,5.0,9.0,0.0,120.0,4.0,6.0,5.0,20.0,2.0,373.0,0.0,10.0,0.0
235750,2020,72.0,3.0,1.0,0.0,2.0,0.0,56.0,4.0,6.0,0.0,255.0,4.0,3.0,2.0,25.0,0.0,189.0,14.0,18.0,0.0,121.0,2.0,6.0,4.0,15.0,1.0,365.0,14.0,12.0,0.0
235769,2010,15.0,0.0,0.0,0.0,0.0,0.0,0.0,0.0,0.0,0.0,18.0,0.0,0.0,0.0,0.0,0.0,0.0,0.0,0.0,0.0,,,,,,,,,,
235769,2011,17.0,0.0,0.0,0.0,0.0,0.0,17.0,0.0,0.0,0.0,23.0,0.0,1.0,1.0,0.0,0.0,21.0,0.0,0.0,0.0,,,,,,,,,,
235769,2012,13.0,0.0,0.0,1.0,0.0,0.0,12.0,0.0,0.0,0.0,31.0,0.0,0.0,3.0,0.0,0.0,28.0,0.0,0.0,0.0,,,,,,,,,,
235769,2013,24.0,0.0,1.0,0.0,0.0,0.0,23.0,0.0,0.0,0.0,28.0,0.0,1.0,0.0,2.0,0.0,25.0,0.0,0.0,0.0,24.0,0.0,2.0,1.0,0.0,0.0,44.0,0.0,0.0,0.0
235769,2014,6.0,0.0,0.0,0.0,0.0,0.0,6.0,0.0,0.0,0.0,14.0,0.0,0.0,0.0,0.0,0.0,14.0,0.0,0.0,0.0,,,,,,,,,,
235769,2015,12.0,2.0,1.0,1.0,3.0,0.0,5.0,0.0,0.0,0.0,15.0,2.0,1.0,2.0,3.0,0.0,7.0,0.0,0.0,0.0,21.0,0.0,1.0,1.0,2.0,0.0,29.0,1.0,0.0,0.0
236072,2013,29.0,1.0,5.0,0.0,1.0,0.0,12.0,0.0,10.0,0.0,118.0,1.0,18.0,14.0,5.0,0.0,47.0,0.0,33.0,0.0,221.0,5.0,64.0,39.0,25.0,0.0,391.0,6.0,15.0,2.0
236072,2014,35.0,0.0,3.0,1.0,1.0,0.0,22.0,5.0,3.0,0.0,121.0,4.0,9.0,8.0,6.0,0.0,66.0,11.0,17.0,0.0,218.0,5.0,71.0,42.0,28.0,2.0,388.0,8.0,27.0,4.0
236072,2015,29.0,0.0,6.0,1.0,2.0,0.0,14.0,2.0,4.0,0.0,135.0,0.0,21.0,7.0,10.0,0.0,62.0,13.0,22.0,0.0,228.0,5.0,77.0,36.0,26.0,4.0,399.0,6.0,31.0,3.0
236072,2016,34.0,0.0,4.0,2.0,0.0,0.0,19.0,2.0,5.0,2.0,137.0,1.0,11.0,10.0,12.0,0.0,70.0,14.0,17.0,2.0,237.0,6.0,76.0,36.0,24.0,4.0,412.0,8.0,28.0,5.0
236072,2017,31.0,0.0,4.0,1.0,1.0,0.0,18.0,3.0,3.0,1.0,120.0,0.0,11.0,8.0,8.0,1.0,63.0,11.0,17.0,1.0,221.0,7.0,72.0,32.0,20.0,3.0,365.0,6.0,31.0,3.0
236072,2018,33.0,1.0,2.0,0.0,2.0,0.0,19.0,3.0,6.0,0.0,97.0,1.0,7.0,8.0,8.0,1.0,44.0,13.0,15.0,0.0,209.0,5.0,64.0,41.0,20.0,3.0,341.0,6.0,37.0,2.0
236072,2019,25.0,0.0,6.0,1.0,2.0,0.0,13.0,2.0,1.0,0.0,99.0,1.0,15.0,8.0,8.0,1.0,46.0,13.0,6.0,1.0,201.0,4.0,56.0,38.0,19.0,3.0,336.0,4.0,42.0,4.0
236072,2020,34.0,1.0,6.0,0.0,4.0,0.0,13.0,6.0,4.0,0.0,113.0,3.0,13.0,4.0,17.0,0.0,49.0,14.0,13.0,0.0,200.0,4.0,56.0,38.0,19.0,3.0,336.0,4.0,41.0,4.0
236133,2010,77.0,0.0,0.0,0.0,0.0,0.0,0.0,0.0,1.0,0.0,138.0,0.0,0.0,0.0,0.0,0.0,0.0,0.0,4.0,0.0,,,,,,,,,,
236133,2011,108.0,2.0,4.0,2.0,1.0,1.0,74.0,1.0,22.0,1.0,213.0,5.0,8.0,5.0,2.0,1.0,140.0,3.0,44.0,5.0,,,,,,,,,,
236133,2012,89.0,0.0,5.0,0.0,8.0,0.0,62.0,3.0,10.0,1.0,186.0,1.0,9.0,5.0,12.0,0.0,131.0,9.0,18.0,1.0,,,,,,,,,,
236133,2013,76.0,0.0,8.0,2.0,4.0,0.0,55.0,1.0,4.0,2.0,177.0,2.0,15.0,6.0,8.0,0.0,131.0,5.0,7.0,3.0,208.0,3.0,15.0,8.0,13.0,0.0,355.0,8.0,3.0,0.0
236133,2014,105.0,0.0,7.0,2.0,3.0,0.0,78.0,6.0,9.0,0.0,198.0,0.0,14.0,6.0,12.0,0.0,139.0,10.0,17.0,0.0,,,,,,,,,,
236133,2015,98.0,1.0,10.0,2.0,8.0,0.0,43.0,2.0,29.0,3.0,191.0,1.0,18.0,11.0,12.0,0.0,96.0,6.0,44.0,3.0,223.0,2.0,18.0,6.0,16.0,0.0,387.0,7.0,3.0,0.0
236133,2016,96.0,2.0,5.0,4.0,7.0,0.0,72.0,5.0,1.0,0.0,172.0,5.0,9.0,9.0,12.0,0.0,125.0,10.0,1.0,1.0,181.0,2.0,20.0,10.0,6.0,0.0,341.0,13.0,3.0,0.0
236133,2017,103.0,1.0,4.0,1.0,7.0,0.0,82.0,5.0,0.0,3.0,175.0,2.0,6.0,7.0,11.0,1.0,133.0,8.0,2.0,5.0,175.0,2.0,20.0,14.0,9.0,0.0,318.0,18.0,0.0,0.0
236133,2018,117.0,0.0,4.0,2.0,10.0,2.0,91.0,4.0,0.0,4.0,211.0,2.0,11.0,6.0,20.0,4.0,154.0,9.0,1.0,4.0,173.0,1.0,18.0,13.0,10.0,0.0,335.0,18.0,1.0,0.0
236133,2019,116.0,0.0,2.0,2.0,7.0,1.0,92.0,8.0,0.0,4.0,201.0,0.0,10.0,5.0,11.0,2.0,160.0,9.0,0.0,4.0,181.0,1.0,30.0,12.0,6.0,1.0,336.0,18.0,4.0,0.0
236133,2020,138.0,4.0,12.0,7.0,10.0,1.0,98.0,5.0,0.0,1.0,239.0,5.0,18.0,12.0,21.0,6.0,159.0,11.0,3.0,4.0,170.0,4.0,28.0,7.0,6.0,1.0,331.0,16.0,8.0,0.0
236188,2010,107.0,2.0,0.0,3.0,5.0,7.0,75.0,0.0,15.0,0.0,393.0,8.0,0.0,15.0,22.0,33.0,268.0,0.0,47.0,0.0,,,,,,,,,,
236188,2011,114.0,0.0,5.0,2.0,6.0,0.0,82.0,0.0,17.0,2.0,382.0,3.0,28.0,10.0,24.0,0.0,263.0,0.0,51.0,3.0,,,,,,,,,,
236188,2012,110.0,3.0,6.0,1.0,5.0,0.0,79.0,0.0,16.0,0.0,376.0,11.0,25.0,10.0,26.0,0.0,256.0,0.0,48.0,0.0,229.0,9.0,23.0,19.0,8.0,7.0,528.0,3.0,1.0,0.0
236188,2013,87.0,2.0,5.0,4.0,3.0,0.0,58.0,0.0,10.0,5.0,404.0,5.0,21.0,16.0,18.0,0.0,282.0,0.0,53.0,9.0,372.0,11.0,41.0,31.0,28.0,10.0,791.0,0.0,0.0,0.0
236188,2014,121.0,2.0,6.0,2.0,7.0,2.0,86.0,9.0,5.0,2.0,436.0,6.0,23.0,13.0,26.0,10.0,305.0,25.0,25.0,3.0,,,,,,,,,,
236188,2015,147.0,1.0,14.0,4.0,8.0,1.0,99.0,11.0,9.0,0.0,527.0,6.0,29.0,17.0,35.0,4.0,356.0,40.0,35.0,5.0,223.0,9.0,35.0,18.0,19.0,10.0,503.0,5.0,0.0,0.0
236188,2016,156.0,3.0,15.0,4.0,9.0,0.0,111.0,6.0,5.0,3.0,575.0,9.0,48.0,21.0,42.0,1.0,393.0,31.0,24.0,6.0,229.0,8.0,35.0,23.0,20.0,9.0,510.0,10.0,0.0,0.0
236188,2017,101.0,0.0,4.0,2.0,6.0,1.0,70.0,6.0,7.0,5.0,479.0,3.0,14.0,14.0,42.0,6.0,318.0,36.0,33.0,13.0,229.0,7.0,33.0,25.0,21.0,12.0,494.0,9.0,3.0,0.0
236188,2018,100.0,0.0,6.0,3.0,7.0,3.0,73.0,5.0,2.0,1.0,415.0,4.0,18.0,20.0,27.0,8.0,270.0,40.0,18.0,10.0,212.0,8.0,31.0,20.0,23.0,7.0,487.0,8.0,7.0,0.0
236188,2019,91.0,2.0,6.0,2.0,3.0,0.0,59.0,8.0,3.0,8.0,382.0,8.0,19.0,15.0,31.0,5.0,235.0,38.0,16.0,15.0,242.0,10.0,29.0,24.0,26.0,12.0,515.0,13.0,13.0,0.0
236188,2020,131.0,0.0,4.0,1.0,4.0,1.0,86.0,14.0,5.0,16.0,443.0,2.0,16.0,16.0,35.0,8.0,279.0,44.0,19.0,24.0,318.0,6.0,36.0,21.0,18.0,9.0,629.0,73.0,33.0,0.0
236230,2010,462.0,1.0,22.0,2.0,11.0,0.0,379.0,2.0,40.0,5.0,697.0,4.0,34.0,9.0,26.0,1.0,540.0,3.0,72.0,8.0,,,,,,,,,,
236230,2011,456.0,1.0,15.0,7.0,11.0,2.0,392.0,8.0,17.0,3.0,687.0,10.0,33.0,9.0,19.0,3.0,550.0,11.0,45.0,7.0,,,,,,,,,,
236230,2012,466.0,4.0,19.0,6.0,17.0,4.0,382.0,22.0,5.0,7.0,668.0,5.0,41.0,11.0,20.0,8.0,517.0,25.0,32.0,9.0,299.0,5.0,43.0,17.0,28.0,1.0,595.0,21.0,0.0,3.0
236230,2013,503.0,2.0,25.0,6.0,30.0,2.0,401.0,28.0,4.0,5.0,714.0,10.0,48.0,17.0,40.0,4.0,533.0,33.0,20.0,9.0,312.0,6.0,44.0,21.0,29.0,2.0,626.0,22.0,0.0,2.0
236230,2014,484.0,2.0,21.0,7.0,17.0,4.0,400.0,27.0,1.0,5.0,712.0,4.0,39.0,19.0,36.0,8.0,553.0,31.0,16.0,6.0,429.0,9.0,49.0,30.0,44.0,3.0,821.0,26.0,3.0,2.0
236230,2015,484.0,1.0,19.0,6.0,17.0,1.0,399.0,32.0,1.0,8.0,712.0,3.0,36.0,22.0,31.0,3.0,557.0,43.0,2.0,15.0,403.0,7.0,53.0,24.0,46.0,3.0,762.0,30.0,4.0,2.0
236230,2016,487.0,3.0,23.0,8.0,30.0,4.0,373.0,36.0,3.0,7.0,687.0,6.0,35.0,17.0,42.0,6.0,512.0,53.0,4.0,12.0,375.0,7.0,49.0,31.0,41.0,4.0,711.0,33.0,3.0,5.0
236230,2017,515.0,5.0,25.0,11.0,32.0,0.0,406.0,29.0,4.0,3.0,731.0,8.0,56.0,22.0,44.0,3.0,543.0,46.0,6.0,3.0,359.0,7.0,52.0,22.0,44.0,2.0,695.0,32.0,3.0,5.0
236230,2018,425.0,3.0,30.0,7.0,34.0,1.0,313.0,28.0,4.0,5.0,633.0,8.0,48.0,13.0,52.0,6.0,441.0,55.0,4.0,6.0,348.0,9.0,51.0,28.0,39.0,3.0,662.0,34.0,3.0,4.0
236230,2019,449.0,0.0,33.0,8.0,37.0,0.0,328.0,36.0,2.0,5.0,649.0,4.0,49.0,28.0,56.0,2.0,448.0,52.0,4.0,6.0,368.0,8.0,55.0,26.0,45.0,3.0,674.0,35.0,8.0,7.0
236230,2020,409.0,4.0,39.0,5.0,43.0,5.0,279.0,29.0,0.0,5.0,574.0,5.0,48.0,16.0,58.0,10.0,380.0,47.0,0.0,10.0,332.0,7.0,50.0,25.0,39.0,2.0,616.0,32.0,8.0,6.0
236258,2010,45.0,1.0,0.0,0.0,2.0,0.0,35.0,0.0,2.0,5.0,136.0,3.0,0.0,2.0,7.0,3.0,102.0,0.0,10.0,9.0,,,,,,,,,,
236258,2011,37.0,1.0,0.0,0.0,1.0,0.0,29.0,0.0,5.0,1.0,134.0,1.0,1.0,3.0,4.0,0.0,101.0,0.0,23.0,1.0,,,,,,,,,,
236258,2012,29.0,0.0,0.0,0.0,0.0,0.0,23.0,0.0,3.0,3.0,101.0,2.0,2.0,1.0,2.0,0.0,76.0,0.0,11.0,7.0,105.0,6.0,4.0,0.0,7.0,1.0,241.0,4.0,0.0,0.0
236258,2013,32.0,0.0,1.0,0.0,0.0,0.0,23.0,0.0,3.0,5.0,115.0,3.0,2.0,0.0,5.0,0.0,76.0,0.0,14.0,15.0,109.0,5.0,4.0,0.0,8.0,1.0,246.0,4.0,0.0,0.0
236258,2014,36.0,2.0,0.0,0.0,3.0,0.0,23.0,1.0,1.0,6.0,124.0,5.0,1.0,1.0,11.0,0.0,86.0,8.0,6.0,6.0,109.0,7.0,5.0,1.0,9.0,1.0,252.0,5.0,0.0,0.0
236258,2015,36.0,0.0,1.0,0.0,7.0,0.0,22.0,2.0,3.0,1.0,111.0,3.0,1.0,0.0,11.0,0.0,79.0,6.0,8.0,3.0,114.0,6.0,5.0,1.0,9.0,1.0,252.0,6.0,1.0,0.0
236258,2016,43.0,0.0,0.0,0.0,3.0,0.0,26.0,3.0,5.0,6.0,149.0,3.0,2.0,0.0,10.0,0.0,96.0,15.0,13.0,10.0,114.0,6.0,5.0,1.0,9.0,1.0,252.0,6.0,1.0,0.0
236258,2017,43.0,1.0,2.0,0.0,1.0,0.0,28.0,5.0,2.0,4.0,150.0,9.0,3.0,2.0,20.0,0.0,84.0,14.0,6.0,12.0,116.0,4.0,8.0,0.0,9.0,1.0,253.0,4.0,0.0,0.0
236258,2018,54.0,4.0,0.0,1.0,2.0,0.0,31.0,4.0,2.0,10.0,143.0,11.0,0.0,8.0,20.0,0.0,65.0,14.0,5.0,20.0,114.0,4.0,7.0,1.0,9.0,1.0,239.0,4.0,1.0,0.0
236258,2019,82.0,1.0,2.0,1.0,5.0,2.0,45.0,10.0,2.0,14.0,178.0,6.0,3.0,6.0,15.0,2.0,94.0,21.0,6.0,25.0,111.0,4.0,7.0,1.0,7.0,1.0,230.0,4.0,1.0,0.0
236258,2020,84.0,2.0,2.0,3.0,9.0,0.0,37.0,10.0,6.0,15.0,184.0,6.0,3.0,5.0,23.0,0.0,88.0,25.0,11.0,23.0,125.0,3.0,8.0,3.0,5.0,2.0,256.0,11.0,11.0,0.0
236328,2010,534.0,0.0,0.0,0.0,0.0,0.0,0.0,0.0,51.0,0.0,671.0,0.0,0.0,0.0,0.0,0.0,0.0,0.0,66.0,0.0,,,,,,,,,,
236328,2011,490.0,5.0,38.0,20.0,22.0,1.0,374.0,0.0,28.0,2.0,669.0,9.0,53.0,24.0,30.0,3.0,497.0,0.0,49.0,4.0,,,,,,,,,,
236328,2012,521.0,10.0,48.0,10.0,13.0,6.0,408.0,0.0,24.0,2.0,677.0,12.0,62.0,19.0,21.0,6.0,522.0,0.0,33.0,2.0,360.0,4.0,37.0,31.0,30.0,9.0,605.0,22.0,68.0,14.0
236328,2013,501.0,5.0,49.0,11.0,22.0,8.0,366.0,0.0,40.0,0.0,641.0,8.0,55.0,15.0,28.0,10.0,473.0,0.0,52.0,0.0,357.0,2.0,32.0,28.0,32.0,8.0,596.0,36.0,82.0,14.0
236328,2014,514.0,0.0,27.0,4.0,19.0,0.0,420.0,35.0,6.0,3.0,676.0,2.0,32.0,6.0,35.0,1.0,540.0,50.0,6.0,4.0,348.0,2.0,42.0,28.0,32.0,8.0,593.0,28.0,93.0,17.0
236328,2015,563.0,2.0,32.0,5.0,27.0,1.0,443.0,46.0,4.0,3.0,719.0,3.0,37.0,12.0,43.0,1.0,547.0,67.0,5.0,4.0,351.0,3.0,39.0,29.0,36.0,9.0,595.0,26.0,97.0,19.0
236328,2016,499.0,1.0,29.0,4.0,31.0,1.0,401.0,32.0,0.0,0.0,625.0,1.0,37.0,6.0,42.0,1.0,495.0,42.0,0.0,1.0,362.0,2.0,54.0,35.0,38.0,7.0,599.0,34.0,84.0,7.0
236328,2017,534.0,0.0,27.0,2.0,38.0,0.0,422.0,41.0,2.0,2.0,684.0,1.0,32.0,3.0,50.0,0.0,534.0,60.0,2.0,2.0,356.0,1.0,51.0,45.0,35.0,7.0,594.0,33.0,83.0,4.0
236328,2018,477.0,1.0,34.0,3.0,35.0,0.0,346.0,56.0,0.0,2.0,631.0,2.0,50.0,7.0,49.0,0.0,450.0,71.0,0.0,2.0,351.0,1.0,45.0,43.0,33.0,7.0,596.0,30.0,78.0,9.0
236328,2019,508.0,1.0,46.0,4.0,33.0,0.0,372.0,45.0,6.0,1.0,667.0,1.0,62.0,4.0,43.0,0.0,490.0,58.0,7.0,2.0,341.0,1.0,43.0,43.0,37.0,6.0,582.0,33.0,77.0,8.0
236328,2020,511.0,0.0,37.0,6.0,32.0,0.0,397.0,33.0,4.0,2.0,663.0,0.0,48.0,7.0,51.0,0.0,494.0,54.0,6.0,3.0,321.0,1.0,43.0,46.0,27.0,6.0,566.0,29.0,71.0,6.0
236382,2015,82.0,0.0,6.0,2.0,8.0,0.0,51.0,6.0,9.0,0.0,147.0,0.0,12.0,15.0,12.0,0.0,87.0,8.0,12.0,1.0,200.0,2.0,49.0,34.0,14.0,1.0,341.0,16.0,0.0,0.0
236382,2016,97.0,2.0,9.0,10.0,3.0,0.0,61.0,0.0,12.0,0.0,158.0,2.0,16.0,18.0,11.0,0.0,89.0,1.0,21.0,0.0,220.0,2.0,56.0,42.0,18.0,1.0,341.0,23.0,1.0,0.0
236382,2017,94.0,1.0,16.0,12.0,8.0,1.0,44.0,3.0,9.0,0.0,150.0,2.0,20.0,21.0,14.0,2.0,72.0,5.0,14.0,0.0,201.0,1.0,53.0,44.0,23.0,2.0,295.0,24.0,16.0,0.0
236382,2018,94.0,1.0,16.0,9.0,6.0,1.0,52.0,4.0,5.0,0.0,164.0,2.0,21.0,21.0,12.0,1.0,90.0,8.0,9.0,0.0,159.0,2.0,42.0,43.0,13.0,3.0,238.0,21.0,12.0,0.0
236382,2019,85.0,0.0,12.0,8.0,12.0,0.0,43.0,6.0,4.0,0.0,134.0,0.0,20.0,12.0,18.0,2.0,64.0,11.0,7.0,0.0,166.0,2.0,43.0,45.0,12.0,2.0,237.0,25.0,7.0,0.0
236382,2020,79.0,0.0,13.0,7.0,11.0,0.0,37.0,6.0,5.0,0.0,139.0,1.0,24.0,17.0,17.0,0.0,64.0,9.0,7.0,0.0,154.0,3.0,49.0,47.0,14.0,3.0,223.0,21.0,5.0,0.0
236452,2010,64.0,2.0,7.0,5.0,6.0,0.0,41.0,1.0,1.0,1.0,133.0,4.0,15.0,9.0,13.0,0.0,80.0,2.0,2.0,8.0,,,,,,,,,,
236452,2011,85.0,1.0,9.0,1.0,6.0,2.0,57.0,1.0,4.0,4.0,176.0,2.0,19.0,4.0,11.0,4.0,118.0,2.0,9.0,7.0,,,,,,,,,,
236452,2012,113.0,0.0,8.0,3.0,7.0,1.0,82.0,8.0,2.0,2.0,208.0,2.0,20.0,7.0,20.0,3.0,138.0,13.0,3.0,2.0,178.0,3.0,16.0,8.0,10.0,5.0,245.0,8.0,76.0,0.0
236452,2013,116.0,3.0,11.0,8.0,5.0,8.0,62.0,15.0,4.0,0.0,243.0,4.0,24.0,18.0,17.0,14.0,139.0,19.0,8.0,0.0,177.0,3.0,17.0,10.0,8.0,1.0,233.0,0.0,103.0,0.0
236452,2014,94.0,1.0,6.0,4.0,10.0,4.0,59.0,9.0,1.0,0.0,197.0,3.0,18.0,12.0,22.0,6.0,116.0,17.0,3.0,0.0,,,,,,,,,,
236452,2015,88.0,0.0,7.0,2.0,11.0,7.0,51.0,8.0,2.0,0.0,178.0,1.0,12.0,16.0,24.0,9.0,99.0,12.0,5.0,0.0,167.0,2.0,18.0,12.0,11.0,1.0,250.0,3.0,66.0,0.0
236452,2016,131.0,1.0,12.0,4.0,19.0,1.0,79.0,11.0,3.0,1.0,237.0,2.0,21.0,16.0,32.0,4.0,136.0,19.0,6.0,1.0,180.0,2.0,20.0,19.0,12.0,2.0,259.0,4.0,53.0,0.0
236452,2017,136.0,0.0,9.0,4.0,21.0,0.0,89.0,11.0,1.0,1.0,230.0,0.0,13.0,16.0,36.0,7.0,132.0,22.0,3.0,1.0,194.0,2.0,28.0,16.0,16.0,4.0,321.0,3.0,0.0,0.0
236452,2018,141.0,1.0,7.0,4.0,23.0,4.0,82.0,13.0,5.0,2.0,229.0,1.0,12.0,7.0,39.0,12.0,125.0,23.0,8.0,2.0,194.0,3.0,19.0,15.0,11.0,2.0,272.0,8.0,55.0,1.0
236452,2019,106.0,0.0,7.0,3.0,19.0,1.0,60.0,9.0,6.0,1.0,158.0,0.0,11.0,6.0,24.0,4.0,87.0,17.0,8.0,1.0,174.0,4.0,23.0,14.0,15.0,1.0,294.0,6.0,9.0,0.0
236452,2020,94.0,1.0,6.0,4.0,13.0,7.0,52.0,7.0,0.0,4.0,153.0,1.0,9.0,5.0,23.0,12.0,83.0,14.0,2.0,4.0,181.0,4.0,24.0,15.0,12.0,1.0,280.0,6.0,34.0,0.0
236504,2010,27.0,0.0,0.0,3.0,2.0,12.0,9.0,0.0,1.0,0.0,130.0,3.0,0.0,19.0,12.0,41.0,51.0,0.0,3.0,1.0,,,,,,,,,,
236504,2011,38.0,1.0,8.0,3.0,3.0,0.0,20.0,0.0,3.0,0.0,193.0,4.0,27.0,19.0,14.0,0.0,83.0,0.0,12.0,34.0,,,,,,,,,,
236504,2012,20.0,0.0,2.0,1.0,0.0,0.0,13.0,0.0,3.0,1.0,166.0,2.0,34.0,24.0,14.0,0.0,62.0,0.0,16.0,14.0,215.0,7.0,57.0,36.0,26.0,2.0,355.0,7.0,3.0,0.0
236504,2013,42.0,0.0,13.0,5.0,5.0,0.0,8.0,0.0,10.0,1.0,146.0,2.0,28.0,24.0,20.0,0.0,50.0,0.0,21.0,1.0,233.0,8.0,62.0,40.0,32.0,3.0,363.0,6.0,5.0,0.0
236504,2014,41.0,1.0,6.0,6.0,3.0,0.0,17.0,2.0,6.0,0.0,157.0,5.0,31.0,27.0,15.0,0.0,55.0,9.0,15.0,0.0,243.0,9.0,72.0,42.0,29.0,2.0,358.0,9.0,18.0,0.0
236504,2015,63.0,1.0,14.0,8.0,5.0,0.0,21.0,1.0,10.0,3.0,156.0,5.0,26.0,22.0,14.0,0.0,58.0,4.0,24.0,3.0,247.0,7.0,74.0,44.0,34.0,7.0,361.0,9.0,19.0,0.0
236504,2016,63.0,0.0,7.0,8.0,4.0,0.0,29.0,3.0,11.0,1.0,162.0,1.0,25.0,23.0,15.0,1.0,62.0,8.0,25.0,2.0,259.0,5.0,70.0,46.0,34.0,7.0,361.0,5.0,18.0,0.0
236504,2017,85.0,1.0,13.0,17.0,10.0,1.0,26.0,5.0,12.0,0.0,208.0,2.0,32.0,39.0,26.0,6.0,66.0,15.0,22.0,0.0,239.0,3.0,67.0,50.0,27.0,6.0,329.0,7.0,22.0,0.0
236504,2018,64.0,1.0,11.0,6.0,10.0,1.0,22.0,5.0,6.0,2.0,203.0,2.0,32.0,28.0,25.0,6.0,75.0,16.0,16.0,3.0,219.0,4.0,63.0,46.0,29.0,4.0,290.0,7.0,28.0,0.0
236504,2019,63.0,2.0,13.0,10.0,5.0,1.0,18.0,8.0,5.0,1.0,193.0,4.0,35.0,33.0,27.0,1.0,53.0,25.0,13.0,2.0,206.0,4.0,58.0,40.0,22.0,4.0,276.0,7.0,35.0,1.0
236504,2020,75.0,0.0,19.0,7.0,12.0,2.0,22.0,8.0,5.0,0.0,188.0,0.0,38.0,20.0,32.0,3.0,56.0,23.0,16.0,0.0,206.0,4.0,58.0,40.0,22.0,4.0,276.0,7.0,35.0,1.0
236513,2010,89.0,1.0,0.0,7.0,2.0,18.0,35.0,0.0,6.0,20.0,365.0,3.0,0.0,35.0,16.0,44.0,185.0,0.0,41.0,41.0,,,,,,,,,,
236513,2011,103.0,0.0,12.0,2.0,2.0,0.0,32.0,0.0,7.0,48.0,317.0,1.0,44.0,26.0,9.0,0.0,138.0,0.0,27.0,72.0,,,,,,,,,,
236513,2012,30.0,0.0,7.0,0.0,1.0,0.0,19.0,0.0,3.0,0.0,255.0,1.0,49.0,31.0,15.0,0.0,126.0,0.0,31.0,2.0,374.0,5.0,131.0,110.0,37.0,4.0,552.0,10.0,19.0,2.0
236513,2013,66.0,2.0,20.0,5.0,4.0,0.0,24.0,0.0,7.0,4.0,267.0,5.0,49.0,33.0,17.0,0.0,115.0,0.0,41.0,7.0,374.0,4.0,143.0,106.0,36.0,4.0,562.0,8.0,28.0,1.0
236513,2014,69.0,0.0,13.0,7.0,2.0,1.0,34.0,3.0,3.0,6.0,281.0,0.0,38.0,40.0,18.0,1.0,149.0,16.0,12.0,7.0,396.0,4.0,146.0,111.0,45.0,5.0,571.0,11.0,47.0,1.0
236513,2015,67.0,1.0,13.0,7.0,9.0,0.0,29.0,4.0,2.0,2.0,298.0,2.0,46.0,49.0,29.0,0.0,121.0,38.0,11.0,2.0,375.0,6.0,141.0,116.0,40.0,5.0,558.0,11.0,39.0,2.0
236513,2016,65.0,0.0,10.0,4.0,8.0,0.0,29.0,8.0,5.0,1.0,278.0,4.0,34.0,36.0,30.0,1.0,128.0,33.0,11.0,1.0,372.0,5.0,146.0,120.0,38.0,6.0,526.0,11.0,48.0,1.0
236513,2017,63.0,2.0,13.0,8.0,6.0,1.0,23.0,5.0,5.0,0.0,255.0,6.0,42.0,36.0,21.0,3.0,100.0,27.0,20.0,0.0,351.0,3.0,145.0,122.0,38.0,5.0,491.0,15.0,48.0,2.0
236513,2018,56.0,1.0,9.0,8.0,5.0,0.0,19.0,9.0,5.0,0.0,208.0,3.0,36.0,39.0,23.0,2.0,79.0,17.0,9.0,0.0,362.0,4.0,151.0,118.0,44.0,5.0,486.0,13.0,62.0,3.0
236513,2019,52.0,1.0,13.0,11.0,3.0,0.0,18.0,3.0,3.0,0.0,158.0,1.0,23.0,35.0,11.0,1.0,60.0,19.0,7.0,1.0,380.0,4.0,139.0,106.0,44.0,5.0,491.0,13.0,90.0,1.0
236513,2020,51.0,0.0,16.0,7.0,2.0,0.0,20.0,2.0,3.0,1.0,187.0,2.0,28.0,30.0,14.0,0.0,68.0,29.0,14.0,2.0,380.0,4.0,139.0,106.0,44.0,5.0,491.0,13.0,90.0,1.0
236577,2010,450.0,0.0,0.0,0.0,0.0,0.0,0.0,0.0,26.0,1.0,633.0,0.0,0.0,0.0,0.0,0.0,0.0,0.0,41.0,4.0,,,,,,,,,,
236577,2011,526.0,2.0,20.0,6.0,17.0,0.0,444.0,5.0,31.0,1.0,710.0,6.0,29.0,8.0,21.0,0.0,596.0,5.0,43.0,2.0,,,,,,,,,,
236577,2012,448.0,4.0,16.0,6.0,13.0,0.0,379.0,17.0,12.0,1.0,622.0,7.0,28.0,10.0,17.0,0.0,514.0,19.0,26.0,1.0,351.0,0.0,37.0,16.0,17.0,3.0,669.0,18.0,40.0,2.0
236577,2013,494.0,5.0,27.0,8.0,25.0,0.0,376.0,40.0,13.0,0.0,716.0,7.0,41.0,12.0,34.0,0.0,548.0,46.0,28.0,0.0,346.0,1.0,39.0,21.0,15.0,1.0,668.0,20.0,51.0,3.0
236577,2014,535.0,1.0,29.0,7.0,21.0,1.0,423.0,33.0,20.0,0.0,712.0,1.0,38.0,12.0,25.0,1.0,563.0,42.0,27.0,3.0,345.0,1.0,40.0,21.0,19.0,1.0,644.0,22.0,65.0,5.0
236577,2015,487.0,2.0,40.0,13.0,30.0,0.0,358.0,29.0,11.0,4.0,682.0,5.0,62.0,25.0,46.0,0.0,484.0,42.0,14.0,4.0,351.0,2.0,45.0,23.0,22.0,1.0,626.0,24.0,82.0,3.0
236577,2016,515.0,1.0,43.0,10.0,28.0,0.0,396.0,28.0,6.0,3.0,726.0,1.0,57.0,21.0,42.0,0.0,549.0,46.0,7.0,3.0,337.0,4.0,47.0,24.0,22.0,0.0,640.0,19.0,92.0,4.0
236577,2017,522.0,2.0,56.0,14.0,39.0,0.0,370.0,29.0,6.0,6.0,760.0,2.0,83.0,23.0,61.0,0.0,525.0,50.0,7.0,9.0,337.0,3.0,50.0,28.0,28.0,1.0,620.0,25.0,83.0,15.0
236577,2018,532.0,3.0,56.0,21.0,44.0,0.0,358.0,41.0,4.0,5.0,784.0,4.0,82.0,32.0,76.0,0.0,509.0,69.0,5.0,7.0,354.0,3.0,61.0,31.0,31.0,1.0,615.0,20.0,79.0,20.0
236577,2019,518.0,0.0,58.0,13.0,45.0,0.0,343.0,51.0,1.0,7.0,767.0,1.0,84.0,21.0,71.0,1.0,497.0,79.0,1.0,12.0,355.0,4.0,69.0,35.0,35.0,1.0,589.0,20.0,90.0,31.0
236577,2020,446.0,0.0,52.0,9.0,45.0,1.0,293.0,35.0,0.0,11.0,681.0,1.0,79.0,17.0,70.0,4.0,432.0,56.0,3.0,19.0,341.0,3.0,71.0,29.0,38.0,0.0,573.0,20.0,86.0,31.0
236595,2010,533.0,0.0,0.0,0.0,0.0,0.0,0.0,0.0,34.0,12.0,719.0,0.0,0.0,0.0,0.0,0.0,0.0,0.0,41.0,15.0,,,,,,,,,,
236595,2011,522.0,5.0,119.0,28.0,41.0,0.0,296.0,0.0,26.0,7.0,739.0,9.0,166.0,35.0,55.0,0.0,425.0,0.0,39.0,10.0,,,,,,,,,,
236595,2012,568.0,11.0,137.0,21.0,58.0,0.0,296.0,0.0,27.0,18.0,731.0,18.0,172.0,25.0,69.0,0.0,394.0,0.0,34.0,19.0,633.0,4.0,116.0,63.0,62.0,13.0,922.0,16.0,303.0,9.0
236595,2013,564.0,4.0,124.0,27.0,48.0,0.0,303.0,0.0,37.0,21.0,736.0,7.0,148.0,38.0,66.0,0.0,399.0,0.0,52.0,26.0,653.0,6.0,129.0,64.0,63.0,12.0,932.0,9.0,299.0,1.0
236595,2014,684.0,10.0,121.0,41.0,56.0,0.0,416.0,0.0,25.0,15.0,881.0,14.0,160.0,52.0,71.0,0.0,522.0,10.0,29.0,23.0,668.0,7.0,124.0,58.0,68.0,16.0,933.0,11.0,260.0,1.0
236595,2015,575.0,7.0,129.0,25.0,53.0,0.0,289.0,0.0,54.0,18.0,730.0,12.0,152.0,30.0,66.0,0.0,375.0,1.0,68.0,26.0,653.0,12.0,159.0,70.0,74.0,12.0,932.0,10.0,253.0,1.0
236595,2016,773.0,2.0,136.0,23.0,88.0,10.0,417.0,68.0,22.0,7.0,1037.0,3.0,169.0,35.0,116.0,11.0,566.0,97.0,29.0,11.0,662.0,12.0,162.0,73.0,88.0,9.0,959.0,15.0,249.0,2.0
236595,2017,651.0,2.0,123.0,10.0,45.0,1.0,369.0,49.0,35.0,17.0,870.0,5.0,155.0,21.0,69.0,2.0,489.0,59.0,43.0,27.0,632.0,11.0,168.0,73.0,96.0,93.0,808.0,37.0,250.0,1.0
236595,2018,664.0,3.0,123.0,14.0,66.0,3.0,347.0,54.0,33.0,21.0,901.0,4.0,142.0,27.0,99.0,4.0,467.0,79.0,49.0,30.0,644.0,8.0,179.0,76.0,97.0,12.0,897.0,12.0,271.0,0.0
236595,2019,705.0,4.0,133.0,12.0,77.0,5.0,341.0,57.0,52.0,24.0,958.0,6.0,170.0,20.0,111.0,9.0,457.0,78.0,66.0,41.0,682.0,13.0,203.0,93.0,105.0,13.0,980.0,8.0,262.0,3.0
236595,2020,672.0,3.0,118.0,15.0,72.0,9.0,269.0,57.0,98.0,31.0,925.0,4.0,146.0,20.0,105.0,11.0,373.0,77.0,144.0,45.0,617.0,11.0,184.0,87.0,101.0,11.0,903.0,5.0,225.0,4.0
236638,2014,85.0,0.0,3.0,0.0,2.0,0.0,62.0,4.0,2.0,12.0,394.0,5.0,16.0,7.0,35.0,2.0,279.0,19.0,7.0,24.0,,,,,,,,,,
236638,2015,101.0,3.0,3.0,1.0,3.0,0.0,81.0,7.0,0.0,3.0,484.0,10.0,18.0,11.0,45.0,2.0,357.0,24.0,6.0,11.0,175.0,6.0,16.0,6.0,40.0,3.0,420.0,0.0,33.0,1.0
236638,2016,76.0,2.0,3.0,1.0,4.0,0.0,58.0,3.0,3.0,2.0,393.0,5.0,11.0,7.0,40.0,1.0,295.0,22.0,6.0,6.0,176.0,5.0,13.0,9.0,55.0,4.0,420.0,0.0,12.0,2.0
236638,2017,84.0,0.0,4.0,1.0,9.0,0.0,50.0,3.0,0.0,17.0,396.0,3.0,12.0,13.0,61.0,4.0,256.0,19.0,5.0,23.0,177.0,6.0,17.0,11.0,66.0,4.0,424.0,1.0,16.0,1.0
236638,2018,88.0,0.0,3.0,2.0,15.0,0.0,55.0,4.0,0.0,9.0,363.0,4.0,12.0,11.0,61.0,0.0,235.0,17.0,6.0,17.0,165.0,5.0,14.0,6.0,68.0,4.0,418.0,1.0,15.0,1.0
236638,2019,120.0,1.0,7.0,1.0,12.0,0.0,81.0,5.0,1.0,12.0,432.0,3.0,14.0,13.0,69.0,2.0,276.0,30.0,4.0,21.0,157.0,4.0,11.0,5.0,71.0,4.0,418.0,2.0,13.0,1.0
236638,2020,130.0,3.0,4.0,0.0,16.0,0.0,94.0,7.0,1.0,5.0,422.0,5.0,11.0,9.0,74.0,0.0,281.0,23.0,4.0,15.0,156.0,3.0,11.0,6.0,70.0,4.0,380.0,2.0,13.0,1.0
236692,2017,169.0,1.0,5.0,1.0,10.0,0.0,142.0,3.0,6.0,1.0,646.0,12.0,7.0,11.0,41.0,0.0,513.0,19.0,40.0,3.0,451.0,9.0,20.0,16.0,23.0,4.0,1095.0,34.0,17.0,0.0
236692,2018,146.0,3.0,6.0,0.0,7.0,0.0,118.0,6.0,5.0,1.0,616.0,13.0,11.0,7.0,36.0,2.0,490.0,36.0,20.0,1.0,468.0,14.0,25.0,25.0,29.0,4.0,1100.0,33.0,20.0,0.0
236692,2019,153.0,1.0,4.0,1.0,12.0,0.0,116.0,5.0,13.0,1.0,597.0,9.0,5.0,11.0,42.0,3.0,458.0,41.0,27.0,1.0,481.0,12.0,25.0,21.0,21.0,0.0,1095.0,46.0,37.0,0.0
236692,2020,203.0,2.0,2.0,1.0,16.0,1.0,153.0,16.0,11.0,1.0,684.0,14.0,11.0,6.0,48.0,3.0,522.0,49.0,30.0,1.0,435.0,11.0,22.0,22.0,26.0,4.0,966.0,39.0,38.0,0.0
236708,2016,203.0,1.0,5.0,4.0,12.0,0.0,154.0,10.0,11.0,6.0,899.0,12.0,18.0,22.0,70.0,0.0,673.0,51.0,43.0,10.0,221.0,1.0,27.0,15.0,12.0,2.0,497.0,25.0,4.0,0.0
236708,2017,184.0,0.0,1.0,2.0,7.0,0.0,146.0,9.0,12.0,7.0,830.0,15.0,9.0,14.0,64.0,2.0,625.0,58.0,32.0,11.0,231.0,0.0,29.0,16.0,15.0,2.0,524.0,34.0,7.0,0.0
236708,2018,186.0,2.0,3.0,2.0,13.0,0.0,141.0,11.0,10.0,4.0,840.0,13.0,10.0,20.0,58.0,0.0,642.0,53.0,33.0,11.0,243.0,1.0,31.0,13.0,15.0,3.0,514.0,32.0,9.0,0.0
236708,2019,192.0,0.0,4.0,1.0,13.0,0.0,160.0,11.0,2.0,1.0,808.0,10.0,9.0,13.0,59.0,3.0,622.0,57.0,21.0,14.0,240.0,1.0,30.0,9.0,17.0,2.0,507.0,31.0,13.0,0.0
236708,2020,237.0,2.0,8.0,4.0,19.0,0.0,171.0,19.0,10.0,4.0,925.0,16.0,25.0,17.0,91.0,2.0,650.0,79.0,28.0,17.0,216.0,1.0,26.0,10.0,14.0,2.0,461.0,28.0,15.0,0.0
236753,2016,122.0,0.0,10.0,3.0,9.0,1.0,72.0,14.0,9.0,4.0,455.0,5.0,33.0,45.0,32.0,4.0,236.0,45.0,40.0,15.0,428.0,7.0,88.0,86.0,24.0,7.0,837.0,59.0,37.0,0.0
236753,2017,106.0,1.0,9.0,1.0,6.0,0.0,62.0,6.0,9.0,12.0,418.0,6.0,26.0,32.0,42.0,3.0,216.0,36.0,36.0,21.0,438.0,10.0,91.0,87.0,29.0,8.0,798.0,55.0,47.0,0.0
236753,2018,96.0,0.0,6.0,4.0,18.0,0.0,44.0,11.0,6.0,7.0,385.0,5.0,20.0,40.0,52.0,3.0,176.0,48.0,27.0,14.0,435.0,7.0,89.0,81.0,27.0,6.0,797.0,57.0,48.0,0.0
236753,2019,138.0,0.0,3.0,6.0,9.0,0.0,76.0,16.0,15.0,13.0,529.0,2.0,39.0,41.0,63.0,3.0,247.0,65.0,49.0,20.0,455.0,5.0,83.0,70.0,26.0,2.0,744.0,61.0,68.0,0.0
236753,2020,127.0,1.0,10.0,5.0,12.0,0.0,60.0,9.0,17.0,13.0,503.0,2.0,29.0,37.0,67.0,6.0,235.0,58.0,40.0,29.0,386.0,5.0,65.0,67.0,31.0,6.0,665.0,59.0,66.0,0.0
236887,2018,122.0,0.0,0.0,0.0,22.0,0.0,93.0,3.0,4.0,0.0,299.0,2.0,0.0,3.0,67.0,0.0,210.0,11.0,6.0,0.0,206.0,11.0,5.0,6.0,46.0,0.0,407.0,8.0,0.0,0.0
236887,2019,181.0,3.0,1.0,1.0,39.0,0.0,122.0,7.0,6.0,2.0,454.0,5.0,1.0,3.0,103.0,1.0,293.0,21.0,25.0,2.0,208.0,10.0,4.0,4.0,45.0,0.0,383.0,7.0,2.0,0.0
236887,2020,183.0,1.0,0.0,1.0,48.0,0.0,113.0,5.0,15.0,0.0,437.0,5.0,0.0,3.0,112.0,1.0,268.0,19.0,28.0,1.0,170.0,9.0,4.0,1.0,39.0,1.0,351.0,7.0,1.0,0.0
236896,2010,201.0,0.0,0.0,0.0,0.0,0.0,0.0,0.0,0.0,0.0,352.0,0.0,0.0,0.0,0.0,0.0,0.0,0.0,17.0,1.0,,,,,,,,,,
236896,2011,155.0,2.0,3.0,7.0,10.0,0.0,125.0,0.0,3.0,5.0,292.0,4.0,6.0,11.0,21.0,0.0,229.0,0.0,9.0,12.0,,,,,,,,,,
236896,2012,166.0,0.0,7.0,3.0,15.0,1.0,135.0,0.0,0.0,5.0,323.0,6.0,12.0,7.0,39.0,4.0,238.0,0.0,0.0,17.0,205.0,0.0,7.0,2.0,21.0,0.0,343.0,1.0,42.0,0.0
236896,2013,158.0,2.0,9.0,3.0,9.0,1.0,132.0,0.0,0.0,2.0,344.0,3.0,21.0,8.0,33.0,2.0,263.0,0.0,2.0,12.0,164.0,0.0,2.0,2.0,13.0,0.0,112.0,1.0,225.0,0.0
236896,2014,173.0,0.0,8.0,4.0,21.0,3.0,130.0,0.0,1.0,6.0,310.0,1.0,14.0,9.0,41.0,4.0,224.0,0.0,1.0,16.0,,,,,,,,,,
236896,2015,164.0,0.0,8.0,1.0,18.0,1.0,133.0,0.0,3.0,0.0,316.0,5.0,14.0,11.0,38.0,1.0,241.0,1.0,5.0,0.0,143.0,0.0,4.0,6.0,14.0,0.0,124.0,0.0,147.0,0.0
236896,2016,166.0,2.0,6.0,2.0,13.0,0.0,137.0,0.0,2.0,4.0,305.0,6.0,10.0,9.0,24.0,2.0,243.0,0.0,4.0,7.0,165.0,0.0,2.0,3.0,13.0,0.0,158.0,0.0,171.0,0.0
236896,2017,224.0,2.0,8.0,4.0,20.0,0.0,174.0,0.0,7.0,9.0,366.0,3.0,15.0,15.0,43.0,0.0,257.0,0.0,15.0,18.0,168.0,0.0,2.0,9.0,14.0,0.0,288.0,1.0,37.0,0.0
236896,2018,221.0,1.0,5.0,1.0,27.0,2.0,151.0,9.0,6.0,19.0,395.0,2.0,14.0,5.0,60.0,4.0,250.0,23.0,7.0,30.0,185.0,0.0,3.0,11.0,21.0,0.0,294.0,1.0,40.0,0.0
236896,2019,237.0,3.0,14.0,5.0,26.0,0.0,159.0,14.0,1.0,15.0,388.0,4.0,20.0,7.0,55.0,0.0,257.0,20.0,1.0,24.0,182.0,0.0,4.0,11.0,23.0,0.0,303.0,6.0,28.0,0.0
236896,2020,213.0,1.0,15.0,1.0,30.0,1.0,132.0,18.0,5.0,10.0,364.0,1.0,28.0,11.0,59.0,1.0,204.0,29.0,12.0,19.0,170.0,0.0,7.0,9.0,22.0,0.0,279.0,10.0,23.0,0.0
236939,2010,2130.0,15.0,115.0,41.0,96.0,6.0,1673.0,15.0,149.0,20.0,3089.0,34.0,188.0,69.0,143.0,8.0,2398.0,17.0,202.0,30.0,,,,,,,,,,
236939,2011,1906.0,24.0,120.0,31.0,75.0,8.0,1558.0,14.0,52.0,24.0,2855.0,39.0,192.0,59.0,121.0,9.0,2301.0,17.0,83.0,34.0,,,,,,,,,,
236939,2012,1801.0,21.0,104.0,29.0,71.0,16.0,1458.0,4.0,80.0,18.0,2676.0,33.0,184.0,55.0,121.0,16.0,2108.0,8.0,125.0,26.0,,,,,,,,,,
236939,2013,2085.0,24.0,111.0,31.0,107.0,9.0,1649.0,23.0,102.0,29.0,3184.0,31.0,196.0,55.0,169.0,14.0,2468.0,36.0,163.0,52.0,2983.0,34.0,246.0,64.0,261.0,14.0,4079.0,78.0,1154.0,222.0
236939,2014,2280.0,22.0,114.0,38.0,126.0,7.0,1786.0,32.0,114.0,41.0,3391.0,35.0,173.0,62.0,200.0,15.0,2610.0,56.0,168.0,72.0,3126.0,33.0,260.0,63.0,252.0,14.0,3994.0,78.0,1536.0,245.0
236939,2015,2328.0,17.0,154.0,37.0,183.0,14.0,1737.0,73.0,60.0,53.0,3627.0,37.0,228.0,78.0,302.0,34.0,2665.0,113.0,96.0,74.0,3246.0,52.0,270.0,62.0,273.0,15.0,4005.0,83.0,1720.0,252.0
236939,2016,2158.0,13.0,122.0,31.0,166.0,5.0,1543.0,154.0,52.0,72.0,3241.0,21.0,185.0,53.0,261.0,9.0,2276.0,238.0,89.0,109.0,3269.0,49.0,305.0,64.0,283.0,12.0,4309.0,105.0,1421.0,248.0
236939,2017,2748.0,14.0,137.0,77.0,253.0,5.0,1937.0,193.0,34.0,98.0,4401.0,28.0,231.0,145.0,446.0,13.0,2981.0,346.0,60.0,151.0,3257.0,52.0,277.0,67.0,293.0,11.0,3915.0,106.0,1819.0,247.0
236939,2018,2520.0,11.0,102.0,84.0,251.0,5.0,1737.0,239.0,19.0,72.0,4279.0,28.0,189.0,178.0,492.0,18.0,2821.0,414.0,32.0,107.0,3146.0,48.0,281.0,67.0,283.0,11.0,3817.0,117.0,1738.0,229.0
236939,2019,2443.0,11.0,121.0,83.0,291.0,9.0,1606.0,230.0,21.0,71.0,4057.0,26.0,196.0,193.0,579.0,19.0,2530.0,375.0,26.0,113.0,3192.0,39.0,286.0,75.0,313.0,12.0,3805.0,117.0,1823.0,238.0
236939,2020,2551.0,10.0,135.0,86.0,339.0,10.0,1670.0,215.0,22.0,64.0,4357.0,26.0,240.0,184.0,660.0,18.0,2672.0,399.0,43.0,115.0,3164.0,42.0,297.0,75.0,341.0,13.0,3896.0,105.0,1631.0,252.0
236948,2010,3911.0,44.0,1135.0,111.0,167.0,21.0,2131.0,0.0,217.0,85.0,4867.0,64.0,1385.0,159.0,226.0,37.0,2614.0,0.0,264.0,118.0,,,,,,,,,,
236948,2011,3892.0,30.0,1145.0,81.0,175.0,0.0,2141.0,0.0,195.0,125.0,4892.0,49.0,1419.0,119.0,248.0,0.0,2641.0,0.0,262.0,154.0,,,,,,,,,,
236948,2012,4270.0,42.0,1230.0,111.0,234.0,20.0,2302.0,21.0,200.0,110.0,5284.0,63.0,1481.0,153.0,301.0,36.0,2845.0,22.0,246.0,137.0,,,,,,,,,,
236948,2013,4225.0,44.0,1245.0,124.0,223.0,23.0,2237.0,44.0,133.0,152.0,5163.0,70.0,1500.0,173.0,294.0,36.0,2697.0,51.0,161.0,181.0,8599.0,71.0,2406.0,560.0,791.0,45.0,11591.0,410.0,2359.0,563.0
236948,2014,4502.0,45.0,1236.0,125.0,238.0,26.0,2335.0,56.0,168.0,273.0,5377.0,64.0,1428.0,174.0,309.0,36.0,2762.0,61.0,208.0,335.0,8768.0,75.0,1862.0,527.0,813.0,49.0,11906.0,464.0,1225.0,2353.0
236948,2015,4307.0,45.0,1324.0,93.0,243.0,33.0,2049.0,0.0,135.0,385.0,5119.0,65.0,1527.0,122.0,314.0,40.0,2400.0,0.0,170.0,481.0,7590.0,52.0,1651.0,484.0,687.0,44.0,9986.0,450.0,1407.0,1961.0
236948,2016,4579.0,71.0,1346.0,129.0,275.0,25.0,2133.0,0.0,130.0,470.0,5460.0,101.0,1572.0,166.0,353.0,34.0,2506.0,0.0,159.0,569.0,8497.0,56.0,1833.0,540.0,834.0,50.0,11084.0,500.0,1816.0,2167.0
236948,2017,4854.0,17.0,1160.0,82.0,291.0,21.0,2062.0,324.0,31.0,866.0,5752.0,22.0,1324.0,117.0,375.0,23.0,2432.0,382.0,38.0,1039.0,8362.0,62.0,2486.0,644.0,939.0,61.0,11155.0,540.0,2377.0,459.0
236948,2018,5052.0,6.0,1283.0,87.0,316.0,21.0,2053.0,372.0,46.0,868.0,6003.0,13.0,1467.0,118.0,398.0,27.0,2451.0,439.0,69.0,1021.0,8443.0,62.0,2697.0,670.0,971.0,65.0,11198.0,541.0,2087.0,523.0
236948,2019,5244.0,16.0,1304.0,92.0,354.0,20.0,2234.0,361.0,44.0,819.0,6226.0,24.0,1505.0,122.0,451.0,24.0,2637.0,436.0,49.0,978.0,8804.0,78.0,2895.0,721.0,1101.0,70.0,11555.0,582.0,2088.0,736.0
236948,2020,5180.0,21.0,1337.0,109.0,336.0,13.0,2194.0,361.0,55.0,754.0,6317.0,33.0,1584.0,151.0,437.0,20.0,2656.0,453.0,63.0,920.0,8942.0,81.0,3137.0,789.0,1185.0,81.0,12010.0,633.0,2046.0,727.0
236975,2017,140.0,2.0,0.0,0.0,49.0,0.0,86.0,1.0,2.0,0.0,499.0,8.0,0.0,2.0,171.0,0.0,284.0,20.0,12.0,2.0,152.0,4.0,9.0,4.0,35.0,1.0,319.0,18.0,0.0,0.0
236975,2018,131.0,1.0,0.0,1.0,50.0,0.0,67.0,4.0,8.0,0.0,428.0,7.0,0.0,1.0,137.0,0.0,249.0,20.0,14.0,0.0,155.0,3.0,9.0,5.0,39.0,1.0,310.0,18.0,0.0,0.0
236975,2019,159.0,0.0,0.0,0.0,65.0,0.0,90.0,2.0,2.0,0.0,461.0,7.0,1.0,2.0,171.0,1.0,251.0,20.0,8.0,0.0,144.0,3.0,9.0,6.0,40.0,1.0,294.0,19.0,0.0,0.0
236975,2020,152.0,0.0,2.0,0.0,65.0,0.0,71.0,9.0,5.0,0.0,443.0,6.0,4.0,6.0,175.0,0.0,216.0,24.0,12.0,0.0,131.0,2.0,9.0,5.0,31.0,1.0,260.0,16.0,0.0,0.0
237011,2010,1672.0,0.0,0.0,0.0,0.0,0.0,0.0,0.0,73.0,1.0,2425.0,0.0,0.0,0.0,0.0,0.0,0.0,0.0,96.0,1.0,,,,,,,,,,
237011,2011,1724.0,30.0,112.0,35.0,58.0,7.0,1376.0,61.0,43.0,2.0,2365.0,43.0,173.0,60.0,83.0,11.0,1856.0,81.0,55.0,3.0,,,,,,,,,,
237011,2012,1627.0,20.0,100.0,22.0,58.0,5.0,1319.0,48.0,51.0,4.0,2425.0,35.0,167.0,50.0,90.0,10.0,1902.0,84.0,80.0,7.0,889.0,23.0,91.0,20.0,57.0,7.0,1628.0,31.0,40.0,34.0
237011,2013,1783.0,30.0,167.0,43.0,82.0,8.0,1397.0,0.0,54.0,2.0,2572.0,60.0,252.0,93.0,127.0,14.0,1949.0,0.0,71.0,6.0,902.0,22.0,90.0,24.0,60.0,7.0,1664.0,35.0,43.0,37.0
237011,2014,1907.0,22.0,104.0,33.0,103.0,4.0,1487.0,110.0,40.0,4.0,2667.0,39.0,145.0,66.0,166.0,12.0,2018.0,159.0,56.0,6.0,931.0,22.0,96.0,32.0,66.0,8.0,1721.0,39.0,50.0,42.0
237011,2015,1903.0,33.0,134.0,38.0,94.0,6.0,1477.0,72.0,46.0,3.0,2670.0,53.0,196.0,64.0,148.0,12.0,2015.0,107.0,71.0,4.0,947.0,19.0,100.0,35.0,84.0,8.0,1724.0,46.0,60.0,32.0
237011,2016,1891.0,7.0,130.0,33.0,124.0,2.0,1442.0,139.0,14.0,0.0,2722.0,11.0,190.0,46.0,188.0,2.0,2061.0,203.0,21.0,0.0,955.0,15.0,93.0,39.0,89.0,6.0,1715.0,57.0,73.0,26.0
237011,2017,1846.0,5.0,134.0,18.0,119.0,5.0,1421.0,142.0,0.0,2.0,2674.0,8.0,186.0,29.0,178.0,6.0,2043.0,217.0,3.0,4.0,984.0,17.0,107.0,34.0,85.0,6.0,1738.0,66.0,51.0,60.0
237011,2018,1822.0,4.0,106.0,27.0,115.0,4.0,1414.0,143.0,6.0,3.0,2661.0,9.0,164.0,49.0,179.0,6.0,2026.0,214.0,10.0,4.0,981.0,16.0,107.0,32.0,88.0,6.0,1687.0,76.0,76.0,66.0
237011,2019,1882.0,5.0,129.0,29.0,119.0,2.0,1426.0,159.0,6.0,7.0,2764.0,9.0,197.0,39.0,208.0,3.0,2041.0,246.0,12.0,9.0,1016.0,16.0,106.0,33.0,100.0,5.0,1705.0,73.0,93.0,70.0
237011,2020,1866.0,5.0,148.0,26.0,138.0,2.0,1349.0,186.0,8.0,4.0,2763.0,8.0,229.0,46.0,229.0,5.0,1952.0,273.0,14.0,7.0,982.0,14.0,111.0,31.0,110.0,4.0,1646.0,76.0,96.0,66.0
237039,2017,115.0,2.0,2.0,0.0,8.0,0.0,88.0,3.0,12.0,0.0,371.0,6.0,9.0,4.0,34.0,0.0,261.0,27.0,30.0,0.0,173.0,5.0,19.0,7.0,14.0,0.0,428.0,3.0,0.0,0.0
237039,2018,91.0,0.0,3.0,2.0,10.0,0.0,66.0,6.0,4.0,0.0,276.0,3.0,8.0,6.0,26.0,1.0,194.0,23.0,15.0,0.0,185.0,5.0,22.0,8.0,17.0,0.0,448.0,4.0,0.0,0.0
237039,2019,106.0,0.0,4.0,0.0,10.0,0.0,71.0,7.0,14.0,0.0,289.0,3.0,10.0,4.0,37.0,2.0,186.0,26.0,21.0,0.0,187.0,8.0,22.0,10.0,21.0,0.0,438.0,3.0,0.0,0.0
237039,2020,135.0,0.0,5.0,0.0,17.0,0.0,99.0,5.0,9.0,0.0,321.0,1.0,12.0,3.0,43.0,0.0,215.0,21.0,26.0,0.0,209.0,6.0,23.0,8.0,20.0,0.0,427.0,4.0,0.0,1.0
237057,2010,330.0,0.0,0.0,0.0,0.0,0.0,0.0,0.0,43.0,13.0,385.0,0.0,0.0,0.0,0.0,0.0,0.0,0.0,52.0,13.0,,,,,,,,,,
237057,2011,308.0,5.0,27.0,9.0,18.0,0.0,197.0,0.0,43.0,9.0,360.0,7.0,32.0,10.0,22.0,0.0,231.0,0.0,48.0,10.0,,,,,,,,,,
237057,2012,321.0,2.0,37.0,5.0,13.0,0.0,213.0,0.0,40.0,11.0,367.0,2.0,42.0,7.0,17.0,0.0,241.0,0.0,47.0,11.0,,,,,,,,,,
237057,2013,351.0,2.0,40.0,2.0,20.0,4.0,237.0,0.0,34.0,12.0,400.0,5.0,47.0,3.0,21.0,5.0,269.0,0.0,37.0,13.0,272.0,6.0,35.0,7.0,20.0,1.0,482.0,2.0,19.0,0.0
237057,2014,350.0,0.0,27.0,5.0,18.0,0.0,241.0,12.0,38.0,9.0,401.0,3.0,30.0,6.0,22.0,0.0,276.0,12.0,43.0,9.0,,,,,,,,,,
237057,2015,345.0,1.0,25.0,3.0,15.0,2.0,244.0,17.0,30.0,8.0,395.0,2.0,29.0,3.0,24.0,2.0,275.0,18.0,34.0,8.0,267.0,2.0,21.0,7.0,26.0,2.0,471.0,0.0,16.0,24.0
237057,2016,364.0,5.0,33.0,8.0,28.0,1.0,248.0,12.0,17.0,12.0,415.0,6.0,36.0,9.0,30.0,2.0,283.0,15.0,19.0,15.0,288.0,3.0,31.0,7.0,38.0,1.0,488.0,0.0,19.0,10.0
237057,2017,351.0,2.0,26.0,2.0,23.0,0.0,270.0,7.0,14.0,7.0,399.0,3.0,29.0,3.0,24.0,0.0,307.0,8.0,17.0,8.0,285.0,3.0,29.0,10.0,46.0,1.0,447.0,0.0,39.0,17.0
237057,2018,333.0,1.0,20.0,2.0,25.0,0.0,245.0,21.0,10.0,9.0,381.0,1.0,20.0,2.0,28.0,0.0,281.0,25.0,11.0,13.0,278.0,2.0,23.0,10.0,47.0,4.0,448.0,1.0,36.0,15.0
237057,2019,351.0,1.0,13.0,4.0,29.0,0.0,258.0,19.0,10.0,17.0,391.0,2.0,17.0,4.0,34.0,0.0,285.0,21.0,10.0,18.0,286.0,1.0,21.0,12.0,51.0,1.0,465.0,2.0,50.0,14.0
237057,2020,337.0,0.0,18.0,4.0,22.0,0.0,247.0,29.0,5.0,12.0,393.0,0.0,24.0,5.0,28.0,0.0,276.0,32.0,8.0,20.0,254.0,1.0,20.0,12.0,45.0,1.0,398.0,0.0,21.0,15.0
237066,2010,372.0,0.0,0.0,0.0,0.0,0.0,0.0,0.0,9.0,0.0,469.0,0.0,0.0,0.0,0.0,0.0,0.0,0.0,12.0,2.0,,,,,,,,,,
237066,2011,362.0,5.0,19.0,6.0,11.0,0.0,311.0,0.0,9.0,1.0,451.0,9.0,26.0,7.0,12.0,0.0,383.0,0.0,13.0,1.0,,,,,,,,,,
237066,2012,356.0,5.0,8.0,6.0,10.0,0.0,311.0,9.0,6.0,1.0,469.0,5.0,12.0,12.0,13.0,0.0,408.0,9.0,9.0,1.0,,,,,,,,,,
237066,2013,393.0,3.0,12.0,3.0,15.0,0.0,341.0,6.0,11.0,2.0,532.0,4.0,19.0,4.0,21.0,0.0,456.0,7.0,16.0,5.0,302.0,5.0,14.0,12.0,24.0,3.0,574.0,5.0,0.0,2.0
237066,2014,410.0,3.0,11.0,7.0,16.0,2.0,348.0,7.0,7.0,9.0,545.0,3.0,12.0,11.0,27.0,2.0,458.0,9.0,10.0,13.0,,,,,,,,,,
237066,2015,416.0,1.0,16.0,7.0,17.0,0.0,357.0,10.0,6.0,2.0,555.0,3.0,28.0,14.0,23.0,1.0,457.0,15.0,8.0,6.0,328.0,5.0,15.0,14.0,27.0,2.0,613.0,0.0,0.0,6.0
237066,2016,496.0,1.0,12.0,5.0,43.0,2.0,399.0,20.0,7.0,7.0,683.0,4.0,16.0,8.0,63.0,5.0,542.0,26.0,11.0,8.0,309.0,3.0,15.0,13.0,29.0,1.0,572.0,0.0,0.0,2.0
237066,2017,392.0,2.0,5.0,2.0,21.0,1.0,332.0,17.0,6.0,6.0,523.0,2.0,8.0,4.0,35.0,1.0,422.0,32.0,9.0,10.0,285.0,2.0,12.0,11.0,30.0,1.0,547.0,4.0,0.0,4.0
237066,2018,494.0,0.0,18.0,8.0,27.0,1.0,393.0,34.0,5.0,8.0,629.0,4.0,23.0,9.0,46.0,1.0,489.0,42.0,6.0,9.0,297.0,6.0,20.0,12.0,33.0,2.0,576.0,0.0,0.0,2.0
237066,2019,446.0,3.0,14.0,9.0,27.0,2.0,361.0,23.0,1.0,6.0,592.0,5.0,20.0,10.0,42.0,5.0,465.0,34.0,1.0,10.0,302.0,4.0,20.0,15.0,35.0,3.0,574.0,0.0,0.0,1.0
237066,2020,473.0,3.0,31.0,4.0,40.0,0.0,350.0,27.0,1.0,17.0,614.0,5.0,42.0,10.0,60.0,4.0,437.0,33.0,1.0,22.0,284.0,4.0,23.0,18.0,0.0,2.0,582.0,0.0,0.0,0.0
237109,2014,89.0,0.0,0.0,0.0,23.0,1.0,64.0,0.0,1.0,0.0,392.0,6.0,5.0,6.0,133.0,2.0,223.0,12.0,5.0,0.0,198.0,6.0,6.0,4.0,90.0,0.0,392.0,0.0,0.0,0.0
237109,2015,87.0,2.0,0.0,1.0,27.0,0.0,54.0,2.0,1.0,0.0,402.0,12.0,3.0,7.0,152.0,0.0,209.0,16.0,3.0,0.0,201.0,6.0,7.0,8.0,91.0,0.0,412.0,0.0,0.0,0.0
237109,2016,92.0,3.0,0.0,0.0,40.0,0.0,45.0,3.0,1.0,0.0,364.0,7.0,3.0,5.0,164.0,0.0,165.0,14.0,6.0,0.0,214.0,14.0,8.0,5.0,81.0,0.0,397.0,0.0,0.0,0.0
237109,2017,80.0,2.0,0.0,1.0,29.0,0.0,45.0,2.0,1.0,0.0,334.0,2.0,3.0,7.0,138.0,1.0,163.0,15.0,5.0,0.0,217.0,5.0,10.0,4.0,89.0,0.0,391.0,0.0,0.0,0.0
237109,2018,85.0,1.0,1.0,1.0,40.0,0.0,39.0,3.0,0.0,0.0,285.0,3.0,1.0,3.0,133.0,0.0,126.0,17.0,2.0,0.0,192.0,4.0,7.0,3.0,79.0,0.0,347.0,0.0,0.0,0.0
237109,2019,90.0,0.0,0.0,0.0,39.0,0.0,46.0,4.0,1.0,0.0,317.0,4.0,0.0,2.0,155.0,0.0,132.0,23.0,1.0,0.0,226.0,8.0,10.0,5.0,118.0,1.0,397.0,0.0,0.0,0.0
237109,2020,95.0,0.0,0.0,0.0,40.0,0.0,48.0,7.0,0.0,0.0,334.0,4.0,3.0,10.0,148.0,3.0,145.0,20.0,1.0,0.0,193.0,7.0,7.0,5.0,103.0,0.0,380.0,0.0,0.0,0.0
245883,2014,1.0,0.0,0.0,0.0,0.0,0.0,0.0,0.0,1.0,0.0,37.0,1.0,1.0,0.0,2.0,0.0,20.0,0.0,13.0,0.0,,,,,,,,,,
245883,2015,8.0,0.0,0.0,0.0,0.0,0.0,6.0,0.0,2.0,0.0,40.0,0.0,0.0,0.0,1.0,0.0,9.0,0.0,30.0,0.0,48.0,3.0,13.0,8.0,1.0,2.0,110.0,2.0,6.0,1.0
377546,2010,21.0,0.0,0.0,0.0,0.0,0.0,0.0,0.0,3.0,0.0,25.0,0.0,0.0,0.0,0.0,0.0,0.0,0.0,3.0,0.0,,,,,,,,,,
377546,2011,16.0,0.0,0.0,0.0,1.0,0.0,12.0,0.0,3.0,0.0,24.0,0.0,0.0,0.0,2.0,0.0,18.0,0.0,4.0,0.0,14.0,0.0,0.0,0.0,0.0,0.0,22.0,0.0,0.0,0.0
377546,2012,28.0,0.0,0.0,0.0,1.0,0.0,1.0,0.0,26.0,0.0,38.0,0.0,0.0,0.0,2.0,0.0,1.0,0.0,35.0,0.0,,,,,,,,,,
377546,2013,9.0,0.0,1.0,0.0,0.0,2.0,5.0,0.0,1.0,0.0,32.0,1.0,1.0,0.0,1.0,2.0,25.0,0.0,2.0,0.0,17.0,0.0,0.0,0.0,0.0,1.0,8.0,2.0,17.0,0.0
377546,2014,23.0,0.0,1.0,1.0,2.0,0.0,16.0,2.0,1.0,0.0,32.0,0.0,1.0,1.0,3.0,0.0,24.0,2.0,1.0,0.0,,,,,,,,,,
377546,2015,18.0,0.0,1.0,0.0,1.0,0.0,13.0,2.0,1.0,0.0,32.0,0.0,4.0,1.0,7.0,0.0,14.0,5.0,1.0,0.0,17.0,0.0,0.0,0.0,0.0,0.0,23.0,1.0,4.0,0.0
377546,2016,19.0,0.0,1.0,0.0,1.0,0.0,16.0,1.0,0.0,0.0,30.0,1.0,3.0,1.0,2.0,0.0,20.0,3.0,0.0,0.0,15.0,0.0,0.0,0.0,0.0,0.0,25.0,1.0,0.0,0.0
377546,2017,16.0,1.0,1.0,0.0,4.0,0.0,6.0,3.0,1.0,0.0,24.0,1.0,1.0,0.0,6.0,0.0,8.0,5.0,3.0,0.0,15.0,0.0,0.0,1.0,1.0,0.0,18.0,0.0,4.0,0.0
377546,2018,11.0,1.0,0.0,0.0,1.0,1.0,5.0,2.0,1.0,0.0,28.0,1.0,1.0,0.0,1.0,3.0,16.0,5.0,1.0,0.0,15.0,0.0,2.0,1.0,0.0,0.0,21.0,0.0,0.0,0.0
377546,2019,17.0,1.0,0.0,0.0,1.0,0.0,10.0,2.0,3.0,0.0,33.0,2.0,0.0,1.0,3.0,0.0,19.0,3.0,5.0,0.0,11.0,1.0,0.0,0.0,0.0,0.0,18.0,1.0,0.0,0.0
377546,2020,10.0,1.0,0.0,1.0,1.0,0.0,6.0,0.0,1.0,0.0,25.0,1.0,0.0,1.0,2.0,0.0,15.0,2.0,4.0,0.0,16.0,1.0,0.0,0.0,1.0,0.0,21.0,1.0,0.0,0.0
377555,2012,83.0,1.0,28.0,5.0,6.0,1.0,35.0,0.0,6.0,1.0,129.0,1.0,43.0,7.0,11.0,1.0,55.0,0.0,10.0,1.0,,,,,,,,,,
377555,2013,100.0,1.0,37.0,2.0,5.0,0.0,44.0,4.0,6.0,1.0,148.0,2.0,53.0,3.0,10.0,1.0,65.0,4.0,9.0,1.0,253.0,4.0,42.0,12.0,38.0,1.0,316.0,13.0,141.0,7.0
377555,2014,151.0,1.0,58.0,0.0,10.0,0.0,66.0,2.0,10.0,4.0,224.0,3.0,87.0,0.0,14.0,1.0,94.0,4.0,13.0,8.0,271.0,4.0,38.0,12.0,37.0,3.0,372.0,14.0,79.0,68.0
377555,2015,205.0,0.0,79.0,12.0,17.0,2.0,83.0,0.0,9.0,3.0,294.0,2.0,114.0,16.0,23.0,2.0,120.0,0.0,12.0,5.0,271.0,4.0,46.0,11.0,44.0,3.0,353.0,19.0,74.0,75.0
377555,2016,262.0,5.0,103.0,15.0,23.0,2.0,96.0,0.0,12.0,6.0,391.0,8.0,143.0,25.0,36.0,4.0,147.0,0.0,19.0,9.0,323.0,6.0,56.0,12.0,51.0,4.0,405.0,21.0,101.0,81.0
377555,2017,334.0,0.0,111.0,12.0,39.0,4.0,127.0,24.0,5.0,12.0,525.0,1.0,155.0,27.0,67.0,7.0,206.0,36.0,7.0,19.0,309.0,4.0,86.0,16.0,61.0,5.0,409.0,20.0,105.0,15.0
377555,2018,335.0,1.0,107.0,18.0,37.0,1.0,120.0,30.0,5.0,16.0,538.0,3.0,161.0,25.0,75.0,2.0,185.0,52.0,6.0,29.0,313.0,6.0,93.0,23.0,57.0,6.0,429.0,24.0,93.0,12.0
377555,2019,387.0,0.0,142.0,28.0,38.0,8.0,119.0,26.0,5.0,21.0,560.0,2.0,198.0,40.0,60.0,11.0,168.0,40.0,9.0,32.0,317.0,7.0,105.0,28.0,59.0,2.0,414.0,26.0,82.0,15.0
377555,2020,393.0,0.0,164.0,23.0,44.0,4.0,121.0,24.0,1.0,12.0,625.0,1.0,230.0,46.0,90.0,7.0,186.0,45.0,5.0,15.0,300.0,7.0,100.0,30.0,59.0,3.0,390.0,28.0,81.0,21.0
377564,2012,65.0,1.0,16.0,5.0,4.0,0.0,30.0,1.0,8.0,0.0,151.0,3.0,40.0,16.0,8.0,2.0,57.0,1.0,24.0,0.0,,,,,,,,,,
377564,2013,87.0,0.0,29.0,4.0,8.0,0.0,38.0,3.0,5.0,0.0,176.0,0.0,51.0,11.0,15.0,2.0,77.0,5.0,15.0,0.0,235.0,4.0,38.0,20.0,27.0,3.0,301.0,14.0,113.0,12.0
377564,2014,99.0,1.0,19.0,9.0,9.0,1.0,52.0,1.0,7.0,0.0,180.0,2.0,39.0,15.0,18.0,2.0,80.0,1.0,23.0,0.0,249.0,5.0,31.0,25.0,38.0,3.0,359.0,17.0,33.0,57.0
377564,2015,124.0,2.0,33.0,10.0,13.0,1.0,58.0,0.0,7.0,0.0,198.0,3.0,53.0,16.0,22.0,2.0,90.0,0.0,12.0,0.0,254.0,3.0,33.0,20.0,31.0,4.0,347.0,21.0,43.0,61.0
377564,2016,125.0,5.0,34.0,6.0,12.0,3.0,59.0,0.0,6.0,0.0,208.0,10.0,48.0,19.0,23.0,7.0,94.0,0.0,7.0,0.0,288.0,3.0,36.0,24.0,33.0,4.0,380.0,26.0,56.0,70.0
377564,2017,128.0,3.0,35.0,5.0,15.0,0.0,47.0,18.0,5.0,0.0,219.0,5.0,52.0,10.0,29.0,1.0,84.0,28.0,9.0,1.0,281.0,3.0,59.0,24.0,35.0,4.0,394.0,25.0,73.0,15.0
377564,2018,189.0,1.0,52.0,10.0,23.0,1.0,36.0,6.0,56.0,4.0,325.0,3.0,85.0,15.0,36.0,7.0,61.0,8.0,102.0,8.0,307.0,4.0,60.0,29.0,42.0,5.0,413.0,25.0,71.0,20.0
377564,2019,218.0,2.0,64.0,11.0,34.0,10.0,64.0,16.0,13.0,4.0,392.0,3.0,100.0,24.0,63.0,19.0,126.0,26.0,24.0,7.0,301.0,5.0,67.0,31.0,53.0,3.0,409.0,30.0,57.0,20.0
377564,2020,251.0,2.0,66.0,20.0,34.0,2.0,98.0,22.0,4.0,3.0,416.0,7.0,94.0,34.0,68.0,16.0,147.0,39.0,6.0,5.0,304.0,6.0,73.0,30.0,58.0,3.0,405.0,33.0,60.0,24.0
380377,2010,6.0,5.0,0.0,0.0,0.0,0.0,1.0,0.0,0.0,0.0,28.0,19.0,2.0,2.0,0.0,0.0,5.0,0.0,0.0,0.0,,,,,,,,,,
380377,2011,10.0,9.0,0.0,0.0,0.0,0.0,1.0,0.0,0.0,0.0,36.0,30.0,2.0,2.0,0.0,0.0,2.0,0.0,0.0,0.0,,,,,,,,,,
380377,2012,13.0,13.0,0.0,0.0,0.0,0.0,0.0,0.0,0.0,0.0,73.0,72.0,0.0,0.0,0.0,0.0,1.0,0.0,0.0,0.0,,,,,,,,,,
380377,2013,5.0,5.0,0.0,0.0,0.0,0.0,0.0,0.0,0.0,0.0,56.0,53.0,1.0,0.0,0.0,0.0,2.0,0.0,0.0,0.0,82.0,148.0,6.0,1.0,2.0,5.0,62.0,1.0,3.0,0.0
380377,2014,9.0,9.0,0.0,0.0,0.0,0.0,0.0,0.0,0.0,0.0,52.0,45.0,0.0,3.0,1.0,0.0,2.0,0.0,1.0,0.0,75.0,132.0,5.0,1.0,3.0,4.0,60.0,7.0,1.0,0.0
380377,2015,20.0,18.0,1.0,1.0,0.0,0.0,0.0,0.0,0.0,0.0,79.0,66.0,1.0,7.0,0.0,0.0,5.0,0.0,0.0,0.0,83.0,137.0,6.0,4.0,3.0,5.0,60.0,9.0,0.0,0.0
380377,2016,18.0,17.0,1.0,0.0,0.0,0.0,0.0,0.0,0.0,0.0,79.0,66.0,1.0,7.0,0.0,0.0,5.0,0.0,0.0,0.0,85.0,141.0,5.0,3.0,6.0,5.0,54.0,8.0,0.0,0.0
380377,2017,10.0,9.0,0.0,1.0,0.0,0.0,0.0,0.0,0.0,0.0,101.0,93.0,0.0,2.0,0.0,0.0,1.0,4.0,1.0,0.0,71.0,142.0,4.0,0.0,9.0,3.0,51.0,4.0,0.0,1.0
380377,2018,9.0,8.0,0.0,0.0,0.0,0.0,0.0,1.0,0.0,0.0,79.0,74.0,0.0,0.0,0.0,0.0,0.0,5.0,0.0,0.0,77.0,140.0,6.0,1.0,3.0,3.0,44.0,12.0,0.0,0.0
380377,2019,15.0,14.0,0.0,0.0,0.0,0.0,1.0,0.0,0.0,0.0,79.0,71.0,0.0,0.0,1.0,1.0,4.0,1.0,1.0,0.0,70.0,138.0,7.0,3.0,5.0,3.0,45.0,5.0,0.0,0.0
380377,2020,21.0,20.0,0.0,0.0,0.0,0.0,1.0,0.0,0.0,0.0,87.0,79.0,0.0,0.0,1.0,1.0,4.0,1.0,1.0,0.0,72.0,145.0,4.0,4.0,3.0,5.0,42.0,4.0,0.0,0.0
414531,2010,23.0,0.0,0.0,3.0,0.0,0.0,16.0,0.0,0.0,0.0,70.0,0.0,0.0,5.0,0.0,0.0,55.0,0.0,0.0,0.0,,,,,,,,,,
414531,2011,19.0,0.0,4.0,0.0,0.0,0.0,15.0,0.0,0.0,0.0,68.0,1.0,8.0,7.0,3.0,0.0,49.0,0.0,0.0,0.0,,,,,,,,,,
414531,2012,27.0,0.0,0.0,1.0,1.0,0.0,25.0,0.0,0.0,0.0,79.0,2.0,5.0,3.0,3.0,0.0,65.0,0.0,1.0,0.0,36.0,1.0,6.0,5.0,2.0,1.0,42.0,1.0,0.0,0.0
414531,2013,17.0,0.0,1.0,1.0,2.0,0.0,13.0,0.0,0.0,0.0,61.0,1.0,2.0,2.0,4.0,0.0,52.0,0.0,0.0,0.0,25.0,1.0,4.0,3.0,1.0,2.0,37.0,2.0,0.0,0.0
414531,2014,22.0,0.0,1.0,1.0,1.0,0.0,18.0,0.0,1.0,0.0,60.0,0.0,5.0,3.0,5.0,0.0,44.0,0.0,3.0,0.0,18.0,1.0,4.0,2.0,0.0,2.0,34.0,1.0,0.0,0.0
414531,2015,38.0,0.0,1.0,5.0,3.0,0.0,27.0,0.0,2.0,0.0,114.0,2.0,4.0,12.0,7.0,1.0,84.0,0.0,4.0,0.0,20.0,1.0,4.0,2.0,1.0,2.0,27.0,1.0,0.0,0.0
432223,2010,18.0,0.0,0.0,4.0,0.0,1.0,10.0,0.0,2.0,1.0,134.0,1.0,5.0,21.0,4.0,7.0,67.0,0.0,22.0,7.0,,,,,,,,,,
432223,2011,18.0,0.0,0.0,4.0,1.0,3.0,6.0,0.0,4.0,0.0,117.0,0.0,3.0,18.0,8.0,5.0,44.0,0.0,35.0,4.0,,,,,,,,,,
432223,2012,5.0,0.0,1.0,1.0,1.0,0.0,1.0,0.0,1.0,0.0,34.0,2.0,1.0,4.0,2.0,0.0,13.0,0.0,11.0,1.0,100.0,1.0,12.0,13.0,11.0,1.0,123.0,7.0,3.0,2.0
432223,2013,15.0,0.0,2.0,2.0,1.0,0.0,7.0,0.0,3.0,0.0,68.0,3.0,4.0,12.0,4.0,5.0,27.0,0.0,12.0,1.0,78.0,7.0,9.0,16.0,6.0,1.0,98.0,0.0,3.0,1.0
432223,2014,22.0,0.0,1.0,4.0,0.0,2.0,7.0,0.0,7.0,1.0,88.0,1.0,2.0,15.0,3.0,3.0,32.0,0.0,31.0,1.0,44.0,0.0,5.0,8.0,3.0,0.0,58.0,5.0,0.0,1.0
432223,2015,28.0,0.0,0.0,3.0,1.0,1.0,9.0,1.0,11.0,2.0,186.0,1.0,6.0,25.0,10.0,5.0,51.0,6.0,78.0,4.0,34.0,0.0,3.0,9.0,3.0,0.0,41.0,5.0,0.0,0.0
432223,2016,13.0,0.0,0.0,0.0,1.0,0.0,1.0,0.0,11.0,0.0,90.0,0.0,0.0,0.0,6.0,0.0,1.0,0.0,82.0,1.0,27.0,0.0,3.0,6.0,3.0,0.0,31.0,5.0,0.0,0.0
432223,2017,16.0,0.0,1.0,3.0,3.0,0.0,6.0,1.0,1.0,1.0,107.0,2.0,3.0,16.0,13.0,1.0,48.0,2.0,16.0,6.0,23.0,0.0,1.0,4.0,1.0,0.0,28.0,3.0,3.0,0.0
432223,2018,9.0,0.0,0.0,1.0,0.0,0.0,6.0,0.0,2.0,0.0,54.0,0.0,0.0,6.0,4.0,3.0,29.0,3.0,8.0,1.0,14.0,0.0,0.0,3.0,1.0,0.0,15.0,3.0,4.0,0.0
432223,2019,2.0,0.0,0.0,0.0,0.0,0.0,1.0,0.0,1.0,0.0,12.0,0.0,0.0,0.0,3.0,0.0,4.0,2.0,3.0,0.0,,,,,,,,,,
439057,2016,1.0,0.0,0.0,0.0,0.0,0.0,1.0,0.0,0.0,0.0,1.0,0.0,0.0,0.0,0.0,0.0,1.0,0.0,0.0,0.0,11.0,0.0,0.0,0.0,1.0,0.0,14.0,0.0,0.0,0.0
439057,2018,1.0,0.0,0.0,1.0,0.0,0.0,0.0,0.0,0.0,0.0,3.0,0.0,0.0,2.0,0.0,0.0,1.0,0.0,0.0,0.0,,,,,,,,,,
439190,2015,78.0,0.0,2.0,1.0,10.0,0.0,53.0,4.0,7.0,1.0,283.0,2.0,12.0,4.0,23.0,1.0,187.0,22.0,31.0,1.0,78.0,3.0,19.0,7.0,9.0,0.0,184.0,5.0,0.0,0.0
439190,2016,85.0,1.0,5.0,0.0,6.0,0.0,61.0,3.0,9.0,0.0,276.0,3.0,22.0,0.0,17.0,1.0,190.0,18.0,25.0,0.0,79.0,3.0,21.0,8.0,11.0,0.0,175.0,5.0,0.0,0.0
439190,2017,79.0,0.0,3.0,1.0,2.0,1.0,61.0,5.0,6.0,0.0,276.0,0.0,15.0,4.0,20.0,4.0,196.0,17.0,20.0,0.0,84.0,3.0,24.0,6.0,12.0,0.0,176.0,9.0,0.0,0.0
439190,2018,83.0,1.0,1.0,0.0,6.0,0.0,59.0,10.0,6.0,0.0,275.0,2.0,18.0,0.0,35.0,0.0,168.0,31.0,20.0,1.0,84.0,4.0,29.0,4.0,14.0,0.0,177.0,8.0,1.0,0.0
439190,2019,94.0,0.0,7.0,1.0,6.0,0.0,64.0,9.0,7.0,0.0,275.0,2.0,24.0,7.0,25.0,0.0,170.0,26.0,20.0,1.0,89.0,2.0,29.0,4.0,12.0,1.0,174.0,11.0,0.0,0.0
439190,2020,99.0,1.0,13.0,0.0,12.0,1.0,57.0,6.0,9.0,0.0,267.0,2.0,29.0,1.0,34.0,1.0,150.0,30.0,20.0,0.0,92.0,3.0,27.0,5.0,11.0,2.0,172.0,18.0,7.0,0.0
440545,2010,35.0,0.0,5.0,3.0,1.0,0.0,26.0,0.0,0.0,0.0,127.0,3.0,8.0,7.0,12.0,0.0,96.0,1.0,0.0,0.0,,,,,,,,,,
440545,2011,17.0,0.0,1.0,1.0,2.0,0.0,13.0,0.0,0.0,0.0,80.0,3.0,9.0,6.0,7.0,1.0,54.0,0.0,0.0,0.0,,,,,,,,,,
440545,2012,32.0,0.0,4.0,2.0,2.0,1.0,23.0,0.0,0.0,0.0,105.0,0.0,6.0,4.0,13.0,1.0,80.0,1.0,0.0,0.0,91.0,1.0,9.0,5.0,0.0,1.0,76.0,2.0,70.0,0.0
443049,2010,11.0,0.0,0.0,0.0,0.0,0.0,0.0,0.0,0.0,0.0,12.0,0.0,0.0,0.0,0.0,0.0,0.0,0.0,0.0,0.0,,,,,,,,,,
443049,2011,10.0,0.0,0.0,4.0,0.0,0.0,5.0,0.0,1.0,0.0,14.0,0.0,0.0,6.0,0.0,0.0,7.0,0.0,1.0,0.0,,,,,,,,,,
443049,2012,5.0,0.0,0.0,3.0,0.0,0.0,2.0,0.0,0.0,0.0,6.0,0.0,0.0,3.0,0.0,0.0,3.0,0.0,0.0,0.0,,,,,,,,,,
443049,2013,5.0,0.0,0.0,1.0,1.0,0.0,3.0,0.0,0.0,0.0,6.0,0.0,0.0,1.0,1.0,0.0,4.0,0.0,0.0,0.0,28.0,0.0,9.0,1.0,0.0,0.0,31.0,0.0,0.0,0.0
443049,2014,9.0,0.0,1.0,7.0,0.0,0.0,1.0,0.0,0.0,0.0,11.0,0.0,3.0,7.0,0.0,0.0,1.0,0.0,0.0,0.0,,,,,,,,,,
443049,2015,4.0,0.0,0.0,1.0,0.0,0.0,2.0,1.0,0.0,0.0,5.0,0.0,0.0,1.0,0.0,0.0,2.0,1.0,1.0,0.0,20.0,0.0,9.0,3.0,0.0,0.0,17.0,0.0,0.0,0.0
443049,2016,4.0,0.0,1.0,0.0,0.0,0.0,1.0,0.0,1.0,1.0,5.0,0.0,1.0,0.0,0.0,0.0,2.0,0.0,1.0,1.0,19.0,1.0,11.0,1.0,0.0,0.0,22.0,0.0,0.0,0.0
443049,2018,5.0,0.0,1.0,0.0,0.0,0.0,0.0,0.0,1.0,3.0,7.0,0.0,2.0,0.0,0.0,0.0,0.0,0.0,1.0,4.0,38.0,0.0,20.0,6.0,0.0,0.0,36.0,1.0,0.0,1.0
443049,2019,2.0,0.0,1.0,0.0,0.0,0.0,1.0,0.0,0.0,0.0,5.0,0.0,3.0,1.0,0.0,0.0,1.0,0.0,0.0,0.0,31.0,0.0,16.0,5.0,0.0,0.0,30.0,1.0,0.0,1.0
443049,2020,2.0,0.0,2.0,0.0,0.0,0.0,0.0,0.0,0.0,0.0,6.0,0.0,5.0,1.0,0.0,0.0,0.0,0.0,0.0,0.0,27.0,0.0,10.0,6.0,0.0,1.0,24.0,3.0,0.0,1.0
443410,2010,96.0,0.0,0.0,0.0,0.0,0.0,0.0,0.0,13.0,0.0,134.0,0.0,0.0,0.0,0.0,0.0,0.0,0.0,17.0,3.0,,,,,,,,,,
443410,2011,91.0,0.0,5.0,4.0,5.0,0.0,71.0,2.0,4.0,0.0,168.0,1.0,10.0,6.0,13.0,0.0,121.0,7.0,10.0,0.0,,,,,,,,,,
443410,2012,107.0,0.0,7.0,0.0,5.0,0.0,76.0,0.0,12.0,7.0,187.0,1.0,14.0,1.0,12.0,0.0,132.0,7.0,13.0,7.0,,,,,,,,,,
443410,2013,90.0,1.0,8.0,1.0,5.0,0.0,56.0,4.0,8.0,7.0,166.0,1.0,10.0,2.0,7.0,0.0,115.0,6.0,15.0,10.0,153.0,0.0,28.0,4.0,10.0,0.0,178.0,4.0,18.0,6.0
443410,2014,80.0,0.0,9.0,0.0,3.0,1.0,44.0,3.0,9.0,11.0,149.0,0.0,13.0,0.0,5.0,1.0,88.0,5.0,21.0,16.0,,,,,,,,,,
443410,2015,69.0,0.0,8.0,1.0,4.0,0.0,39.0,1.0,9.0,7.0,137.0,0.0,11.0,1.0,13.0,0.0,75.0,4.0,18.0,15.0,164.0,0.0,30.0,3.0,11.0,0.0,213.0,6.0,8.0,5.0
443410,2016,52.0,0.0,1.0,0.0,2.0,0.0,27.0,3.0,14.0,5.0,131.0,0.0,3.0,1.0,6.0,0.0,74.0,3.0,25.0,19.0,185.0,1.0,37.0,2.0,10.0,0.0,223.0,7.0,2.0,4.0
443410,2017,57.0,0.0,3.0,1.0,6.0,0.0,29.0,0.0,8.0,10.0,133.0,0.0,9.0,2.0,7.0,0.0,76.0,5.0,21.0,13.0,180.0,0.0,35.0,2.0,15.0,0.0,213.0,11.0,16.0,4.0
443410,2018,81.0,0.0,5.0,0.0,5.0,0.0,48.0,1.0,18.0,4.0,174.0,1.0,9.0,0.0,10.0,0.0,98.0,9.0,39.0,8.0,176.0,0.0,35.0,5.0,14.0,0.0,160.0,8.0,54.0,5.0
443410,2019,83.0,0.0,6.0,0.0,6.0,0.0,30.0,9.0,19.0,13.0,148.0,0.0,10.0,0.0,10.0,1.0,55.0,12.0,41.0,19.0,165.0,0.0,28.0,5.0,7.0,0.0,114.0,7.0,108.0,5.0
443410,2020,81.0,0.0,2.0,0.0,6.0,0.0,30.0,3.0,34.0,6.0,154.0,0.0,5.0,0.0,8.0,1.0,58.0,7.0,63.0,12.0,155.0,1.0,37.0,3.0,15.0,0.0,179.0,9.0,0.0,6.0
446808,2011,24.0,1.0,1.0,0.0,0.0,0.0,10.0,0.0,12.0,0.0,59.0,1.0,3.0,3.0,2.0,0.0,24.0,2.0,24.0,0.0,,,,,,,,,,
446808,2012,18.0,0.0,2.0,0.0,2.0,0.0,8.0,0.0,6.0,0.0,59.0,0.0,3.0,8.0,3.0,0.0,27.0,1.0,17.0,0.0,30.0,1.0,7.0,4.0,1.0,1.0,49.0,0.0,1.0,0.0
446808,2013,21.0,0.0,6.0,0.0,1.0,0.0,6.0,1.0,7.0,0.0,86.0,0.0,8.0,8.0,5.0,0.0,29.0,1.0,35.0,0.0,34.0,1.0,7.0,4.0,1.0,1.0,52.0,0.0,1.0,0.0
446808,2014,15.0,0.0,1.0,1.0,0.0,0.0,7.0,0.0,6.0,0.0,64.0,0.0,3.0,2.0,1.0,0.0,16.0,0.0,42.0,0.0,32.0,1.0,8.0,5.0,1.0,1.0,44.0,0.0,0.0,0.0
446808,2015,15.0,0.0,0.0,1.0,0.0,0.0,2.0,1.0,11.0,0.0,66.0,0.0,1.0,2.0,5.0,1.0,9.0,3.0,45.0,0.0,30.0,1.0,8.0,4.0,1.0,1.0,42.0,0.0,0.0,0.0
446808,2016,24.0,0.0,1.0,2.0,1.0,1.0,3.0,0.0,16.0,0.0,88.0,0.0,4.0,4.0,2.0,1.0,11.0,0.0,66.0,0.0,24.0,0.0,6.0,2.0,0.0,1.0,25.0,0.0,1.0,0.0
446808,2017,10.0,0.0,1.0,1.0,2.0,0.0,2.0,1.0,3.0,0.0,38.0,1.0,2.0,2.0,2.0,0.0,9.0,3.0,19.0,0.0,5.0,0.0,0.0,0.0,0.0,0.0,6.0,0.0,0.0,0.0
482662,2013,18.0,0.0,4.0,0.0,0.0,0.0,13.0,1.0,0.0,0.0,62.0,0.0,6.0,1.0,3.0,0.0,51.0,1.0,0.0,0.0,43.0,0.0,5.0,0.0,0.0,0.0,50.0,3.0,24.0,0.0
482662,2014,18.0,0.0,0.0,1.0,2.0,1.0,13.0,1.0,0.0,0.0,68.0,2.0,6.0,4.0,9.0,1.0,45.0,1.0,0.0,0.0,43.0,0.0,1.0,0.0,0.0,1.0,38.0,3.0,28.0,0.0
482662,2015,18.0,0.0,0.0,3.0,1.0,1.0,10.0,3.0,0.0,0.0,75.0,0.0,3.0,7.0,9.0,2.0,50.0,3.0,1.0,0.0,18.0,0.0,0.0,0.0,1.0,0.0,3.0,0.0,21.0,0.0
488448,2016,4.0,0.0,0.0,0.0,0.0,0.0,4.0,0.0,0.0,0.0,4.0,0.0,0.0,0.0,0.0,0.0,4.0,0.0,0.0,0.0,23.0,0.0,2.0,0.0,1.0,0.0,33.0,0.0,0.0,0.0
488448,2017,7.0,0.0,0.0,1.0,0.0,0.0,6.0,0.0,0.0,0.0,10.0,0.0,0.0,1.0,0.0,0.0,9.0,0.0,0.0,0.0,21.0,0.0,1.0,0.0,1.0,0.0,32.0,0.0,0.0,0.0
488448,2018,10.0,0.0,0.0,1.0,3.0,0.0,6.0,0.0,0.0,0.0,10.0,0.0,0.0,1.0,3.0,0.0,6.0,0.0,0.0,0.0,19.0,0.0,1.0,0.0,2.0,0.0,34.0,0.0,0.0,0.0
488448,2019,6.0,0.0,0.0,0.0,1.0,0.0,5.0,0.0,0.0,0.0,7.0,0.0,0.0,0.0,2.0,0.0,5.0,0.0,0.0,0.0,22.0,0.0,1.0,0.0,0.0,0.0,37.0,0.0,0.0,0.0
488448,2020,6.0,0.0,0.0,1.0,0.0,0.0,5.0,0.0,0.0,0.0,8.0,0.0,0.0,1.0,0.0,0.0,7.0,0.0,0.0,0.0,23.0,0.0,1.0,0.0,0.0,0.0,39.0,0.0,0.0,0.0
234915,2010,,,,,,,,,,,10.0,0.0,0.0,0.0,0.0,0.0,0.0,0.0,0.0,0.0,,,,,,,,,,
234915,2013,,,,,,,,,,,7.0,0.0,0.0,1.0,0.0,0.0,2.0,0.0,4.0,0.0,304.0,1.0,74.0,28.0,21.0,8.0,672.0,9.0,19.0,0.0
234915,2018,,,,,,,,,,,1.0,0.0,0.0,0.0,0.0,0.0,1.0,0.0,0.0,0.0,210.0,5.0,58.0,28.0,22.0,1.0,330.0,0.0,126.0,0.0
245883,2016,,,,,,,,,,,31.0,0.0,0.0,0.0,0.0,0.0,4.0,0.0,27.0,0.0,40.0,4.0,7.0,7.0,3.0,0.0,101.0,6.0,7.0,0.0
245883,2017,,,,,,,,,,,24.0,0.0,0.0,1.0,2.0,0.0,18.0,0.0,3.0,0.0,38.0,4.0,11.0,7.0,5.0,0.0,97.0,5.0,3.0,0.0
245883,2018,,,,,,,,,,,26.0,1.0,2.0,2.0,1.0,1.0,18.0,0.0,1.0,0.0,39.0,2.0,12.0,6.0,5.0,0.0,110.0,6.0,2.0,1.0
245883,2019,,,,,,,,,,,20.0,0.0,0.0,1.0,0.0,0.0,15.0,0.0,4.0,0.0,33.0,2.0,15.0,5.0,8.0,0.0,108.0,6.0,1.0,0.0
432223,2020,,,,,,,,,,,1.0,0.0,0.0,0.0,0.0,1.0,0.0,0.0,0.0,0.0,,,,,,,,,,
439057,2014,,,,,,,,,,,1.0,0.0,0.0,0.0,0.0,0.0,1.0,0.0,0.0,0.0,,,,,,,,,,
439057,2015,,,,,,,,,,,4.0,0.0,0.0,1.0,0.0,0.0,3.0,0.0,0.0,0.0,24.0,0.0,1.0,3.0,1.0,0.0,30.0,1.0,1.0,0.0
439057,2017,,,,,,,,,,,1.0,0.0,0.0,0.0,0.0,0.0,1.0,0.0,0.0,0.0,2.0,0.0,0.0,0.0,0.0,0.0,3.0,0.0,0.0,0.0
234696,2012,,,,,,,,,,,,,,,,,,,,,103.0,3.0,7.0,2.0,4.0,1.0,243.0,0.0,0.0,0.0
234696,2013,,,,,,,,,,,,,,,,,,,,,106.0,3.0,6.0,1.0,5.0,1.0,244.0,0.0,10.0,0.0
234696,2014,,,,,,,,,,,,,,,,,,,,,108.0,4.0,7.0,1.0,6.0,1.0,254.0,0.0,1.0,0.0
234696,2015,,,,,,,,,,,,,,,,,,,,,124.0,3.0,8.0,1.0,5.0,0.0,257.0,0.0,13.0,0.0
234915,2014,,,,,,,,,,,,,,,,,,,,,289.0,2.0,73.0,29.0,21.0,6.0,617.0,6.0,28.0,0.0
234915,2020,,,,,,,,,,,,,,,,,,,,,188.0,6.0,75.0,36.0,15.0,6.0,328.0,0.0,27.0,0.0
234933,2012,,,,,,,,,,,,,,,,,,,,,418.0,8.0,45.0,12.0,20.0,4.0,962.0,46.0,1.0,0.0
234933,2013,,,,,,,,,,,,,,,,,,,,,403.0,6.0,44.0,15.0,17.0,5.0,936.0,47.0,0.0,0.0
234933,2014,,,,,,,,,,,,,,,,,,,,,400.0,6.0,44.0,18.0,19.0,5.0,900.0,42.0,1.0,0.0
234951,2012,,,,,,,,,,,,,,,,,,,,,123.0,5.0,14.0,31.0,1.0,3.0,280.0,2.0,0.0,0.0
234951,2013,,,,,,,,,,,,,,,,,,,,,135.0,4.0,13.0,34.0,1.0,5.0,306.0,6.0,0.0,0.0
235103,2013,,,,,,,,,,,,,,,,,,,,,323.0,7.0,60.0,42.0,46.0,3.0,733.0,16.0,4.0,0.0
235103,2015,,,,,,,,,,,,,,,,,,,,,316.0,8.0,68.0,38.0,50.0,4.0,703.0,20.0,3.0,0.0
235103,2016,,,,,,,,,,,,,,,,,,,,,308.0,6.0,72.0,36.0,47.0,3.0,664.0,19.0,4.0,0.0
235237,2012,,,,,,,,,,,,,,,,,,,,,116.0,5.0,14.0,20.0,5.0,4.0,260.0,15.0,0.0,0.0
235237,2013,,,,,,,,,,,,,,,,,,,,,125.0,5.0,16.0,19.0,5.0,4.0,271.0,16.0,0.0,0.0
235237,2014,,,,,,,,,,,,,,,,,,,,,121.0,3.0,13.0,19.0,6.0,5.0,269.0,15.0,0.0,0.0
235237,2015,,,,,,,,,,,,,,,,,,,,,107.0,1.0,11.0,20.0,6.0,4.0,254.0,23.0,0.0,0.0
235334,2013,,,,,,,,,,,,,,,,,,,,,99.0,3.0,3.0,2.0,6.0,0.0,205.0,2.0,0.0,0.0
235334,2015,,,,,,,,,,,,,,,,,,,,,114.0,3.0,4.0,3.0,7.0,0.0,222.0,0.0,0.0,0.0
235343,2012,,,,,,,,,,,,,,,,,,,,,309.0,12.0,54.0,16.0,18.0,1.0,603.0,2.0,39.0,0.0
235343,2013,,,,,,,,,,,,,,,,,,,,,311.0,13.0,57.0,28.0,19.0,1.0,624.0,2.0,26.0,0.0
235431,2012,,,,,,,,,,,,,,,,,,,,,258.0,2.0,82.0,41.0,14.0,3.0,489.0,4.0,2.0,1.0
235431,2013,,,,,,,,,,,,,,,,,,,,,268.0,2.0,81.0,43.0,22.0,3.0,517.0,4.0,1.0,1.0
235547,2013,,,,,,,,,,,,,,,,,,,,,128.0,1.0,45.0,10.0,13.0,0.0,326.0,15.0,23.0,0.0
235547,2015,,,,,,,,,,,,,,,,,,,,,136.0,2.0,44.0,13.0,14.0,1.0,336.0,16.0,39.0,0.0
235547,2016,,,,,,,,,,,,,,,,,,,,,145.0,1.0,45.0,13.0,14.0,1.0,327.0,17.0,47.0,0.0
235547,2017,,,,,,,,,,,,,,,,,,,,,140.0,1.0,42.0,15.0,0.0,2.0,316.0,14.0,57.0,8.0
235547,2018,,,,,,,,,,,,,,,,,,,,,107.0,1.0,36.0,14.0,0.0,2.0,277.0,12.0,59.0,0.0
235547,2019,,,,,,,,,,,,,,,,,,,,,96.0,1.0,39.0,15.0,0.0,1.0,230.0,14.0,41.0,0.0
235547,2020,,,,,,,,,,,,,,,,,,,,,101.0,1.0,39.0,10.0,0.0,1.0,268.0,12.0,48.0,2.0
235750,2012,,,,,,,,,,,,,,,,,,,,,121.0,4.0,8.0,6.0,13.0,0.0,362.0,0.0,0.0,0.0
235750,2013,,,,,,,,,,,,,,,,,,,,,138.0,4.0,8.0,5.0,10.0,0.0,401.0,0.0,0.0,0.0
235750,2014,,,,,,,,,,,,,,,,,,,,,122.0,7.0,7.0,5.0,11.0,0.0,381.0,0.0,0.0,0.0
235750,2015,,,,,,,,,,,,,,,,,,,,,123.0,11.0,4.0,6.0,9.0,0.0,366.0,0.0,0.0,0.0
235750,2016,,,,,,,,,,,,,,,,,,,,,122.0,17.0,4.0,5.0,9.0,0.0,368.0,0.0,0.0,0.0
235750,2017,,,,,,,,,,,,,,,,,,,,,119.0,20.0,4.0,5.0,8.0,0.0,360.0,0.0,0.0,0.0
235750,2018,,,,,,,,,,,,,,,,,,,,,130.0,5.0,8.0,5.0,21.0,2.0,372.0,0.0,11.0,0.0
236072,2012,,,,,,,,,,,,,,,,,,,,,209.0,4.0,60.0,35.0,23.0,0.0,387.0,2.0,15.0,1.0
236382,2013,,,,,,,,,,,,,,,,,,,,,196.0,2.0,55.0,31.0,16.0,2.0,353.0,10.0,0.0,0.0
236638,2012,,,,,,,,,,,,,,,,,,,,,164.0,7.0,12.0,4.0,26.0,4.0,375.0,0.0,79.0,0.0
236638,2013,,,,,,,,,,,,,,,,,,,,,174.0,8.0,12.0,3.0,25.0,3.0,361.0,0.0,104.0,0.0
236692,2012,,,,,,,,,,,,,,,,,,,,,331.0,6.0,16.0,12.0,17.0,1.0,649.0,6.0,0.0,0.0
236692,2013,,,,,,,,,,,,,,,,,,,,,390.0,12.0,27.0,16.0,36.0,1.0,962.0,9.0,0.0,0.0
236692,2014,,,,,,,,,,,,,,,,,,,,,419.0,14.0,26.0,16.0,30.0,1.0,1059.0,9.0,1.0,1.0
236692,2015,,,,,,,,,,,,,,,,,,,,,443.0,11.0,19.0,13.0,14.0,2.0,1100.0,33.0,5.0,0.0
236692,2016,,,,,,,,,,,,,,,,,,,,,410.0,10.0,21.0,11.0,13.0,4.0,980.0,30.0,8.0,0.0
236708,2012,,,,,,,,,,,,,,,,,,,,,284.0,11.0,30.0,11.0,23.0,1.0,775.0,9.0,0.0,0.0
236708,2013,,,,,,,,,,,,,,,,,,,,,230.0,3.0,18.0,11.0,11.0,0.0,504.0,8.0,0.0,2.0
236708,2014,,,,,,,,,,,,,,,,,,,,,215.0,2.0,17.0,14.0,12.0,0.0,454.0,10.0,0.0,1.0
236708,2015,,,,,,,,,,,,,,,,,,,,,253.0,1.0,26.0,13.0,14.0,1.0,550.0,31.0,2.0,0.0
236753,2012,,,,,,,,,,,,,,,,,,,,,239.0,5.0,44.0,45.0,13.0,3.0,586.0,6.0,1.0,0.0
236753,2013,,,,,,,,,,,,,,,,,,,,,265.0,4.0,48.0,46.0,14.0,8.0,637.0,6.0,1.0,0.0
236753,2014,,,,,,,,,,,,,,,,,,,,,284.0,6.0,51.0,49.0,15.0,7.0,679.0,7.0,1.0,0.0
236753,2015,,,,,,,,,,,,,,,,,,,,,423.0,8.0,97.0,84.0,24.0,10.0,836.0,78.0,22.0,0.0
236887,2012,,,,,,,,,,,,,,,,,,,,,213.0,5.0,11.0,2.0,36.0,0.0,440.0,6.0,0.0,0.0
236887,2013,,,,,,,,,,,,,,,,,,,,,226.0,4.0,7.0,2.0,38.0,0.0,462.0,7.0,0.0,0.0
236887,2014,,,,,,,,,,,,,,,,,,,,,217.0,6.0,9.0,3.0,41.0,0.0,442.0,10.0,0.0,0.0
236887,2015,,,,,,,,,,,,,,,,,,,,,221.0,6.0,6.0,2.0,42.0,0.0,447.0,11.0,0.0,0.0
236887,2016,,,,,,,,,,,,,,,,,,,,,218.0,7.0,5.0,2.0,38.0,0.0,446.0,11.0,0.0,0.0
236887,2017,,,,,,,,,,,,,,,,,,,,,216.0,6.0,7.0,9.0,40.0,2.0,429.0,10.0,0.0,0.0
236975,2012,,,,,,,,,,,,,,,,,,,,,153.0,4.0,5.0,2.0,25.0,1.0,336.0,9.0,0.0,0.0
236975,2013,,,,,,,,,,,,,,,,,,,,,151.0,5.0,6.0,4.0,30.0,1.0,328.0,11.0,0.0,0.0
236975,2014,,,,,,,,,,,,,,,,,,,,,152.0,5.0,7.0,4.0,29.0,1.0,315.0,13.0,0.0,0.0
236975,2015,,,,,,,,,,,,,,,,,,,,,149.0,2.0,8.0,4.0,31.0,1.0,315.0,12.0,0.0,0.0
236975,2016,,,,,,,,,,,,,,,,,,,,,151.0,3.0,7.0,4.0,31.0,1.0,331.0,15.0,0.0,0.0
237039,2012,,,,,,,,,,,,,,,,,,,,,160.0,4.0,13.0,3.0,9.0,0.0,373.0,4.0,0.0,0.0
237039,2013,,,,,,,,,,,,,,,,,,,,,163.0,3.0,16.0,6.0,13.0,0.0,394.0,3.0,0.0,0.0
237039,2015,,,,,,,,,,,,,,,,,,,,,157.0,2.0,19.0,7.0,9.0,0.0,376.0,6.0,0.0,0.0
237039,2016,,,,,,,,,,,,,,,,,,,,,153.0,3.0,17.0,3.0,10.0,0.0,377.0,4.0,0.0,0.0
237109,2012,,,,,,,,,,,,,,,,,,,,,200.0,5.0,7.0,4.0,72.0,0.0,391.0,0.0,0.0,0.0
237109,2013,,,,,,,,,,,,,,,,,,,,,181.0,20.0,22.0,21.0,66.0,21.0,282.0,26.0,27.0,11.0
245883,2012,,,,,,,,,,,,,,,,,,,,,59.0,6.0,7.0,6.0,3.0,0.0,162.0,7.0,9.0,0.0
245883,2013,,,,,,,,,,,,,,,,,,,,,51.0,6.0,12.0,4.0,3.0,1.0,131.0,1.0,10.0,0.0
245883,2020,,,,,,,,,,,,,,,,,,,,,39.0,2.0,14.0,6.0,11.0,2.0,105.0,7.0,3.0,0.0
420705,2011,,,,,,,,,,,,,,,,,,,,,7.0,0.0,3.0,0.0,0.0,2.0,10.0,0.0,0.0,0.0
420705,2013,,,,,,,,,,,,,,,,,,,,,1.0,0.0,1.0,0.0,0.0,0.0,4.0,1.0,0.0,0.0
420705,2015,,,,,,,,,,,,,,,,,,,,,2.0,1.0,0.0,4.0,0.0,0.0,11.0,0.0,0.0,0.0
420705,2016,,,,,,,,,,,,,,,,,,,,,1.0,0.0,0.0,1.0,0.0,0.0,5.0,0.0,0.0,0.0
420705,2017,,,,,,,,,,,,,,,,,,,,,2.0,0.0,0.0,1.0,0.0,0.0,6.0,0.0,0.0,0.0
420705,2018,,,,,,,,,,,,,,,,,,,,,2.0,0.0,0.0,0.0,0.0,0.0,7.0,0.0,0.0,0.0
420705,2019,,,,,,,,,,,,,,,,,,,,,3.0,0.0,0.0,3.0,0.0,0.0,5.0,3.0,0.0,0.0
420705,2020,,,,,,,,,,,,,,,,,,,,,2.0,0.0,0.0,4.0,0.0,0.0,5.0,0.0,0.0,0.0
439057,2012,,,,,,,,,,,,,,,,,,,,,44.0,0.0,5.0,8.0,3.0,0.0,71.0,4.0,0.0,0.0
439057,2013,,,,,,,,,,,,,,,,,,,,,38.0,0.0,3.0,8.0,3.0,0.0,62.0,3.0,1.0,0.0
439190,2012,,,,,,,,,,,,,,,,,,,,,76.0,3.0,17.0,5.0,9.0,0.0,168.0,2.0,3.0,0.0
439190,2013,,,,,,,,,,,,,,,,,,,,,75.0,2.0,20.0,4.0,9.0,0.0,167.0,1.0,2.0,0.0
439190,2014,,,,,,,,,,,,,,,,,,,,,77.0,3.0,16.0,4.0,11.0,0.0,180.0,0.0,3.0,0.0
439914,2011,,,,,,,,,,,,,,,,,,,,,10.0,0.0,6.0,0.0,0.0,0.0,18.0,0.0,0.0,0.0
439914,2013,,,,,,,,,,,,,,,,,,,,,13.0,0.0,6.0,0.0,3.0,0.0,22.0,0.0,0.0,0.0
439914,2015,,,,,,,,,,,,,,,,,,,,,14.0,0.0,6.0,0.0,2.0,0.0,19.0,0.0,2.0,5.0
439914,2016,,,,,,,,,,,,,,,,,,,,,18.0,0.0,8.0,1.0,0.0,0.0,14.0,0.0,0.0,0.0
439914,2017,,,,,,,,,,,,,,,,,,,,,7.0,0.0,0.0,0.0,0.0,0.0,2.0,16.0,0.0,0.0
439914,2018,,,,,,,,,,,,,,,,,,,,,12.0,0.0,7.0,0.0,0.0,0.0,16.0,2.0,0.0,0.0
439914,2019,,,,,,,,,,,,,,,,,,,,,9.0,0.0,7.0,0.0,0.0,0.0,18.0,0.0,4.0,0.0
439914,2020,,,,,,,,,,,,,,,,,,,,,16.0,0.0,6.0,1.0,2.0,0.0,18.0,3.0,1.0,0.0
441131,2013,,,,,,,,,,,,,,,,,,,,,38.0,2.0,3.0,5.0,2.0,0.0,82.0,0.0,2.0,0.0
441131,2015,,,,,,,,,,,,,,,,,,,,,45.0,1.0,3.0,5.0,4.0,0.0,82.0,1.0,0.0,0.0
441131,2016,,,,,,,,,,,,,,,,,,,,,55.0,1.0,3.0,4.0,1.0,1.0,112.0,0.0,0.0,2.0
441131,2017,,,,,,,,,,,,,,,,,,,,,53.0,0.0,9.0,4.0,3.0,0.0,88.0,3.0,0.0,0.0
441131,2018,,,,,,,,,,,,,,,,,,,,,46.0,0.0,7.0,2.0,3.0,2.0,96.0,2.0,0.0,0.0
441131,2019,,,,,,,,,,,,,,,,,,,,,49.0,0.0,5.0,4.0,2.0,3.0,121.0,2.0,0.0,0.0
441131,2020,,,,,,,,,,,,,,,,,,,,,44.0,0.0,5.0,3.0,3.0,0.0,103.0,4.0,0.0,0.0
443049,2017,,,,,,,,,,,,,,,,,,,,,28.0,0.0,10.0,2.0,0.0,0.0,29.0,0.0,0.0,0.0
455406,2013,,,,,,,,,,,,,,,,,,,,,50.0,0.0,2.0,0.0,6.0,1.0,114.0,1.0,0.0,0.0
455406,2015,,,,,,,,,,,,,,,,,,,,,70.0,1.0,1.0,0.0,8.0,1.0,124.0,3.0,20.0,0.0
455406,2016,,,,,,,,,,,,,,,,,,,,,81.0,1.0,1.0,0.0,11.0,1.0,167.0,3.0,34.0,0.0
455406,2017,,,,,,,,,,,,,,,,,,,,,106.0,1.0,3.0,2.0,18.0,1.0,216.0,4.0,31.0,0.0
455406,2018,,,,,,,,,,,,,,,,,,,,,79.0,2.0,2.0,1.0,18.0,0.0,173.0,5.0,15.0,0.0
455406,2019,,,,,,,,,,,,,,,,,,,,,79.0,3.0,2.0,1.0,18.0,0.0,177.0,6.0,13.0,0.0
455406,2020,,,,,,,,,,,,,,,,,,,,,89.0,8.0,4.0,2.0,21.0,0.0,198.0,5.0,14.0,0.0
458159,2012,,,,,,,,,,,,,,,,,,,,,43.0,0.0,3.0,3.0,0.0,5.0,78.0,0.0,1.0,1.0
458159,2013,,,,,,,,,,,,,,,,,,,,,30.0,0.0,2.0,3.0,1.0,1.0,68.0,0.0,0.0,0.0
458159,2015,,,,,,,,,,,,,,,,,,,,,12.0,0.0,7.0,0.0,2.0,0.0,35.0,8.0,0.0,0.0
460941,2011,,,,,,,,,,,,,,,,,,,,,4.0,0.0,0.0,0.0,2.0,0.0,11.0,0.0,0.0,0.0
460941,2012,,,,,,,,,,,,,,,,,,,,,4.0,0.0,0.0,0.0,1.0,0.0,14.0,1.0,0.0,0.0
460941,2013,,,,,,,,,,,,,,,,,,,,,5.0,0.0,0.0,0.0,2.0,0.0,14.0,0.0,0.0,0.0
460941,2014,,,,,,,,,,,,,,,,,,,,,7.0,0.0,0.0,0.0,2.0,0.0,16.0,0.0,0.0,0.0
460941,2015,,,,,,,,,,,,,,,,,,,,,5.0,0.0,0.0,0.0,2.0,0.0,15.0,0.0,0.0,0.0
475200,2013,,,,,,,,,,,,,,,,,,,,,26.0,0.0,0.0,0.0,2.0,0.0,51.0,0.0,0.0,0.0
475200,2015,,,,,,,,,,,,,,,,,,,,,14.0,0.0,0.0,1.0,1.0,1.0,33.0,0.0,0.0,0.0
475200,2016,,,,,,,,,,,,,,,,,,,,,12.0,0.0,1.0,0.0,0.0,1.0,32.0,0.0,0.0,0.0
475200,2017,,,,,,,,,,,,,,,,,,,,,8.0,1.0,0.0,0.0,1.0,0.0,24.0,0.0,0.0,0.0
475200,2018,,,,,,,,,,,,,,,,,,,,,12.0,0.0,1.0,0.0,1.0,0.0,28.0,0.0,0.0,0.0
475200,2019,,,,,,,,,,,,,,,,,,,,,14.0,0.0,1.0,0.0,0.0,0.0,26.0,0.0,0.0,0.0
475200,2020,,,,,,,,,,,,,,,,,,,,,11.0,0.0,0.0,2.0,0.0,0.0,25.0,0.0,0.0,0.0
484303,2015,,,,,,,,,,,,,,,,,,,,,1.0,0.0,2.0,0.0,0.0,0.0,24.0,0.0,0.0,0.0
484303,2016,,,,,,,,,,,,,,,,,,,,,1.0,0.0,2.0,0.0,0.0,0.0,24.0,0.0,0.0,0.0
484303,2017,,,,,,,,,,,,,,,,,,,,,1.0,0.0,2.0,0.0,0.0,0.0,27.0,0.0,0.0,0.0
487603,2015,,,,,,,,,,,,,,,,,,,,,51.0,0.0,2.0,0.0,5.0,0.0,60.0,2.0,0.0,0.0
487603,2016,,,,,,,,,,,,,,,,,,,,,53.0,0.0,6.0,1.0,2.0,0.0,78.0,6.0,0.0,0.0
487603,2017,,,,,,,,,,,,,,,,,,,,,70.0,0.0,5.0,1.0,3.0,0.0,105.0,7.0,1.0,0.0
487603,2018,,,,,,,,,,,,,,,,,,,,,87.0,0.0,6.0,6.0,6.0,0.0,122.0,5.0,3.0,0.0
487603,2019,,,,,,,,,,,,,,,,,,,,,80.0,0.0,6.0,6.0,6.0,0.0,112.0,7.0,4.0,0.0
487603,2020,,,,,,,,,,,,,,,,,,,,,71.0,0.0,5.0,5.0,6.0,0.0,97.0,6.0,5.0,0.0
