institute_id,year,e_total,e_AmerInd_AlaskNtv,e_Asian,e_AfrAmer,e_Hispanic,e_Hi_PacIsland,e_White,e_2orMore,e_unknown,e_nonresAlien,c_total,c_AmerInd_AlaskNtv,c_Asian,c_AfrAmer,c_Hispanic,c_Hi_PacIsland,c_White,c_2orMore,c_unknown,c_nonresAlien
102845,2014,3267.0,132.0,40.0,198.0,1007.0,188.0,1430.0,142.0,130.0,0.0,1613,53,48,67,572,61,685,76,51,0
102845,2015,1945.0,84.0,93.0,104.0,588.0,6.0,841.0,92.0,137.0,0.0,1656,43,28,67,544,72,788,51,63,0
102845,2016,2676.0,246.0,6.0,162.0,746.0,151.0,1097.0,133.0,135.0,0.0,1735,62,89,88,505,4,790,78,119,0
102845,2017,2664.0,334.0,13.0,148.0,662.0,143.0,1070.0,128.0,166.0,0.0,1576,81,4,82,445,71,736,70,87,0
102845,2018,2853.0,305.0,7.0,187.0,706.0,171.0,1098.0,190.0,189.0,0.0,1464,162,7,64,368,73,650,63,77,0
102845,2019,2474.0,178.0,6.0,143.0,531.0,131.0,880.0,380.0,225.0,0.0,1821,189,5,102,464,107,750,111,93,0
102845,2020,2120.0,176.0,40.0,88.0,418.0,103.0,664.0,289.0,341.0,1.0,1259,81,5,66,281,66,483,170,107,0
234492,2014,1378.0,1.0,14.0,2.0,176.0,0.0,62.0,0.0,1123.0,0.0,312,3,25,6,39,0,63,0,176,0
234492,2015,1190.0,19.0,61.0,57.0,162.0,8.0,493.0,41.0,225.0,124.0,295,0,7,2,31,0,40,0,215,0
234492,2016,965.0,18.0,37.0,49.0,123.0,11.0,374.0,46.0,190.0,117.0,295,2,13,12,38,1,107,5,84,33
234492,2017,857.0,13.0,40.0,58.0,128.0,12.0,297.0,0.0,219.0,90.0,218,6,10,5,20,2,86,5,48,36
234669,2014,13469.0,73.0,2267.0,657.0,1458.0,79.0,6394.0,551.0,1216.0,774.0,2495,13,459,85,174,8,1241,66,197,252
234669,2015,13398.0,71.0,2368.0,654.0,1523.0,66.0,6020.0,701.0,1124.0,871.0,2336,11,392,73,192,8,1198,77,171,214
234669,2016,13506.0,101.0,2353.0,582.0,1352.0,62.0,6013.0,864.0,1152.0,1027.0,2594,10,465,89,253,10,1245,125,187,210
234669,2017,13322.0,126.0,2363.0,537.0,1317.0,49.0,5858.0,887.0,1137.0,1048.0,2372,3,411,97,220,16,1068,113,207,237
234669,2018,13226.0,134.0,2445.0,529.0,1305.0,60.0,5695.0,992.0,1135.0,931.0,2568,17,481,103,191,10,1070,162,226,308
234669,2019,12563.0,142.0,2384.0,525.0,1209.0,57.0,5298.0,976.0,1091.0,881.0,2654,16,452,106,248,9,1103,181,217,322
234669,2020,12286.0,84.0,2231.0,514.0,1213.0,42.0,5080.0,1215.0,1189.0,718.0,2382,14,456,93,210,5,998,205,176,225
234696,2014,2301.0,25.0,51.0,20.0,175.0,7.0,1430.0,107.0,486.0,0.0,714,4,25,19,47,1,391,22,205,0
234696,2015,2403.0,29.0,63.0,31.0,209.0,6.0,1454.0,131.0,477.0,3.0,750,7,20,4,52,3,497,34,133,0
234696,2016,2426.0,21.0,71.0,32.0,229.0,7.0,1461.0,139.0,461.0,5.0,772,8,25,6,55,3,498,44,133,0
234696,2017,2392.0,19.0,69.0,32.0,255.0,6.0,1445.0,158.0,403.0,5.0,790,7,19,6,70,2,516,56,113,1
234696,2018,2316.0,30.0,77.0,34.0,238.0,5.0,1453.0,144.0,333.0,2.0,886,7,23,17,84,3,568,68,114,2
234696,2019,2325.0,17.0,80.0,23.0,271.0,11.0,1413.0,180.0,327.0,3.0,747,6,30,5,71,1,514,45,74,1
234696,2020,1848.0,16.0,79.0,13.0,237.0,7.0,1158.0,162.0,176.0,0.0,559,3,25,6,51,1,391,29,52,1
234827,2014,11799.0,65.0,532.0,365.0,1430.0,137.0,7327.0,710.0,1130.0,103.0,2694,10,143,78,214,31,1808,140,208,62
234827,2015,11993.0,92.0,544.0,409.0,1548.0,73.0,7102.0,732.0,1143.0,350.0,2837,13,179,71,286,19,1844,171,197,57
234827,2016,11971.0,76.0,463.0,438.0,1695.0,79.0,6778.0,759.0,1334.0,349.0,2681,21,143,85,267,9,1713,143,192,108
234827,2017,12901.0,76.0,504.0,490.0,2005.0,94.0,6938.0,935.0,1472.0,387.0,2835,18,144,80,354,8,1709,157,257,108
234827,2018,11590.0,62.0,450.0,454.0,1829.0,103.0,6004.0,891.0,1440.0,357.0,2817,12,156,95,370,6,1708,161,233,76
234827,2019,11658.0,63.0,512.0,459.0,1978.0,109.0,5934.0,920.0,1345.0,338.0,2741,16,162,69,400,11,1615,183,243,42
234827,2020,11174.0,73.0,526.0,473.0,1956.0,108.0,5698.0,955.0,1084.0,301.0,2842,12,167,95,429,16,1543,177,325,78
234845,2014,3317.0,43.0,36.0,75.0,314.0,18.0,2423.0,165.0,206.0,37.0,856,20,17,37,48,6,643,43,37,5
234845,2015,3260.0,48.0,41.0,85.0,339.0,14.0,2340.0,176.0,195.0,22.0,807,11,13,35,77,5,591,45,25,5
234845,2016,3265.0,56.0,39.0,87.0,387.0,16.0,2291.0,188.0,180.0,21.0,741,8,11,30,54,3,536,54,40,5
234845,2017,3122.0,43.0,37.0,67.0,411.0,13.0,2125.0,221.0,190.0,15.0,1110,28,24,92,83,9,758,71,41,4
234845,2018,3167.0,39.0,29.0,43.0,388.0,12.0,2146.0,193.0,302.0,15.0,1056,29,15,94,122,9,633,79,71,4
234845,2019,3077.0,27.0,35.0,44.0,376.0,10.0,2008.0,186.0,374.0,17.0,811,17,13,22,108,6,531,64,46,4
234845,2020,2314.0,22.0,31.0,46.0,316.0,8.0,1482.0,158.0,240.0,11.0,664,12,6,11,73,6,479,45,25,7
234915,2014,2545.0,14.0,88.0,117.0,139.0,10.0,776.0,20.0,968.0,413.0,510,6,30,33,10,4,293,3,65,66
234915,2015,2347.0,31.0,305.0,128.0,148.0,33.0,788.0,38.0,469.0,407.0,544,5,21,32,23,2,271,5,83,102
234915,2016,2246.0,11.0,62.0,112.0,59.0,8.0,470.0,31.0,1178.0,315.0,635,7,30,34,20,4,252,10,157,121
234915,2017,2199.0,11.0,61.0,100.0,63.0,0.0,394.0,19.0,1257.0,294.0,718,2,24,34,25,3,189,14,262,165
234915,2018,2113.0,20.0,148.0,215.0,147.0,15.0,1065.0,70.0,163.0,270.0,419,3,14,20,2,1,64,5,217,93
234915,2019,1960.0,14.0,138.0,176.0,101.0,12.0,835.0,61.0,357.0,266.0,673,5,44,45,35,4,282,20,92,146
234915,2020,2052.0,13.0,155.0,177.0,134.0,11.0,770.0,80.0,549.0,163.0,619,6,39,50,35,3,272,16,77,121
234933,2014,10911.0,83.0,385.0,222.0,944.0,64.0,7560.0,834.0,698.0,121.0,2301,12,92,61,171,12,1684,133,127,9
234933,2015,10477.0,60.0,408.0,202.0,944.0,56.0,6987.0,833.0,879.0,108.0,2242,21,74,50,176,13,1599,146,144,19
234933,2016,10318.0,60.0,424.0,171.0,1038.0,69.0,6729.0,841.0,905.0,81.0,2172,16,87,51,166,11,1525,152,152,12
234933,2017,10000.0,52.0,435.0,142.0,1065.0,69.0,6398.0,864.0,903.0,72.0,2005,13,72,38,168,8,1402,139,152,13
234933,2018,9878.0,37.0,404.0,185.0,1098.0,67.0,6177.0,870.0,980.0,60.0,2129,12,106,41,180,9,1430,167,158,26
234933,2019,9233.0,34.0,443.0,173.0,1089.0,62.0,5862.0,674.0,836.0,60.0,2079,8,102,34,188,12,1377,175,165,18
234933,2020,7665.0,21.0,431.0,138.0,956.0,56.0,5053.0,479.0,483.0,48.0,1654,4,93,25,152,9,1135,108,109,19
234951,2014,3682.0,30.0,274.0,552.0,256.0,75.0,2019.0,187.0,264.0,25.0,1075,13,69,144,56,18,669,32,62,12
234951,2015,3650.0,34.0,242.0,478.0,280.0,75.0,2033.0,265.0,214.0,29.0,1064,8,98,150,58,15,632,37,53,13
234951,2016,3978.0,32.0,264.0,478.0,353.0,72.0,2105.0,306.0,337.0,31.0,1154,8,104,151,92,22,614,75,75,13
234951,2017,3883.0,34.0,249.0,449.0,371.0,84.0,1995.0,319.0,351.0,31.0,1132,4,107,127,103,14,591,82,88,16
234951,2018,3905.0,32.0,285.0,443.0,419.0,89.0,1950.0,376.0,282.0,29.0,1237,8,104,130,118,18,661,102,86,10
234951,2019,3973.0,32.0,263.0,445.0,462.0,96.0,1990.0,392.0,269.0,24.0,1326,11,123,141,138,22,643,139,88,21
234951,2020,3591.0,23.0,250.0,393.0,409.0,77.0,1763.0,375.0,278.0,23.0,1388,8,124,124,143,14,695,164,102,14
234979,2014,6385.0,56.0,119.0,84.0,2011.0,12.0,3680.0,187.0,227.0,9.0,1258,7,27,21,322,2,815,36,26,2
234979,2015,6422.0,47.0,128.0,75.0,2099.0,15.0,3560.0,210.0,279.0,9.0,1308,9,28,15,379,3,800,34,37,3
234979,2016,6489.0,45.0,144.0,67.0,2184.0,19.0,3458.0,230.0,332.0,10.0,1329,8,33,16,438,3,730,42,54,5
234979,2017,6708.0,44.0,120.0,85.0,2556.0,11.0,3386.0,245.0,252.0,9.0,1447,14,46,8,504,0,740,49,84,2
234979,2018,7034.0,35.0,141.0,77.0,2730.0,14.0,3529.0,271.0,227.0,10.0,1398,7,38,11,494,3,709,48,86,2
234979,2019,7280.0,31.0,138.0,83.0,2951.0,12.0,3527.0,308.0,221.0,9.0,1353,4,28,17,501,1,699,51,51,1
234979,2020,6745.0,35.0,117.0,67.0,2758.0,15.0,3183.0,334.0,233.0,3.0,1496,3,41,11,597,3,718,62,58,3
235024,2014,767.0,6.0,43.0,29.0,76.0,2.0,484.0,63.0,42.0,22.0,168,0,12,4,13,0,106,11,19,3
235024,2015,724.0,2.0,41.0,27.0,80.0,4.0,437.0,58.0,52.0,23.0,192,3,6,8,13,0,120,15,22,5
235024,2016,674.0,5.0,36.0,21.0,75.0,5.0,426.0,64.0,30.0,12.0,172,2,10,7,22,1,101,12,7,10
235024,2017,658.0,5.0,29.0,22.0,90.0,4.0,405.0,64.0,31.0,8.0,136,0,7,3,10,0,96,10,5,5
235024,2018,626.0,4.0,36.0,20.0,87.0,2.0,379.0,63.0,29.0,6.0,120,0,9,6,13,1,73,13,2,3
235024,2019,602.0,4.0,37.0,28.0,79.0,1.0,348.0,57.0,29.0,19.0,145,1,8,1,21,1,93,12,8,0
235024,2020,482.0,4.0,31.0,21.0,50.0,0.0,287.0,48.0,26.0,15.0,140,2,7,5,17,1,87,13,6,2
235097,2014,13453.0,167.0,395.0,432.0,1772.0,37.0,8667.0,604.0,975.0,404.0,2678,29,68,70,230,7,1865,82,205,122
235097,2015,12361.0,145.0,367.0,425.0,1546.0,37.0,8093.0,660.0,660.0,428.0,2699,29,101,78,242,3,1946,94,114,92
235097,2016,12279.0,137.0,354.0,410.0,1653.0,38.0,7675.0,696.0,819.0,497.0,2765,34,82,82,287,7,1962,107,100,104
235097,2017,12607.0,140.0,347.0,390.0,1842.0,35.0,7478.0,801.0,1069.0,505.0,2659,24,87,67,317,4,1872,111,70,107
235097,2018,12633.0,118.0,366.0,408.0,1936.0,39.0,7347.0,816.0,1179.0,424.0,2857,32,77,73,359,4,1992,149,75,96
235097,2019,12410.0,119.0,366.0,419.0,1912.0,57.0,7159.0,850.0,1212.0,316.0,2837,35,77,73,352,8,1948,150,78,116
235097,2020,12349.0,133.0,390.0,415.0,1990.0,57.0,6709.0,789.0,1597.0,269.0,2963,36,94,78,387,5,1964,194,86,119
235103,2014,8993.0,88.0,1124.0,494.0,688.0,37.0,4167.0,441.0,849.0,1105.0,1580,31,153,91,93,9,825,63,102,213
235103,2015,8571.0,61.0,1140.0,515.0,748.0,45.0,3855.0,475.0,645.0,1087.0,2402,46,333,145,150,15,1216,107,153,237
235103,2016,8348.0,90.0,1111.0,496.0,648.0,34.0,3842.0,465.0,529.0,1133.0,2228,15,279,117,164,9,1093,110,152,289
235103,2017,8100.0,70.0,1006.0,545.0,743.0,41.0,3611.0,446.0,558.0,1080.0,1926,9,250,102,128,9,901,104,135,288
235103,2018,8041.0,55.0,1007.0,574.0,858.0,41.0,3486.0,509.0,526.0,985.0,1897,38,284,131,141,11,844,89,109,250
235103,2019,7877.0,50.0,1028.0,614.0,833.0,50.0,3334.0,500.0,600.0,868.0,1909,11,259,112,139,13,814,110,114,337
235103,2020,6545.0,36.0,888.0,505.0,734.0,34.0,2671.0,505.0,569.0,603.0,1767,14,224,123,118,9,781,94,141,263
235167,2014,4219.0,109.0,91.0,227.0,324.0,13.0,2768.0,314.0,354.0,19.0,1327,41,24,69,88,6,896,79,115,9
235167,2015,4190.0,101.0,116.0,205.0,406.0,14.0,2748.0,337.0,249.0,14.0,1179,25,23,75,65,4,800,78,100,9
235167,2016,4089.0,102.0,112.0,198.0,422.0,14.0,2717.0,317.0,179.0,28.0,1160,33,23,64,87,3,756,96,90,8
235167,2017,3907.0,111.0,102.0,193.0,421.0,18.0,2573.0,302.0,165.0,22.0,1032,24,29,61,96,2,687,59,67,7
235167,2018,3327.0,109.0,86.0,171.0,388.0,16.0,2162.0,228.0,152.0,15.0,1055,31,27,53,96,4,697,83,50,14
235167,2019,2854.0,109.0,77.0,145.0,357.0,11.0,1814.0,185.0,143.0,13.0,998,29,24,56,95,7,667,67,49,4
235167,2020,2281.0,103.0,58.0,121.0,283.0,11.0,1427.0,145.0,126.0,7.0,914,39,26,50,95,5,606,56,34,3
235237,2014,5927.0,44.0,349.0,664.0,683.0,80.0,2944.0,536.0,392.0,235.0,1159,7,56,135,132,21,576,103,49,80
235237,2015,5559.0,43.0,337.0,567.0,622.0,71.0,2736.0,496.0,414.0,273.0,1358,8,56,124,128,10,716,113,117,86
235237,2016,6068.0,49.0,342.0,639.0,759.0,74.0,2854.0,607.0,470.0,274.0,1320,16,68,119,137,15,690,130,70,75
235237,2017,6048.0,48.0,352.0,576.0,813.0,85.0,2794.0,690.0,436.0,254.0,1375,9,81,145,154,18,692,117,79,80
235237,2018,6067.0,37.0,371.0,530.0,908.0,88.0,2813.0,769.0,358.0,193.0,1518,16,88,131,184,12,736,146,108,97
235237,2019,6195.0,43.0,415.0,532.0,1048.0,83.0,2787.0,851.0,282.0,154.0,1303,12,73,111,136,14,638,161,75,83
235237,2020,8329.0,41.0,646.0,626.0,1370.0,132.0,4053.0,947.0,361.0,153.0,1734,8,134,133,254,22,838,203,87,55
235316,2014,7352.0,57.0,289.0,119.0,561.0,27.0,5131.0,307.0,420.0,441.0,2114,24,47,50,168,9,1499,67,104,146
235316,2015,7491.0,58.0,313.0,123.0,629.0,35.0,5237.0,350.0,451.0,295.0,2073,15,82,36,124,6,1427,81,139,163
235316,2016,7567.0,62.0,339.0,127.0,659.0,22.0,5257.0,372.0,421.0,308.0,1997,23,62,34,153,14,1385,82,76,168
235316,2017,7506.0,61.0,322.0,128.0,691.0,25.0,5274.0,389.0,381.0,235.0,2086,18,86,33,159,7,1464,100,112,107
235316,2018,7563.0,57.0,351.0,132.0,716.0,27.0,5284.0,421.0,368.0,207.0,1999,19,73,39,143,4,1387,80,110,144
235316,2019,7537.0,58.0,378.0,131.0,688.0,32.0,5253.0,449.0,359.0,189.0,2200,16,91,35,205,7,1520,105,122,99
235316,2020,7295.0,49.0,371.0,156.0,723.0,21.0,5036.0,470.0,298.0,171.0,2087,21,92,30,167,10,1468,109,96,94
235334,2014,2006.0,66.0,41.0,71.0,199.0,11.0,1369.0,142.0,106.0,1.0,583,17,11,39,47,4,418,26,20,1
235334,2015,1804.0,74.0,40.0,65.0,202.0,7.0,1196.0,139.0,80.0,1.0,567,14,17,29,61,5,388,32,21,0
235334,2016,1973.0,73.0,47.0,71.0,230.0,6.0,1201.0,173.0,171.0,1.0,556,19,14,37,60,2,373,28,22,1
235334,2017,1971.0,55.0,44.0,70.0,242.0,6.0,1207.0,171.0,173.0,3.0,564,27,13,29,63,2,363,35,32,0
235334,2018,1868.0,53.0,35.0,53.0,247.0,12.0,1126.0,172.0,163.0,7.0,555,19,16,28,75,3,344,42,27,1
235334,2019,1853.0,53.0,27.0,81.0,267.0,7.0,1096.0,166.0,150.0,6.0,561,15,17,25,68,6,362,39,28,1
235334,2020,1553.0,27.0,26.0,60.0,224.0,8.0,972.0,166.0,70.0,0.0,480,9,14,27,57,4,302,41,25,1
235343,2014,7915.0,41.0,556.0,342.0,619.0,57.0,3664.0,639.0,734.0,1263.0,1910,13,121,68,133,10,1093,102,138,232
235343,2015,8153.0,53.0,617.0,330.0,686.0,59.0,3600.0,696.0,805.0,1307.0,1912,12,151,81,138,15,974,133,156,252
235343,2016,8050.0,45.0,666.0,344.0,719.0,62.0,3428.0,703.0,669.0,1414.0,2215,15,170,84,180,22,1091,169,167,317
235343,2017,8048.0,41.0,751.0,359.0,751.0,58.0,3333.0,757.0,650.0,1348.0,2149,14,190,64,188,19,1020,172,156,326
235343,2018,8471.0,52.0,834.0,448.0,885.0,72.0,3286.0,868.0,802.0,1224.0,2124,10,212,62,166,24,998,185,158,309
235343,2019,8435.0,53.0,898.0,455.0,1015.0,62.0,3271.0,896.0,655.0,1130.0,2202,11,247,61,223,11,951,228,188,282
235343,2020,7493.0,39.0,906.0,435.0,885.0,57.0,2944.0,855.0,536.0,836.0,2285,7,249,83,252,16,945,220,186,327
235422,2014,1241.0,56.0,20.0,14.0,588.0,1.0,429.0,47.0,78.0,8.0,303,17,7,1,141,1,123,5,5,3
235422,2015,1219.0,70.0,23.0,12.0,584.0,4.0,365.0,50.0,92.0,19.0,330,17,9,7,140,0,138,12,6,1
235422,2016,1124.0,61.0,20.0,10.0,624.0,2.0,323.0,26.0,43.0,15.0,339,13,13,3,136,1,153,11,8,1
235422,2017,1044.0,61.0,22.0,6.0,596.0,0.0,256.0,28.0,61.0,14.0,395,10,15,7,171,2,164,12,14,0
235422,2018,980.0,68.0,23.0,7.0,584.0,0.0,211.0,17.0,58.0,12.0,346,5,12,1,171,0,137,15,3,2
235422,2019,971.0,85.0,17.0,6.0,559.0,0.0,190.0,18.0,92.0,4.0,344,17,17,5,163,0,117,9,14,2
235422,2020,999.0,80.0,27.0,9.0,608.0,0.0,194.0,13.0,65.0,3.0,274,12,9,2,153,0,78,7,12,1
235431,2014,6443.0,41.0,990.0,676.0,733.0,84.0,2180.0,567.0,690.0,482.0,1099,4,155,98,77,14,453,63,113,122
235431,2015,6560.0,32.0,1011.0,685.0,793.0,78.0,2087.0,641.0,703.0,530.0,1543,7,212,159,154,15,544,104,175,173
235431,2016,6750.0,30.0,1041.0,738.0,871.0,87.0,1991.0,750.0,669.0,573.0,1713,8,232,180,166,10,532,146,296,143
235431,2017,6824.0,31.0,1060.0,789.0,956.0,84.0,1826.0,783.0,707.0,588.0,1738,12,252,201,185,16,515,148,253,156
235431,2018,6530.0,32.0,1027.0,809.0,959.0,93.0,1668.0,812.0,685.0,445.0,1487,5,246,153,168,12,445,130,176,152
235431,2019,6310.0,26.0,1015.0,900.0,929.0,92.0,1500.0,823.0,664.0,361.0,1442,6,225,139,168,17,401,152,176,158
235431,2020,5829.0,22.0,999.0,872.0,917.0,97.0,1402.0,716.0,561.0,243.0,1248,3,228,146,150,11,307,154,119,130
235510,2014,414.0,6.0,63.0,72.0,37.0,2.0,197.0,17.0,20.0,0.0,176,4,25,32,11,0,87,9,8,0
235510,2015,372.0,9.0,52.0,72.0,33.0,1.0,169.0,20.0,16.0,0.0,152,2,20,18,12,1,79,6,14,0
235529,2014,295.0,9.0,8.0,12.0,11.0,0.0,236.0,13.0,6.0,0.0,103,4,5,1,4,0,81,6,2,0
235529,2015,248.0,6.0,6.0,10.0,11.0,0.0,201.0,11.0,3.0,0.0,90,3,0,0,2,0,80,4,1,0
235547,2014,1195.0,6.0,118.0,43.0,42.0,0.0,774.0,73.0,65.0,74.0,308,3,34,3,11,0,195,17,19,26
235547,2015,1264.0,9.0,73.0,50.0,41.0,68.0,806.0,80.0,66.0,71.0,298,0,30,6,9,0,194,16,19,24
235547,2016,1258.0,16.0,108.0,66.0,43.0,38.0,788.0,84.0,68.0,47.0,371,0,8,8,6,33,262,17,18,19
235547,2017,1195.0,13.0,147.0,61.0,41.0,18.0,727.0,89.0,75.0,24.0,349,3,12,15,11,23,233,20,13,19
235547,2018,1098.0,11.0,135.0,57.0,40.0,9.0,687.0,71.0,78.0,10.0,340,4,33,10,12,17,216,17,16,15
235547,2019,994.0,8.0,124.0,52.0,31.0,13.0,591.0,97.0,73.0,5.0,384,4,47,6,13,6,242,32,25,9
235547,2020,904.0,8.0,115.0,54.0,21.0,10.0,528.0,92.0,73.0,3.0,306,2,41,8,10,2,202,21,18,2
235699,2014,3660.0,15.0,324.0,111.0,271.0,12.0,2211.0,166.0,485.0,65.0,764,5,69,21,40,1,529,26,59,14
235699,2015,3531.0,16.0,331.0,97.0,247.0,11.0,2167.0,156.0,433.0,73.0,804,4,71,19,59,1,533,36,67,14
235699,2016,3652.0,20.0,358.0,105.0,257.0,12.0,2173.0,162.0,480.0,85.0,838,2,85,20,64,3,529,44,75,16
235699,2017,3697.0,18.0,389.0,89.0,314.0,11.0,2030.0,180.0,580.0,86.0,907,6,76,26,79,4,567,53,72,24
235699,2018,3670.0,15.0,401.0,86.0,308.0,10.0,1885.0,224.0,627.0,114.0,858,5,84,29,82,6,477,40,114,21
235699,2019,3620.0,14.0,394.0,90.0,322.0,11.0,1795.0,211.0,660.0,123.0,888,2,89,21,94,1,480,72,89,40
235699,2020,3319.0,16.0,354.0,93.0,357.0,14.0,1542.0,226.0,622.0,95.0,774,4,91,22,90,1,377,52,88,49
235750,2014,3208.0,33.0,49.0,30.0,244.0,3.0,2467.0,141.0,235.0,6.0,753,12,14,12,46,2,598,21,47,1
235750,2015,2969.0,34.0,62.0,39.0,259.0,4.0,2187.0,166.0,203.0,15.0,821,9,19,12,40,0,659,22,60,0
235750,2016,2787.0,39.0,56.0,23.0,254.0,3.0,2079.0,141.0,173.0,19.0,817,6,15,8,58,0,632,41,55,2
235750,2017,2935.0,39.0,72.0,38.0,291.0,6.0,2144.0,172.0,155.0,18.0,714,12,17,5,60,1,541,28,49,1
235750,2018,2819.0,38.0,60.0,38.0,321.0,8.0,1994.0,184.0,150.0,26.0,685,8,21,4,62,0,504,43,38,5
235750,2019,2703.0,32.0,68.0,33.0,273.0,7.0,1963.0,178.0,121.0,28.0,649,9,15,6,63,1,462,43,40,10
235750,2020,2325.0,18.0,63.0,41.0,241.0,8.0,1733.0,130.0,71.0,20.0,536,6,14,9,41,3,401,36,19,7
235769,2014,211.0,3.0,15.0,36.0,38.0,4.0,111.0,1.0,3.0,0.0,41,1,1,2,10,0,27,0,0,0
235769,2015,211.0,2.0,12.0,33.0,45.0,4.0,66.0,6.0,38.0,5.0,41,0,4,5,5,1,18,0,0,8
236072,2014,6493.0,34.0,592.0,365.0,368.0,17.0,2811.0,408.0,1179.0,719.0,1071,6,101,54,61,3,478,67,136,165
236072,2015,6310.0,27.0,581.0,358.0,393.0,23.0,2642.0,397.0,1195.0,694.0,1225,6,113,49,54,3,518,91,182,209
236072,2016,6266.0,31.0,580.0,339.0,419.0,23.0,2610.0,467.0,1146.0,651.0,1248,9,128,61,84,6,509,74,168,209
236072,2017,6259.0,28.0,512.0,373.0,477.0,20.0,2642.0,456.0,1139.0,612.0,1252,6,146,72,79,3,529,83,172,162
236072,2018,5929.0,31.0,529.0,392.0,471.0,19.0,2426.0,483.0,1106.0,472.0,1189,6,106,50,84,8,489,100,152,194
236072,2019,5693.0,25.0,536.0,384.0,473.0,16.0,2389.0,485.0,1043.0,342.0,1165,4,111,83,96,3,452,78,174,164
236072,2020,5240.0,19.0,494.0,398.0,509.0,10.0,2231.0,498.0,877.0,204.0,890,3,91,53,74,3,359,84,110,113
236133,2014,1862.0,24.0,112.0,83.0,140.0,27.0,1205.0,82.0,133.0,56.0,405,5,22,18,30,8,296,11,6,9
236133,2015,1236.0,15.0,74.0,54.0,90.0,13.0,812.0,52.0,36.0,90.0,361,8,21,7,19,4,271,14,5,12
236133,2016,1226.0,18.0,60.0,60.0,99.0,13.0,786.0,56.0,15.0,119.0,361,4,22,10,18,6,261,19,2,19
236133,2017,1250.0,18.0,82.0,48.0,99.0,19.0,787.0,61.0,9.0,127.0,366,2,23,14,22,0,258,20,6,21
236133,2018,1321.0,20.0,81.0,52.0,110.0,18.0,818.0,86.0,4.0,132.0,359,3,27,15,24,6,243,16,4,21
236133,2019,1339.0,17.0,87.0,57.0,115.0,25.0,787.0,79.0,34.0,138.0,416,7,30,13,35,1,280,20,0,30
236133,2020,1184.0,12.0,79.0,42.0,92.0,10.0,654.0,70.0,137.0,88.0,446,4,53,22,37,6,288,26,1,9
236188,2014,7349.0,87.0,363.0,268.0,489.0,89.0,4995.0,548.0,408.0,102.0,2146,20,112,65,108,23,1546,133,126,13
236188,2015,7177.0,74.0,354.0,240.0,473.0,95.0,4847.0,582.0,387.0,125.0,1705,13,81,41,97,20,1238,110,87,18
236188,2016,6527.0,73.0,339.0,233.0,461.0,78.0,4308.0,589.0,348.0,98.0,2237,21,109,57,122,23,1638,147,97,23
236188,2017,6476.0,74.0,338.0,203.0,556.0,84.0,4179.0,587.0,334.0,121.0,1870,17,105,58,109,26,1293,147,88,27
236188,2018,6620.0,60.0,376.0,227.0,604.0,72.0,4149.0,621.0,395.0,116.0,1884,17,104,51,131,20,1284,161,87,29
236188,2019,6278.0,75.0,344.0,189.0,610.0,62.0,3906.0,662.0,334.0,96.0,1893,20,117,44,130,33,1247,158,104,40
236188,2020,5357.0,50.0,338.0,144.0,533.0,50.0,3382.0,552.0,243.0,65.0,1823,19,111,53,152,22,1203,161,71,31
236230,2014,3242.0,28.0,218.0,95.0,249.0,24.0,2181.0,233.0,52.0,162.0,902,4,50,17,41,7,685,41,11,46
236230,2015,3170.0,29.0,247.0,84.0,247.0,31.0,2118.0,219.0,53.0,142.0,913,7,45,20,65,0,662,58,12,44
236230,2016,3072.0,24.0,284.0,101.0,259.0,31.0,2002.0,223.0,56.0,92.0,891,9,47,17,57,6,618,65,17,55
236230,2017,3122.0,18.0,303.0,112.0,278.0,31.0,1944.0,249.0,83.0,104.0,874,6,59,21,66,3,605,57,19,38
236230,2018,3207.0,17.0,311.0,132.0,364.0,33.0,1867.0,294.0,93.0,96.0,740,6,53,17,54,6,532,42,8,22
236230,2019,3062.0,14.0,315.0,115.0,368.0,39.0,1749.0,314.0,75.0,73.0,847,8,77,32,68,4,539,53,19,47
236230,2020,2907.0,6.0,310.0,119.0,379.0,37.0,1651.0,305.0,51.0,49.0,866,5,81,29,95,8,523,79,17,29
236258,2014,2342.0,93.0,39.0,68.0,157.0,6.0,1410.0,133.0,336.0,100.0,788,32,5,17,32,4,563,32,69,34
236258,2015,2271.0,95.0,47.0,73.0,161.0,10.0,1340.0,135.0,297.0,113.0,772,31,26,14,35,5,522,33,65,41
236258,2016,2173.0,104.0,53.0,72.0,182.0,8.0,1231.0,159.0,256.0,108.0,857,26,21,33,62,2,540,34,88,51
236258,2017,2094.0,87.0,41.0,69.0,169.0,7.0,1254.0,139.0,253.0,75.0,782,27,14,17,49,3,462,59,76,75
236258,2018,2052.0,78.0,54.0,61.0,167.0,4.0,1175.0,170.0,289.0,54.0,791,20,12,31,53,4,499,51,67,54
236258,2019,1966.0,77.0,45.0,56.0,159.0,5.0,1120.0,163.0,282.0,59.0,763,24,18,33,52,0,475,52,75,34
236258,2020,1727.0,67.0,37.0,51.0,165.0,5.0,1042.0,114.0,192.0,54.0,522,16,12,10,47,1,326,48,45,17
236328,2014,2826.0,4.0,189.0,29.0,191.0,1.0,2112.0,248.0,41.0,11.0,679,0,39,6,48,1,531,49,4,1
236328,2015,2774.0,4.0,178.0,26.0,191.0,4.0,2052.0,232.0,77.0,10.0,716,1,40,4,45,1,552,62,7,4
236328,2016,2791.0,6.0,182.0,27.0,208.0,8.0,2025.0,222.0,100.0,13.0,645,2,35,10,46,0,485,58,7,2
236328,2017,2701.0,2.0,175.0,31.0,225.0,9.0,1910.0,224.0,110.0,15.0,665,2,55,6,36,0,493,59,14,0
236328,2018,2666.0,3.0,182.0,48.0,230.0,14.0,1834.0,226.0,118.0,11.0,700,1,45,8,49,0,513,54,26,4
236328,2019,2608.0,9.0,198.0,46.0,263.0,12.0,1741.0,236.0,93.0,10.0,662,0,39,5,44,2,492,48,30,2
236328,2020,2130.0,8.0,175.0,46.0,226.0,13.0,1401.0,184.0,67.0,10.0,763,1,49,5,64,3,544,48,45,4
236382,2014,3359.0,27.0,428.0,303.0,250.0,18.0,1339.0,112.0,878.0,4.0,788,4,161,85,62,8,368,35,62,3
236382,2015,3961.0,35.0,431.0,329.0,294.0,21.0,1361.0,131.0,1351.0,8.0,895,7,173,106,65,9,422,50,61,2
236382,2016,3587.0,29.0,385.0,300.0,289.0,22.0,1150.0,131.0,1269.0,12.0,960,17,201,109,101,10,410,42,67,3
236382,2017,3763.0,24.0,425.0,361.0,284.0,25.0,1203.0,133.0,1295.0,13.0,894,20,181,93,95,8,384,43,65,5
236382,2018,3546.0,33.0,391.0,366.0,316.0,30.0,860.0,131.0,1404.0,15.0,856,14,181,100,90,5,351,44,69,2
236382,2019,3755.0,29.0,370.0,375.0,374.0,22.0,847.0,119.0,1606.0,13.0,833,6,200,107,104,10,298,54,46,8
236382,2020,3214.0,15.0,332.0,317.0,325.0,13.0,692.0,148.0,1355.0,17.0,538,3,106,77,67,6,227,21,27,4
236452,2014,1801.0,9.0,80.0,109.0,181.0,38.0,1016.0,123.0,97.0,148.0,448,8,30,30,36,6,218,30,50,40
236452,2015,1719.0,21.0,83.0,129.0,199.0,38.0,947.0,93.0,83.0,126.0,558,3,23,33,51,7,307,40,51,43
236452,2016,1586.0,17.0,91.0,103.0,220.0,38.0,854.0,92.0,83.0,88.0,475,4,19,36,42,5,264,31,27,47
236452,2017,1565.0,18.0,136.0,97.0,210.0,62.0,759.0,101.0,91.0,91.0,481,3,26,15,51,5,295,31,26,29
236452,2018,1607.0,24.0,141.0,100.0,202.0,67.0,796.0,110.0,80.0,87.0,506,3,59,49,67,8,237,31,27,25
236452,2019,1629.0,21.0,157.0,105.0,230.0,69.0,729.0,140.0,103.0,75.0,490,4,68,33,50,15,264,23,19,14
236452,2020,1638.0,13.0,160.0,110.0,269.0,65.0,727.0,166.0,82.0,46.0,510,5,64,33,72,13,246,34,18,25
236504,2014,5535.0,67.0,595.0,583.0,382.0,41.0,2519.0,250.0,727.0,371.0,1018,21,156,164,78,19,378,48,91,63
236504,2015,6076.0,62.0,587.0,559.0,445.0,44.0,2568.0,322.0,1052.0,437.0,1186,20,151,183,96,19,405,69,158,85
236504,2016,6346.0,50.0,553.0,565.0,472.0,52.0,2570.0,414.0,1243.0,427.0,1072,8,136,163,100,8,331,60,169,97
236504,2017,6716.0,52.0,572.0,506.0,495.0,48.0,2562.0,448.0,1616.0,417.0,686,6,86,83,56,6,238,37,63,111
236504,2018,6177.0,48.0,545.0,480.0,427.0,41.0,2262.0,470.0,1500.0,404.0,661,5,110,83,54,4,210,37,50,108
236504,2019,6141.0,46.0,509.0,529.0,461.0,48.0,2205.0,482.0,1506.0,355.0,698,1,112,63,59,4,222,61,55,121
236504,2020,5324.0,32.0,467.0,434.0,398.0,45.0,1890.0,436.0,1407.0,215.0,751,9,110,78,73,4,198,69,58,152
236513,2014,6773.0,39.0,724.0,601.0,387.0,19.0,2353.0,437.0,749.0,1464.0,1119,4,111,70,57,2,349,68,65,393
236513,2015,6574.0,33.0,715.0,592.0,420.0,22.0,2207.0,460.0,722.0,1403.0,1345,6,140,106,65,2,418,66,72,470
236513,2016,6705.0,26.0,747.0,648.0,447.0,25.0,2219.0,535.0,752.0,1306.0,1144,8,135,94,68,5,353,66,67,348
236513,2017,6928.0,35.0,897.0,765.0,531.0,26.0,2084.0,580.0,834.0,1176.0,1295,7,164,170,86,5,342,71,80,370
236513,2018,6802.0,27.0,837.0,769.0,539.0,18.0,2012.0,569.0,945.0,1086.0,1409,4,182,157,75,9,389,112,113,368
236513,2019,6743.0,31.0,937.0,857.0,547.0,18.0,2113.0,655.0,662.0,923.0,1356,7,184,136,100,2,370,99,102,356
236513,2020,5763.0,22.0,864.0,775.0,507.0,26.0,1693.0,583.0,678.0,615.0,1185,4,155,152,87,2,338,93,71,283
236577,2014,4217.0,19.0,430.0,152.0,334.0,11.0,2682.0,292.0,142.0,155.0,1071,4,95,29,47,1,757,46,66,26
236577,2015,4175.0,24.0,413.0,145.0,342.0,14.0,2428.0,281.0,340.0,188.0,1113,2,97,26,78,2,772,57,46,33
236577,2016,4061.0,19.0,401.0,138.0,340.0,18.0,2219.0,297.0,440.0,189.0,1339,9,118,39,78,4,892,60,91,48
236577,2017,3783.0,14.0,389.0,143.0,359.0,28.0,2048.0,272.0,334.0,196.0,1466,10,121,36,104,2,949,81,113,50
236577,2018,3688.0,12.0,450.0,178.0,410.0,24.0,1988.0,266.0,150.0,210.0,1217,4,114,31,97,1,785,84,48,53
236577,2019,3529.0,13.0,441.0,180.0,437.0,25.0,1811.0,282.0,127.0,213.0,1153,5,111,40,90,4,748,63,35,57
236577,2020,3601.0,18.0,471.0,217.0,486.0,19.0,1800.0,275.0,121.0,194.0,1023,2,106,32,83,10,618,67,43,62
236595,2014,7273.0,41.0,1011.0,215.0,612.0,43.0,3491.0,457.0,740.0,663.0,2483,11,332,96,172,20,1308,127,180,237
236595,2015,7405.0,34.0,1035.0,235.0,625.0,47.0,3418.0,473.0,815.0,723.0,2269,13,318,59,173,6,1127,118,194,261
236595,2016,7487.0,37.0,1122.0,238.0,724.0,47.0,3572.0,529.0,436.0,782.0,2380,9,331,68,175,12,1148,144,214,279
236595,2017,7278.0,33.0,1030.0,230.0,773.0,50.0,3247.0,531.0,642.0,742.0,2345,9,300,56,163,11,1062,131,313,300
236595,2018,7291.0,26.0,1022.0,266.0,849.0,47.0,3117.0,511.0,713.0,740.0,2380,0,309,70,198,0,990,145,370,298
236595,2019,7199.0,29.0,1096.0,303.0,851.0,47.0,3030.0,535.0,554.0,754.0,2325,0,270,60,206,0,936,148,409,296
236595,2020,7050.0,28.0,1226.0,330.0,836.0,58.0,3010.0,567.0,326.0,669.0,2242,0,294,77,231,0,878,125,348,289
236638,2014,4993.0,48.0,179.0,112.0,707.0,18.0,3523.0,186.0,76.0,144.0,886,6,29,15,87,8,652,29,10,50
236638,2015,5290.0,45.0,163.0,101.0,853.0,25.0,3675.0,201.0,82.0,145.0,1012,9,34,28,116,8,721,27,32,37
236638,2016,5086.0,33.0,154.0,93.0,837.0,29.0,3472.0,216.0,92.0,160.0,1114,6,67,31,130,1,776,34,27,42
236638,2017,4670.0,31.0,138.0,70.0,796.0,21.0,3154.0,275.0,56.0,129.0,1137,12,40,22,163,7,783,53,17,40
236638,2018,5159.0,42.0,150.0,93.0,921.0,29.0,3427.0,305.0,99.0,93.0,1153,5,40,20,185,5,752,62,39,45
236638,2019,5085.0,28.0,140.0,75.0,1098.0,29.0,3270.0,329.0,37.0,79.0,1013,5,38,14,179,4,672,43,15,43
236638,2020,4227.0,29.0,131.0,72.0,868.0,24.0,2625.0,313.0,123.0,42.0,994,9,27,16,200,3,639,73,9,18
236692,2014,9974.0,155.0,147.0,177.0,429.0,23.0,6305.0,368.0,2323.0,47.0,1408,18,28,27,69,2,1116,69,67,12
236692,2015,10213.0,135.0,160.0,159.0,408.0,27.0,5963.0,359.0,2940.0,62.0,1459,27,28,35,82,5,1137,57,80,8
236692,2016,10100.0,130.0,164.0,181.0,375.0,26.0,5424.0,228.0,3504.0,68.0,1255,20,30,26,80,1,929,52,108,9
236692,2017,10014.0,108.0,165.0,169.0,393.0,21.0,4933.0,324.0,3831.0,70.0,1409,17,39,21,78,1,1073,60,109,11
236692,2018,10375.0,98.0,157.0,143.0,424.0,26.0,4758.0,321.0,4380.0,68.0,1428,25,38,26,72,1,1033,65,151,17
236692,2019,10225.0,99.0,144.0,161.0,504.0,26.0,4791.0,334.0,4106.0,60.0,1410,13,44,28,90,1,965,68,180,21
236692,2020,7081.0,53.0,148.0,162.0,551.0,20.0,4173.0,339.0,1592.0,43.0,1161,16,32,16,85,5,790,48,158,11
236708,2014,5970.0,90.0,106.0,142.0,505.0,18.0,4337.0,412.0,224.0,136.0,1186,18,26,25,69,2,914,48,51,33
236708,2015,5377.0,74.0,112.0,147.0,445.0,16.0,3985.0,322.0,195.0,81.0,1201,18,17,20,74,5,927,69,40,31
236708,2016,5639.0,109.0,143.0,182.0,457.0,33.0,3890.0,188.0,514.0,123.0,995,4,19,22,67,1,755,60,57,10
236708,2017,5589.0,77.0,106.0,110.0,409.0,24.0,3538.0,302.0,832.0,191.0,1054,9,25,28,64,2,810,48,51,17
236708,2018,5184.0,74.0,108.0,111.0,385.0,17.0,3050.0,286.0,920.0,233.0,1265,24,26,16,76,3,909,60,121,30
236708,2019,5023.0,63.0,107.0,126.0,421.0,11.0,3051.0,294.0,741.0,209.0,1198,15,21,20,74,2,769,59,164,74
236708,2020,4189.0,39.0,96.0,86.0,403.0,11.0,2785.0,277.0,381.0,111.0,1121,13,25,19,90,2,729,43,141,59
236753,2014,7189.0,65.0,456.0,562.0,624.0,61.0,3314.0,684.0,1064.0,359.0,1520,10,108,114,117,10,793,113,197,58
236753,2015,7197.0,91.0,474.0,616.0,659.0,56.0,3389.0,608.0,946.0,358.0,1518,16,85,104,112,10,816,119,189,67
236753,2016,6699.0,97.0,509.0,606.0,608.0,71.0,3068.0,309.0,1109.0,322.0,1357,17,97,92,99,8,704,87,194,59
236753,2017,6496.0,65.0,430.0,472.0,598.0,56.0,2906.0,503.0,1142.0,324.0,1384,22,68,108,101,8,706,117,192,62
236753,2018,6242.0,34.0,385.0,396.0,622.0,60.0,2719.0,512.0,1247.0,267.0,1405,15,100,111,110,7,682,87,210,83
236753,2019,6095.0,38.0,426.0,448.0,661.0,56.0,2723.0,546.0,974.0,223.0,1588,15,107,86,132,14,768,131,261,74
236753,2020,5823.0,39.0,492.0,395.0,815.0,51.0,2858.0,563.0,460.0,150.0,1267,9,88,72,112,11,626,102,176,71
236887,2014,4851.0,96.0,36.0,261.0,783.0,27.0,3032.0,201.0,408.0,7.0,1511,34,16,103,228,8,1017,54,50,1
236887,2015,4617.0,87.0,58.0,254.0,760.0,33.0,2805.0,211.0,401.0,8.0,1512,28,19,84,228,5,1002,53,89,4
236887,2016,4327.0,68.0,53.0,206.0,725.0,27.0,2663.0,213.0,360.0,12.0,1359,24,18,64,230,4,894,55,68,2
236887,2017,4253.0,56.0,43.0,202.0,785.0,28.0,2617.0,215.0,289.0,18.0,1207,18,22,60,237,6,764,57,38,5
236887,2018,3860.0,54.0,45.0,155.0,672.0,34.0,2341.0,200.0,341.0,18.0,1227,12,23,49,250,7,760,78,45,3
236887,2019,3671.0,41.0,53.0,124.0,797.0,20.0,2082.0,228.0,309.0,17.0,1109,11,15,51,203,10,709,50,53,7
236887,2020,2940.0,40.0,50.0,135.0,673.0,11.0,1644.0,187.0,186.0,14.0,894,9,15,28,163,6,564,59,46,4
236896,2014,1887.0,22.0,122.0,55.0,234.0,8.0,1344.0,5.0,84.0,13.0,412,12,19,6,35,1,321,0,8,10
236896,2015,1840.0,19.0,117.0,53.0,259.0,15.0,1286.0,12.0,67.0,12.0,437,7,16,9,41,0,342,0,15,7
236896,2016,1894.0,28.0,101.0,54.0,272.0,13.0,1247.0,10.0,111.0,58.0,438,8,27,6,50,2,331,2,7,5
236896,2017,1825.0,19.0,156.0,52.0,280.0,18.0,1193.0,8.0,33.0,66.0,433,7,25,11,56,1,314,4,13,2
236896,2018,1837.0,16.0,94.0,41.0,319.0,6.0,1089.0,146.0,18.0,108.0,426,6,35,14,44,1,319,3,2,2
236896,2019,1831.0,10.0,85.0,42.0,330.0,4.0,1082.0,135.0,17.0,126.0,449,4,33,16,56,1,331,0,7,1
236896,2020,1737.0,8.0,95.0,39.0,328.0,5.0,981.0,153.0,25.0,103.0,447,9,29,14,79,2,280,27,7,0
236939,2014,28686.0,169.0,1497.0,896.0,3077.0,100.0,18000.0,1863.0,1138.0,1946.0,6182,37,331,123,446,22,4202,236,282,503
236939,2015,29686.0,173.0,1544.0,932.0,3490.0,104.0,17850.0,2001.0,1438.0,2154.0,6651,33,339,160,479,23,4469,332,257,559
236939,2016,30142.0,227.0,1706.0,919.0,3827.0,104.0,17430.0,1915.0,1886.0,2128.0,6867,30,365,167,656,22,4351,403,329,544
236939,2017,30614.0,197.0,1799.0,928.0,4016.0,112.0,17696.0,1868.0,1804.0,2194.0,7108,38,346,184,681,19,4521,414,332,573
236939,2018,31478.0,187.0,1932.0,964.0,4334.0,136.0,18330.0,1882.0,1473.0,2240.0,7003,52,384,187,753,20,4162,412,449,584
236939,2019,31607.0,176.0,2026.0,875.0,4528.0,120.0,18514.0,1914.0,1187.0,2267.0,7312,39,426,222,828,29,4300,411,459,598
236939,2020,31159.0,152.0,2045.0,892.0,4650.0,114.0,18443.0,1963.0,981.0,1919.0,7605,51,457,178,962,24,4510,406,373,644
236948,2014,44784.0,233.0,8702.0,1093.0,2917.0,160.0,21015.0,2407.0,1580.0,6677.0,11991,109,2369,350,684,52,6317,283,458,1369
236948,2015,45408.0,220.0,8936.0,1102.0,3059.0,163.0,21046.0,2566.0,1331.0,6985.0,12194,82,2255,313,722,43,6140,503,358,1778
236948,2016,45591.0,219.0,9256.0,1168.0,3188.0,167.0,20694.0,2705.0,1152.0,7042.0,12365,56,2247,311,791,52,6084,663,304,1857
236948,2017,46166.0,220.0,9370.0,1333.0,3395.0,161.0,20345.0,2892.0,1094.0,7356.0,12649,56,2327,294,845,43,6133,673,265,2013
236948,2018,47400.0,214.0,9921.0,1388.0,3572.0,148.0,19942.0,2989.0,1395.0,7831.0,12968,53,2445,349,858,38,6258,698,271,1998
236948,2019,47576.0,197.0,10157.0,1394.0,3799.0,159.0,19193.0,3055.0,1504.0,8118.0,13533,65,2634,392,901,40,6228,808,255,2210
236948,2020,48149.0,214.0,10652.0,1517.0,4044.0,163.0,19099.0,3205.0,1477.0,7778.0,13594,55,2674,382,1011,38,6131,803,239,2261
236975,2014,3510.0,73.0,35.0,24.0,1229.0,1.0,1909.0,112.0,123.0,4.0,930,16,9,4,317,0,525,18,38,3
236975,2015,3218.0,66.0,46.0,27.0,1155.0,1.0,1715.0,100.0,106.0,2.0,1066,13,6,4,433,1,536,25,46,2
236975,2016,3440.0,69.0,49.0,24.0,1325.0,3.0,1742.0,113.0,115.0,0.0,1001,22,15,6,407,0,522,5,23,1
236975,2017,3556.0,108.0,58.0,30.0,1305.0,4.0,1822.0,112.0,117.0,0.0,961,22,7,6,402,1,453,24,46,0
236975,2018,3444.0,62.0,42.0,27.0,1365.0,4.0,1676.0,146.0,115.0,7.0,1003,34,23,4,383,1,491,32,33,2
236975,2019,3352.0,64.0,36.0,30.0,1356.0,1.0,1562.0,142.0,152.0,9.0,931,13,12,8,330,3,500,35,28,2
236975,2020,3090.0,65.0,36.0,13.0,1214.0,3.0,1456.0,144.0,150.0,9.0,871,10,19,3,340,0,423,38,35,3
237011,2014,15060.0,65.0,971.0,224.0,1095.0,28.0,11200.0,1164.0,156.0,157.0,3420,20,198,57,204,3,2635,212,52,39
237011,2015,15332.0,62.0,1014.0,258.0,1183.0,36.0,11217.0,1262.0,144.0,156.0,3455,21,208,47,218,6,2652,233,37,33
237011,2016,15574.0,61.0,991.0,254.0,1298.0,29.0,11275.0,1300.0,185.0,181.0,3615,21,207,48,242,11,2770,245,37,34
237011,2017,15915.0,63.0,1001.0,258.0,1398.0,28.0,11416.0,1330.0,233.0,188.0,3693,14,225,58,272,2,2760,295,28,39
237011,2018,16121.0,55.0,996.0,260.0,1495.0,32.0,11429.0,1357.0,314.0,183.0,3741,16,212,50,307,6,2764,308,34,44
237011,2019,16142.0,63.0,987.0,257.0,1617.0,28.0,11249.0,1391.0,352.0,198.0,3834,7,247,67,296,4,2789,322,55,47
237011,2020,15197.0,68.0,966.0,260.0,1575.0,20.0,10463.0,1374.0,343.0,128.0,3837,14,228,54,341,7,2757,308,76,52
237039,2014,4176.0,31.0,145.0,54.0,393.0,16.0,2701.0,233.0,376.0,227.0,988,7,39,9,72,4,675,52,72,58
237039,2015,4391.0,29.0,175.0,45.0,495.0,7.0,2785.0,268.0,311.0,276.0,1203,8,48,11,81,5,806,66,109,69
237039,2016,4507.0,32.0,191.0,51.0,550.0,13.0,2819.0,289.0,294.0,268.0,1097,3,47,8,100,3,738,59,81,58
237039,2017,4411.0,55.0,193.0,50.0,528.0,19.0,2731.0,327.0,271.0,237.0,1035,6,41,6,91,1,684,54,69,83
237039,2018,4263.0,41.0,214.0,67.0,505.0,17.0,2586.0,327.0,274.0,232.0,1210,5,44,12,125,4,783,77,92,68
237039,2019,4152.0,39.0,228.0,73.0,563.0,9.0,2456.0,314.0,275.0,195.0,1144,7,52,6,105,7,760,65,75,67
237039,2020,2719.0,25.0,155.0,39.0,339.0,13.0,1582.0,201.0,215.0,150.0,1065,6,55,13,114,4,648,75,82,68
237057,2014,1498.0,5.0,80.0,14.0,117.0,0.0,1090.0,85.0,49.0,58.0,414,5,35,10,33,1,284,13,21,12
237057,2015,1470.0,5.0,72.0,17.0,104.0,0.0,1053.0,104.0,44.0,71.0,374,2,27,3,27,0,285,9,16,5
237057,2016,1493.0,5.0,67.0,21.0,109.0,5.0,1052.0,101.0,47.0,86.0,368,2,20,2,24,0,279,20,8,13
237057,2017,1510.0,8.0,75.0,22.0,107.0,7.0,1023.0,107.0,58.0,103.0,369,1,13,4,32,0,273,20,11,15
237057,2018,1475.0,8.0,85.0,26.0,109.0,9.0,957.0,98.0,64.0,119.0,376,0,18,6,29,0,279,24,5,15
237057,2019,1579.0,7.0,97.0,34.0,129.0,8.0,998.0,105.0,62.0,139.0,337,1,19,4,14,1,245,27,8,18
237057,2020,1360.0,3.0,96.0,34.0,123.0,6.0,810.0,93.0,57.0,138.0,403,3,18,6,31,3,278,24,11,29
237066,2014,2654.0,19.0,90.0,51.0,205.0,12.0,2028.0,133.0,40.0,76.0,600,5,13,5,48,2,489,22,7,9
237066,2015,2650.0,18.0,111.0,57.0,198.0,7.0,1995.0,156.0,33.0,75.0,655,4,14,9,43,2,535,24,16,8
237066,2016,2634.0,17.0,113.0,52.0,222.0,6.0,1945.0,162.0,32.0,85.0,681,1,19,12,46,1,541,38,11,12
237066,2017,2627.0,21.0,115.0,53.0,235.0,12.0,1889.0,172.0,31.0,99.0,667,5,14,9,42,1,544,33,9,10
237066,2018,2776.0,20.0,116.0,59.0,274.0,22.0,1942.0,217.0,30.0,96.0,731,4,37,13,65,1,555,29,7,20
237066,2019,2814.0,20.0,124.0,60.0,318.0,32.0,1874.0,255.0,22.0,109.0,704,4,28,17,61,0,535,40,5,14
237066,2020,2756.0,16.0,118.0,64.0,345.0,40.0,1826.0,239.0,16.0,92.0,729,5,22,12,57,1,552,51,6,23
237109,2014,3950.0,64.0,25.0,58.0,1843.0,7.0,1743.0,182.0,25.0,3.0,1040,14,16,13,446,0,502,37,11,1
237109,2015,3960.0,51.0,32.0,48.0,1919.0,4.0,1641.0,176.0,86.0,3.0,1556,29,7,15,708,1,707,62,26,1
237109,2016,4101.0,61.0,47.0,42.0,2063.0,7.0,1537.0,218.0,120.0,6.0,1485,28,11,16,662,0,647,66,54,1
237109,2017,4007.0,62.0,46.0,40.0,2073.0,3.0,1435.0,196.0,134.0,18.0,1315,20,12,8,652,1,516,63,43,0
237109,2018,4456.0,72.0,58.0,38.0,2454.0,9.0,1419.0,210.0,179.0,17.0,1246,14,15,6,648,2,451,58,47,5
237109,2019,4650.0,62.0,54.0,33.0,2611.0,8.0,1498.0,196.0,174.0,14.0,1281,14,18,5,694,0,436,60,48,6
237109,2020,3954.0,50.0,54.0,34.0,2223.0,11.0,1266.0,165.0,141.0,10.0,1320,22,17,8,750,0,412,64,44,3
245883,2014,809.0,11.0,25.0,50.0,35.0,2.0,544.0,35.0,105.0,2.0,277,12,7,16,0,3,186,0,51,2
245883,2015,656.0,3.0,18.0,27.0,39.0,1.0,436.0,35.0,96.0,1.0,238,2,7,16,1,1,173,7,31,0
245883,2016,568.0,3.0,22.0,28.0,48.0,0.0,347.0,35.0,84.0,1.0,188,0,4,8,8,1,132,4,31,0
245883,2017,614.0,4.0,29.0,32.0,46.0,0.0,381.0,35.0,86.0,1.0,191,0,4,8,10,0,132,14,23,0
245883,2018,605.0,4.0,23.0,29.0,45.0,0.0,418.0,29.0,43.0,14.0,176,1,8,9,12,0,108,4,33,1
245883,2019,665.0,3.0,32.0,26.0,47.0,1.0,400.0,24.0,118.0,14.0,211,2,2,13,21,0,120,15,31,7
245883,2020,735.0,1.0,38.0,32.0,51.0,2.0,439.0,26.0,135.0,11.0,235,4,7,10,34,0,111,12,53,4
377546,2014,94.0,4.0,2.0,2.0,9.0,2.0,55.0,8.0,11.0,1.0,20,0,1,0,2,0,16,1,0,0
377546,2015,100.0,6.0,3.0,4.0,4.0,3.0,80.0,0.0,0.0,0.0,14,0,0,0,1,1,12,0,0,0
377546,2016,98.0,8.0,5.0,3.0,5.0,2.0,72.0,2.0,1.0,0.0,18,1,0,0,3,0,9,2,3,0
377546,2017,85.0,4.0,7.0,5.0,3.0,2.0,57.0,7.0,0.0,0.0,27,2,1,1,1,1,13,8,0,0
377546,2018,85.0,5.0,10.0,5.0,2.0,2.0,59.0,2.0,0.0,0.0,17,1,0,1,2,0,10,0,3,0
377546,2019,95.0,2.0,13.0,3.0,11.0,4.0,62.0,0.0,0.0,0.0,14,0,0,0,1,0,13,0,0,0
377546,2020,101.0,4.0,14.0,6.0,14.0,3.0,58.0,0.0,2.0,0.0,20,0,0,0,2,0,18,0,0,0
377555,2014,4962.0,21.0,1217.0,257.0,415.0,44.0,2267.0,280.0,73.0,388.0,1409,13,298,60,83,3,771,42,33,106
377555,2015,5277.0,19.0,1282.0,297.0,461.0,36.0,2323.0,306.0,77.0,476.0,1596,6,343,62,112,13,869,77,23,91
377555,2016,5734.0,16.0,1473.0,343.0,513.0,40.0,2344.0,328.0,88.0,589.0,1709,9,330,97,124,9,883,85,37,135
377555,2017,5981.0,16.0,1544.0,371.0,546.0,35.0,2402.0,354.0,137.0,576.0,1775,6,396,84,122,10,814,107,28,208
377555,2018,5970.0,28.0,1699.0,385.0,562.0,30.0,2215.0,370.0,113.0,568.0,1964,6,421,107,129,16,897,93,45,250
377555,2019,5913.0,23.0,1789.0,403.0,571.0,27.0,2125.0,355.0,95.0,525.0,2031,3,466,108,166,11,868,107,62,240
377555,2020,6304.0,20.0,2007.0,471.0,638.0,23.0,2190.0,394.0,114.0,447.0,2009,11,526,135,183,10,744,103,37,260
377564,2014,4477.0,47.0,718.0,332.0,439.0,64.0,2096.0,323.0,224.0,234.0,1447,14,158,102,106,15,802,75,99,76
377564,2015,4599.0,43.0,790.0,333.0,508.0,65.0,2026.0,363.0,162.0,309.0,1576,20,209,109,122,11,809,106,84,106
377564,2016,4987.0,35.0,898.0,367.0,635.0,64.0,2146.0,411.0,111.0,320.0,1603,14,212,101,142,16,787,135,85,111
377564,2017,5162.0,38.0,915.0,434.0,718.0,63.0,2180.0,429.0,97.0,288.0,1675,10,273,117,165,16,746,122,49,177
377564,2018,5354.0,42.0,978.0,482.0,751.0,60.0,2216.0,446.0,109.0,270.0,1733,14,288,120,193,15,800,136,30,137
377564,2019,5329.0,39.0,1020.0,474.0,763.0,66.0,2130.0,438.0,123.0,276.0,1863,9,317,146,248,22,810,134,42,135
377564,2020,5364.0,42.0,1068.0,504.0,808.0,72.0,2069.0,456.0,115.0,230.0,1909,13,330,162,225,18,823,144,49,145
380377,2014,637.0,549.0,0.0,2.0,15.0,5.0,25.0,34.0,4.0,3.0,87,83,0,1,0,0,2,1,0,0
380377,2015,641.0,554.0,0.0,3.0,24.0,4.0,17.0,36.0,1.0,2.0,98,94,0,0,0,0,1,3,0,0
380377,2016,579.0,492.0,0.0,4.0,21.0,5.0,14.0,41.0,1.0,1.0,130,120,0,1,0,2,5,2,0,0
380377,2017,544.0,433.0,11.0,0.0,28.0,4.0,19.0,45.0,1.0,3.0,147,141,0,0,0,0,5,1,0,0
380377,2018,535.0,450.0,0.0,2.0,33.0,1.0,13.0,34.0,0.0,2.0,140,132,0,0,1,0,7,0,0,0
380377,2019,594.0,440.0,2.0,6.0,38.0,3.0,19.0,36.0,50.0,0.0,125,119,0,1,1,0,4,0,0,0
380377,2020,555.0,434.0,3.0,6.0,41.0,3.0,25.0,37.0,6.0,0.0,129,120,1,0,1,0,7,0,0,0
414531,2014,279.0,3.0,26.0,18.0,27.0,0.0,180.0,11.0,14.0,0.0,105,1,11,8,7,0,72,1,5,0
414531,2015,219.0,5.0,23.0,22.0,20.0,0.0,126.0,10.0,13.0,0.0,84,2,6,3,7,0,58,5,3,0
420705,2014,186.0,0.0,15.0,96.0,11.0,6.0,51.0,4.0,2.0,1.0,28,0,3,10,0,1,14,0,0,0
420705,2015,174.0,0.0,15.0,91.0,9.0,4.0,46.0,4.0,1.0,4.0,29,0,2,10,1,2,12,1,0,1
420705,2016,58.0,0.0,3.0,15.0,1.0,0.0,18.0,0.0,1.0,20.0,35,0,2,19,2,0,12,0,0,0
420705,2017,67.0,0.0,2.0,20.0,0.0,0.0,15.0,0.0,0.0,30.0,28,0,4,13,1,1,9,0,0,0
420705,2018,81.0,0.0,2.0,16.0,2.0,0.0,18.0,1.0,0.0,42.0,39,0,0,3,3,0,14,1,0,18
420705,2019,81.0,1.0,3.0,16.0,2.0,0.0,22.0,2.0,3.0,32.0,22,0,1,4,0,0,7,0,0,10
420705,2020,159.0,0.0,3.0,47.0,7.0,1.0,39.0,2.0,0.0,60.0,24,0,1,5,0,0,7,0,0,11
432223,2014,662.0,4.0,27.0,98.0,45.0,32.0,228.0,43.0,173.0,12.0,212,3,12,24,11,6,98,5,50,3
432223,2015,390.0,5.0,15.0,56.0,23.0,16.0,116.0,26.0,126.0,7.0,179,0,9,31,11,8,68,6,43,3
432223,2016,242.0,0.0,3.0,21.0,12.0,7.0,32.0,5.0,160.0,2.0,146,2,8,27,8,3,50,6,41,1
432223,2017,162.0,4.0,5.0,21.0,14.0,7.0,39.0,7.0,63.0,2.0,78,0,4,13,10,5,27,7,12,0
432223,2018,73.0,2.0,1.0,7.0,6.0,3.0,14.0,6.0,33.0,1.0,57,1,4,11,8,1,19,1,11,1
432223,2019,23.0,0.0,0.0,2.0,1.0,1.0,9.0,0.0,10.0,0.0,37,1,0,3,2,3,6,6,16,0
432223,2020,11.0,0.0,0.0,1.0,1.0,0.0,4.0,0.0,5.0,0.0,21,0,1,4,2,0,10,0,4,0
439057,2014,278.0,3.0,16.0,56.0,19.0,7.0,171.0,0.0,6.0,0.0,126,2,9,16,11,1,83,0,4,0
439057,2015,152.0,2.0,6.0,25.0,16.0,7.0,95.0,0.0,0.0,1.0,97,1,3,13,5,1,71,0,3,0
439057,2016,59.0,2.0,2.0,13.0,5.0,0.0,37.0,0.0,0.0,0.0,59,0,1,9,5,1,41,0,1,1
439057,2017,22.0,0.0,0.0,1.0,3.0,0.0,18.0,0.0,0.0,0.0,42,1,1,8,4,0,28,0,0,0
439190,2014,2759.0,12.0,217.0,50.0,254.0,6.0,1520.0,246.0,268.0,186.0,422,1,37,7,25,1,248,32,38,33
439190,2015,3497.0,14.0,327.0,51.0,282.0,13.0,1950.0,288.0,313.0,259.0,499,2,40,3,45,0,301,34,42,32
439190,2016,3434.0,11.0,339.0,83.0,290.0,16.0,1826.0,320.0,281.0,268.0,513,2,35,9,35,3,276,31,58,64
439190,2017,3425.0,14.0,347.0,88.0,335.0,16.0,1696.0,339.0,330.0,260.0,532,2,39,5,34,2,283,34,51,82
439190,2018,3396.0,11.0,404.0,96.0,341.0,4.0,1617.0,364.0,327.0,232.0,608,2,52,5,52,1,307,52,45,92
439190,2019,3387.0,16.0,465.0,102.0,351.0,5.0,1576.0,368.0,295.0,209.0,657,2,49,13,69,0,303,76,62,83
439190,2020,2597.0,7.0,345.0,72.0,297.0,10.0,1318.0,223.0,185.0,140.0,532,1,56,5,54,2,244,44,46,80
439914,2014,42.0,0.0,12.0,1.0,2.0,0.0,26.0,1.0,0.0,0.0,10,0,0,0,0,0,10,0,0,0
439914,2015,37.0,0.0,8.0,1.0,1.0,0.0,23.0,4.0,0.0,0.0,18,0,3,0,1,0,14,0,0,0
439914,2016,22.0,0.0,5.0,0.0,0.0,0.0,16.0,1.0,0.0,0.0,12,0,4,0,1,0,5,2,0,0
439914,2017,27.0,0.0,0.0,0.0,0.0,0.0,0.0,27.0,0.0,0.0,17,0,4,1,0,0,11,1,0,0
439914,2018,29.0,0.0,5.0,0.0,2.0,0.0,20.0,2.0,0.0,0.0,11,0,2,0,0,0,9,0,0,0
439914,2019,34.0,0.0,2.0,0.0,1.0,0.0,31.0,0.0,0.0,0.0,13,0,3,0,0,0,7,3,0,0
439914,2020,31.0,0.0,4.0,0.0,1.0,0.0,22.0,3.0,1.0,0.0,12,0,1,0,0,0,1,0,10,0
441131,2014,297.0,1.0,8.0,5.0,6.0,0.0,244.0,19.0,14.0,0.0,68,1,1,2,2,0,61,1,0,0
441131,2015,302.0,4.0,12.0,7.0,4.0,0.0,241.0,20.0,14.0,0.0,78,0,2,0,1,0,68,5,2,0
441131,2016,300.0,5.0,19.0,4.0,7.0,0.0,240.0,15.0,10.0,0.0,74,0,1,2,2,0,58,6,5,0
441131,2017,275.0,3.0,18.0,8.0,10.0,0.0,223.0,10.0,3.0,0.0,85,2,2,1,0,0,69,6,5,0
441131,2018,242.0,0.0,18.0,6.0,9.0,0.0,200.0,7.0,1.0,1.0,76,2,5,2,1,0,62,3,1,0
441131,2019,258.0,0.0,15.0,9.0,11.0,0.0,209.0,5.0,9.0,0.0,57,0,6,0,1,0,46,3,1,0
441131,2020,266.0,2.0,11.0,6.0,13.0,1.0,209.0,8.0,13.0,3.0,71,0,5,4,5,0,57,0,0,0
443049,2014,320.0,1.0,30.0,123.0,15.0,0.0,80.0,10.0,26.0,35.0,88,0,7,27,6,0,27,2,12,7
443049,2015,370.0,1.0,61.0,126.0,16.0,2.0,101.0,9.0,22.0,32.0,86,1,5,37,5,0,18,1,9,10
443049,2016,588.0,3.0,121.0,215.0,20.0,3.0,141.0,17.0,36.0,32.0,69,1,11,23,2,0,22,0,3,7
443049,2017,288.0,2.0,41.0,103.0,17.0,1.0,83.0,7.0,23.0,11.0,72,0,17,21,5,1,20,0,5,3
443049,2018,196.0,0.0,26.0,63.0,10.0,1.0,62.0,6.0,9.0,19.0,69,1,10,30,0,0,19,4,4,1
443049,2019,230.0,0.0,21.0,84.0,5.0,2.0,73.0,7.0,14.0,24.0,80,0,16,32,4,0,23,1,1,3
443049,2020,318.0,1.0,66.0,83.0,14.0,1.0,117.0,8.0,9.0,19.0,139,0,28,46,2,2,43,3,7,8
443410,2014,1018.0,0.0,53.0,6.0,51.0,4.0,404.0,60.0,272.0,168.0,149,0,3,2,7,1,80,3,29,24
443410,2015,1076.0,2.0,48.0,8.0,55.0,2.0,415.0,43.0,335.0,168.0,123,0,7,2,4,0,53,2,30,25
443410,2016,1062.0,4.0,54.0,12.0,57.0,3.0,398.0,43.0,366.0,125.0,187,0,9,0,10,1,85,7,36,39
443410,2017,1102.0,3.0,68.0,15.0,64.0,2.0,484.0,55.0,283.0,128.0,193,0,9,0,8,1,76,13,46,40
443410,2018,970.0,3.0,74.0,11.0,68.0,3.0,549.0,62.0,6.0,194.0,186,0,8,1,10,0,60,10,49,48
443410,2019,1174.0,3.0,92.0,17.0,81.0,3.0,590.0,73.0,141.0,174.0,214,0,9,0,11,0,76,11,73,34
443410,2020,1120.0,2.0,101.0,17.0,88.0,2.0,607.0,84.0,75.0,144.0,226,3,19,0,8,0,69,4,71,52
446808,2014,299.0,4.0,22.0,21.0,7.0,6.0,90.0,7.0,142.0,0.0,73,0,4,4,2,1,14,1,47,0
446808,2015,177.0,1.0,15.0,21.0,3.0,4.0,56.0,4.0,73.0,0.0,87,2,3,7,8,0,27,2,38,0
446808,2016,86.0,0.0,10.0,10.0,1.0,3.0,23.0,3.0,36.0,0.0,69,2,4,6,3,0,32,0,22,0
446808,2017,12.0,0.0,0.0,2.0,0.0,1.0,2.0,1.0,6.0,0.0,76,0,9,12,2,2,23,1,27,0
455406,2014,431.0,2.0,61.0,1.0,25.0,0.0,299.0,25.0,11.0,7.0,70,0,7,0,2,0,57,3,0,1
455406,2015,495.0,2.0,72.0,3.0,33.0,1.0,343.0,24.0,10.0,7.0,72,0,5,0,3,0,55,5,3,1
455406,2016,568.0,2.0,79.0,3.0,40.0,1.0,391.0,31.0,13.0,8.0,71,0,13,1,5,0,47,3,1,1
455406,2017,573.0,2.0,68.0,7.0,39.0,1.0,396.0,35.0,16.0,9.0,133,0,29,0,9,0,87,5,1,2
455406,2018,570.0,0.0,69.0,6.0,47.0,2.0,388.0,33.0,15.0,10.0,137,2,15,0,7,0,99,9,4,1
455406,2019,576.0,1.0,95.0,6.0,53.0,2.0,360.0,34.0,18.0,7.0,136,0,14,2,7,1,101,6,3,2
455406,2020,573.0,1.0,101.0,8.0,55.0,2.0,348.0,33.0,17.0,8.0,141,0,17,0,13,0,94,11,5,1
458159,2014,108.0,0.0,7.0,3.0,4.0,0.0,92.0,0.0,1.0,1.0,67,0,3,0,3,1,59,0,0,1
458159,2015,87.0,0.0,5.0,3.0,5.0,0.0,69.0,1.0,0.0,4.0,65,0,2,1,4,0,57,0,1,0
458159,2016,45.0,0.0,3.0,2.0,1.0,0.0,36.0,0.0,1.0,2.0,61,0,2,2,2,0,54,0,0,1
458159,2017,30.0,1.0,2.0,1.0,1.0,0.0,21.0,2.0,1.0,1.0,15,0,2,0,1,0,11,0,0,1
460941,2014,51.0,0.0,0.0,0.0,0.0,0.0,38.0,4.0,5.0,4.0,7,0,1,1,0,0,5,0,0,0
460941,2015,52.0,0.0,0.0,0.0,1.0,0.0,44.0,3.0,2.0,2.0,8,0,1,0,0,0,7,0,0,0
475200,2014,328.0,11.0,3.0,5.0,23.0,2.0,275.0,5.0,4.0,0.0,84,6,1,1,4,0,70,2,0,0
475200,2015,338.0,9.0,4.0,3.0,22.0,1.0,287.0,6.0,5.0,1.0,73,6,0,1,3,1,61,1,0,0
475200,2016,331.0,5.0,3.0,9.0,22.0,0.0,277.0,8.0,6.0,1.0,102,3,0,0,4,1,91,2,1,0
475200,2017,313.0,8.0,2.0,9.0,21.0,2.0,256.0,4.0,11.0,0.0,81,1,2,2,5,0,69,2,0,0
475200,2018,294.0,3.0,4.0,9.0,21.0,2.0,238.0,8.0,9.0,0.0,77,1,0,1,2,0,72,1,0,0
475200,2019,275.0,6.0,7.0,10.0,26.0,2.0,211.0,9.0,4.0,0.0,90,1,0,4,7,0,70,4,4,0
475200,2020,262.0,8.0,3.0,13.0,21.0,1.0,205.0,11.0,0.0,0.0,87,1,1,1,12,0,67,1,4,0
482662,2014,564.0,4.0,60.0,70.0,35.0,11.0,307.0,16.0,41.0,20.0,184,1,16,21,16,4,113,4,3,6
482662,2015,12.0,0.0,2.0,0.0,0.0,0.0,9.0,0.0,0.0,1.0,156,1,19,19,9,3,88,6,6,5
484303,2014,74.0,0.0,15.0,2.0,1.0,0.0,56.0,0.0,0.0,0.0,7,0,1,0,0,0,6,0,0,0
484303,2015,30.0,2.0,3.0,0.0,2.0,0.0,22.0,1.0,0.0,0.0,21,4,1,0,0,1,13,2,0,0
484303,2016,30.0,0.0,7.0,0.0,1.0,0.0,20.0,1.0,0.0,1.0,19,0,5,1,0,0,13,0,0,0
484303,2017,41.0,1.0,9.0,0.0,2.0,1.0,24.0,1.0,0.0,3.0,17,0,3,0,1,1,12,0,0,0
487603,2015,813.0,11.0,35.0,52.0,62.0,13.0,392.0,31.0,204.0,13.0,107,1,6,3,13,1,75,2,6,0
487603,2016,966.0,9.0,51.0,63.0,76.0,12.0,404.0,36.0,315.0,0.0,128,3,12,12,11,0,80,2,8,0
487603,2017,1116.0,9.0,48.0,60.0,77.0,9.0,542.0,41.0,329.0,1.0,175,1,11,10,15,3,116,10,9,0
487603,2018,1155.0,5.0,66.0,54.0,90.0,13.0,549.0,48.0,328.0,2.0,193,1,14,12,21,3,121,11,9,1
487603,2019,1130.0,8.0,45.0,48.0,78.0,17.0,478.0,50.0,405.0,1.0,201,2,10,17,21,3,140,5,3,0
487603,2020,1215.0,10.0,31.0,42.0,64.0,9.0,395.0,43.0,619.0,2.0,238,1,12,15,17,5,166,18,4,0
488448,2016,71.0,0.0,4.0,3.0,7.0,0.0,57.0,0.0,0.0,0.0,38,0,2,4,1,0,31,0,0,0
488448,2017,113.0,1.0,4.0,8.0,8.0,2.0,83.0,3.0,0.0,4.0,36,0,4,1,4,0,26,0,0,1
488448,2018,100.0,2.0,6.0,14.0,3.0,1.0,67.0,2.0,0.0,5.0,50,0,2,3,5,0,38,0,0,2
488448,2019,106.0,3.0,7.0,14.0,11.0,1.0,63.0,4.0,0.0,3.0,47,1,3,2,2,1,30,5,0,3
488448,2020,96.0,5.0,7.0,9.0,8.0,0.0,62.0,5.0,0.0,0.0,55,0,3,4,6,1,36,1,0,4
234492,2018,,,,,,,,,,,191,4,15,9,19,1,87,1,25,30
439057,2018,,,,,,,,,,,19,1,2,1,0,0,15,0,0,0
484303,2018,,,,,,,,,,,13,0,3,0,0,1,8,0,0,1
