institute_id,year,gr_total,gr_AmerInd_AlaskNtv,gr_Asian,gr_AfrAmer,gr_Hispanic,gr_Hi_PacIsland,gr_White,gr_2orMore,gr_unknown,gr_nonresAlien,co_total,co_AmerInd_AlaskNtv,co_Asian,co_AfrAmer,co_Hispanic,co_Hi_PacIsland,co_White,co_2orMore,co_unknown,co_nonresAlien,hr_total,hr_AmerInd_AlaskNtv,hr_Asian,hr_AfrAmer,hr_Hispanic,hr_Hi_PacIsland,hr_White,hr_2orMore,hr_unknown,hr_nonresAlien,e_total,e_AmerInd_AlaskNtv,e_Asian,e_AfrAmer,e_Hispanic,e_Hi_PacIsland,e_White,e_2orMore,e_unknown,e_nonresAlien
234827,2010,769.0,5.0,18.0,10.0,67.0,2.0,611.0,32.0,20.0,4.0,1379.0,10.0,41.0,19.0,107.0,5.0,1099.0,60.0,34.0,4.0,,,,,,,,,,,11614,79,411,315,952,39,8200,577,750,291
234827,2011,796.0,9.0,24.0,11.0,67.0,0.0,636.0,37.0,6.0,6.0,1425.0,11.0,49.0,30.0,120.0,1.0,1117.0,71.0,17.0,9.0,,,,,,,,,,,11320,56,398,312,1002,40,7829,596,766,321
234827,2012,781.0,5.0,20.0,10.0,61.0,0.0,631.0,40.0,10.0,4.0,1465.0,7.0,49.0,29.0,111.0,6.0,1157.0,82.0,17.0,7.0,,,,,,,,,,,11268,74,440,295,1117,44,7460,646,853,339
234827,2013,759.0,6.0,28.0,10.0,59.0,1.0,604.0,34.0,17.0,0.0,1479.0,12.0,50.0,29.0,115.0,3.0,1151.0,80.0,34.0,5.0,752.0,5.0,11.0,9.0,27.0,1.0,327.0,14.0,1174.0,17.0,11287,57,601,308,1290,43,7271,600,1076,41
234827,2014,829.0,1.0,23.0,12.0,63.0,1.0,657.0,40.0,22.0,10.0,1552.0,8.0,38.0,28.0,123.0,7.0,1214.0,81.0,37.0,16.0,746.0,12.0,41.0,28.0,72.0,8.0,1164.0,17.0,242.0,21.0,11799,65,532,365,1430,137,7327,710,1130,103
234827,2015,851.0,3.0,9.0,18.0,70.0,0.0,642.0,59.0,33.0,17.0,1646.0,10.0,32.0,48.0,128.0,2.0,1209.0,123.0,63.0,31.0,756.0,9.0,41.0,30.0,76.0,8.0,1134.0,15.0,296.0,17.0,11993,92,544,409,1548,73,7102,732,1143,350
234827,2016,876.0,4.0,17.0,15.0,100.0,5.0,622.0,57.0,44.0,12.0,1659.0,10.0,43.0,42.0,181.0,11.0,1148.0,108.0,93.0,23.0,772.0,12.0,38.0,36.0,87.0,9.0,1139.0,17.0,303.0,18.0,11971,76,463,438,1695,79,6778,759,1334,349
234827,2017,701.0,2.0,16.0,10.0,78.0,2.0,490.0,50.0,42.0,11.0,1360.0,5.0,39.0,37.0,153.0,7.0,912.0,98.0,86.0,23.0,760.0,10.0,40.0,32.0,94.0,8.0,1133.0,27.0,285.0,18.0,12901,76,504,490,2005,94,6938,935,1472,387
234827,2018,775.0,3.0,24.0,10.0,106.0,6.0,496.0,59.0,62.0,9.0,1416.0,13.0,42.0,25.0,191.0,16.0,889.0,114.0,102.0,24.0,753.0,8.0,51.0,30.0,60.0,5.0,1145.0,85.0,122.0,160.0,11590,62,450,454,1829,103,6004,891,1440,357
234827,2019,792.0,4.0,31.0,16.0,115.0,3.0,503.0,60.0,58.0,2.0,1386.0,11.0,40.0,35.0,212.0,4.0,856.0,117.0,104.0,7.0,738.0,12.0,45.0,29.0,132.0,6.0,1388.0,38.0,6.0,3.0,11658,63,512,459,1978,109,5934,920,1345,338
234827,2020,699.0,3.0,19.0,27.0,79.0,6.0,464.0,57.0,39.0,5.0,1198.0,8.0,36.0,50.0,157.0,16.0,723.0,113.0,83.0,12.0,664.0,10.0,35.0,23.0,128.0,4.0,1299.0,36.0,4.0,4.0,11174,73,526,473,1956,108,5698,955,1084,301
234915,2011,1.0,0.0,0.0,0.0,0.0,0.0,1.0,0.0,0.0,0.0,8.0,0.0,0.0,0.0,0.0,0.0,7.0,0.0,1.0,0.0,,,,,,,,,,,2302,16,86,152,53,15,1034,19,725,202
234915,2012,2.0,0.0,0.0,1.0,0.0,0.0,1.0,0.0,0.0,0.0,8.0,0.0,0.0,1.0,0.0,0.0,6.0,0.0,1.0,0.0,314.0,2.0,74.0,25.0,22.0,6.0,700.0,10.0,14.0,0.0,2297,16,98,137,93,16,933,12,666,326
234915,2015,7.0,0.0,1.0,0.0,1.0,0.0,3.0,0.0,2.0,0.0,15.0,1.0,2.0,0.0,2.0,0.0,5.0,0.0,5.0,0.0,297.0,2.0,62.0,20.0,31.0,6.0,547.0,2.0,130.0,0.0,2347,31,305,128,148,33,788,38,469,407
234915,2016,5.0,0.0,0.0,0.0,1.0,0.0,2.0,0.0,0.0,2.0,21.0,0.0,2.0,2.0,1.0,0.0,7.0,0.0,2.0,7.0,311.0,7.0,82.0,40.0,19.0,9.0,620.0,0.0,28.0,0.0,2246,11,62,112,59,8,470,31,1178,315
234915,2017,8.0,0.0,0.0,0.0,0.0,0.0,2.0,0.0,6.0,0.0,8.0,0.0,0.0,0.0,0.0,0.0,2.0,0.0,6.0,0.0,272.0,3.0,82.0,23.0,31.0,2.0,436.0,0.0,134.0,0.0,2199,11,61,100,63,0,394,19,1257,294
234915,2019,2.0,0.0,0.0,0.0,0.0,0.0,1.0,0.0,0.0,1.0,6.0,0.0,0.0,1.0,0.0,0.0,3.0,0.0,0.0,2.0,215.0,7.0,79.0,39.0,17.0,8.0,366.0,0.0,21.0,0.0,1960,14,138,176,101,12,835,61,357,266
235024,2010,71.0,0.0,0.0,0.0,0.0,0.0,0.0,0.0,14.0,1.0,141.0,0.0,0.0,0.0,0.0,0.0,0.0,0.0,26.0,3.0,,,,,,,,,,,836,7,49,30,54,6,577,44,50,19
235024,2011,74.0,0.0,0.0,2.0,5.0,0.0,52.0,0.0,13.0,2.0,163.0,1.0,2.0,4.0,12.0,0.0,114.0,0.0,24.0,6.0,,,,,,,,,,,833,9,46,29,58,4,568,42,60,17
235024,2012,72.0,0.0,6.0,1.0,4.0,0.0,49.0,2.0,9.0,1.0,147.0,2.0,11.0,8.0,8.0,0.0,92.0,2.0,21.0,3.0,151.0,3.0,11.0,11.0,6.0,3.0,237.0,8.0,39.0,0.0,791,8,45,23,61,5,526,49,52,22
235024,2013,81.0,0.0,2.0,3.0,2.0,0.0,69.0,3.0,1.0,1.0,173.0,1.0,5.0,10.0,5.0,0.0,133.0,3.0,14.0,2.0,146.0,3.0,15.0,14.0,7.0,0.0,229.0,7.0,42.0,0.0,778,6,44,29,73,3,492,63,47,21
235024,2014,103.0,2.0,7.0,6.0,5.0,2.0,72.0,4.0,2.0,3.0,205.0,2.0,11.0,10.0,8.0,2.0,146.0,6.0,15.0,5.0,135.0,3.0,16.0,11.0,5.0,0.0,226.0,7.0,41.0,0.0,767,6,43,29,76,2,484,63,42,22
235024,2015,104.0,0.0,6.0,3.0,7.0,1.0,73.0,4.0,8.0,2.0,190.0,0.0,8.0,5.0,13.0,1.0,127.0,5.0,29.0,2.0,135.0,2.0,15.0,11.0,3.0,0.0,226.0,5.0,44.0,0.0,724,2,41,27,80,4,437,58,52,23
235024,2016,101.0,1.0,7.0,5.0,7.0,0.0,67.0,7.0,5.0,2.0,209.0,2.0,15.0,8.0,17.0,0.0,132.0,12.0,19.0,4.0,129.0,4.0,9.0,10.0,4.0,0.0,201.0,7.0,33.0,0.0,674,5,36,21,75,5,426,64,30,12
235024,2017,113.0,2.0,1.0,5.0,12.0,0.0,77.0,6.0,9.0,1.0,213.0,3.0,5.0,7.0,19.0,1.0,146.0,11.0,18.0,3.0,144.0,4.0,12.0,13.0,7.0,0.0,220.0,13.0,49.0,0.0,658,5,29,22,90,4,405,64,31,8
235024,2018,97.0,0.0,7.0,3.0,16.0,0.0,55.0,8.0,4.0,4.0,164.0,1.0,11.0,4.0,23.0,1.0,99.0,14.0,6.0,5.0,109.0,2.0,13.0,11.0,5.0,0.0,175.0,10.0,38.0,0.0,626,4,36,20,87,2,379,63,29,6
235024,2019,90.0,1.0,6.0,2.0,6.0,1.0,62.0,9.0,2.0,1.0,166.0,1.0,9.0,10.0,17.0,1.0,102.0,21.0,4.0,1.0,110.0,2.0,11.0,11.0,10.0,0.0,146.0,9.0,40.0,0.0,602,4,37,28,79,1,348,57,29,19
235024,2020,83.0,0.0,7.0,2.0,12.0,1.0,49.0,12.0,0.0,0.0,160.0,0.0,8.0,6.0,24.0,1.0,98.0,19.0,4.0,0.0,87.0,1.0,5.0,11.0,8.0,0.0,109.0,7.0,53.0,0.0,482,4,31,21,50,0,287,48,26,15
235097,2010,673.0,0.0,0.0,0.0,0.0,0.0,0.0,0.0,58.0,5.0,1403.0,0.0,0.0,0.0,0.0,0.0,0.0,0.0,132.0,10.0,,,,,,,,,,,11534,197,421,458,1032,39,7556,294,1305,232
235097,2011,744.0,8.0,40.0,20.0,60.0,0.0,536.0,0.0,78.0,2.0,1610.0,26.0,88.0,65.0,142.0,0.0,1124.0,0.0,157.0,8.0,,,,,,,,,,,12126,164,403,448,1154,40,7963,382,1279,293
235097,2012,656.0,10.0,21.0,16.0,47.0,2.0,464.0,10.0,84.0,2.0,1412.0,31.0,49.0,70.0,109.0,7.0,941.0,30.0,167.0,8.0,752.0,26.0,55.0,36.0,56.0,9.0,1313.0,3.0,7.0,6.0,12587,158,398,442,1366,46,8435,464,890,388
235097,2013,594.0,3.0,15.0,14.0,56.0,1.0,437.0,18.0,46.0,4.0,1313.0,21.0,44.0,70.0,112.0,10.0,897.0,47.0,97.0,15.0,775.0,24.0,56.0,32.0,64.0,6.0,1360.0,4.0,10.0,16.0,12791,153,375,429,1469,35,8500,531,899,400
235097,2014,681.0,11.0,29.0,22.0,71.0,2.0,496.0,15.0,32.0,3.0,1488.0,23.0,60.0,78.0,165.0,9.0,1019.0,39.0,82.0,13.0,784.0,24.0,62.0,40.0,78.0,5.0,1374.0,6.0,11.0,15.0,13453,167,395,432,1772,37,8667,604,975,404
235097,2015,668.0,6.0,14.0,30.0,73.0,4.0,468.0,20.0,48.0,5.0,1459.0,24.0,37.0,87.0,185.0,10.0,940.0,49.0,112.0,15.0,794.0,28.0,66.0,42.0,81.0,5.0,1385.0,14.0,19.0,23.0,12361,145,367,425,1546,37,8093,660,660,428
235097,2016,709.0,5.0,30.0,38.0,80.0,0.0,520.0,25.0,7.0,4.0,1524.0,26.0,80.0,105.0,193.0,1.0,1035.0,50.0,18.0,16.0,767.0,33.0,48.0,39.0,85.0,5.0,1350.0,12.0,11.0,54.0,12279,137,354,410,1653,38,7675,696,819,497
235097,2017,772.0,3.0,16.0,12.0,90.0,4.0,584.0,33.0,14.0,16.0,1472.0,11.0,39.0,55.0,198.0,7.0,1029.0,78.0,30.0,25.0,791.0,35.0,69.0,43.0,80.0,24.0,1391.0,14.0,21.0,24.0,12607,140,347,390,1842,35,7478,801,1069,505
235097,2018,686.0,2.0,19.0,16.0,87.0,1.0,507.0,32.0,3.0,19.0,1556.0,16.0,40.0,64.0,247.0,7.0,1047.0,97.0,8.0,30.0,722.0,38.0,41.0,37.0,81.0,9.0,1254.0,13.0,13.0,57.0,12633,118,366,408,1936,39,7347,816,1179,424
235097,2019,786.0,4.0,19.0,20.0,106.0,2.0,571.0,38.0,9.0,17.0,1469.0,13.0,42.0,55.0,211.0,5.0,1004.0,95.0,13.0,31.0,743.0,32.0,64.0,39.0,90.0,5.0,1272.0,23.0,8.0,22.0,12410,119,366,419,1912,57,7159,850,1212,316
235097,2020,852.0,10.0,19.0,33.0,116.0,1.0,602.0,49.0,10.0,12.0,1603.0,21.0,33.0,76.0,246.0,12.0,1073.0,110.0,18.0,14.0,644.0,25.0,56.0,32.0,79.0,3.0,1133.0,21.0,0.0,18.0,12349,133,390,415,1990,57,6709,789,1597,269
235167,2010,248.0,0.0,0.0,0.0,0.0,0.0,0.0,0.0,30.0,0.0,479.0,0.0,0.0,0.0,0.0,0.0,0.0,0.0,67.0,0.0,,,,,,,,,,,4833,170,128,219,260,24,3408,170,434,20
235167,2011,320.0,7.0,10.0,2.0,13.0,4.0,239.0,10.0,35.0,0.0,590.0,14.0,24.0,13.0,25.0,5.0,429.0,18.0,62.0,0.0,,,,,,,,,,,4794,121,122,217,305,19,3293,252,439,26
235167,2012,310.0,3.0,15.0,6.0,15.0,0.0,223.0,7.0,40.0,1.0,577.0,10.0,31.0,17.0,27.0,0.0,414.0,12.0,64.0,2.0,354.0,21.0,47.0,30.0,48.0,4.0,550.0,23.0,41.0,4.0,4509,109,114,215,295,23,3046,278,404,25
235167,2013,385.0,4.0,12.0,7.0,20.0,1.0,285.0,19.0,36.0,1.0,677.0,13.0,33.0,15.0,43.0,3.0,488.0,24.0,56.0,2.0,337.0,21.0,47.0,32.0,46.0,6.0,537.0,27.0,41.0,6.0,4398,111,100,225,306,14,2916,313,393,20
235167,2014,370.0,2.0,12.0,12.0,13.0,2.0,283.0,16.0,27.0,3.0,658.0,12.0,20.0,22.0,27.0,3.0,498.0,22.0,49.0,5.0,330.0,24.0,48.0,30.0,42.0,6.0,521.0,26.0,49.0,6.0,4219,109,91,227,324,13,2768,314,354,19
235167,2015,309.0,4.0,13.0,7.0,16.0,1.0,232.0,9.0,26.0,1.0,576.0,10.0,24.0,18.0,45.0,3.0,408.0,15.0,52.0,1.0,326.0,22.0,45.0,26.0,45.0,6.0,529.0,24.0,55.0,6.0,4190,101,116,205,406,14,2748,337,249,14
235167,2016,345.0,4.0,6.0,10.0,22.0,0.0,248.0,32.0,22.0,1.0,612.0,8.0,15.0,19.0,40.0,2.0,431.0,48.0,47.0,2.0,353.0,16.0,46.0,32.0,50.0,6.0,537.0,25.0,64.0,7.0,4089,102,112,198,422,14,2717,317,179,28
235167,2017,307.0,1.0,9.0,9.0,22.0,0.0,215.0,24.0,24.0,3.0,536.0,3.0,14.0,22.0,34.0,0.0,378.0,36.0,43.0,6.0,337.0,19.0,48.0,36.0,45.0,5.0,511.0,28.0,72.0,10.0,3907,111,102,193,421,18,2573,302,165,22
235167,2018,285.0,4.0,9.0,9.0,22.0,4.0,186.0,27.0,23.0,1.0,519.0,6.0,13.0,19.0,42.0,7.0,355.0,39.0,36.0,2.0,298.0,17.0,42.0,35.0,40.0,5.0,452.0,28.0,67.0,6.0,3327,109,86,171,388,16,2162,228,152,15
235167,2019,247.0,2.0,7.0,6.0,18.0,1.0,174.0,15.0,22.0,2.0,496.0,6.0,13.0,15.0,43.0,1.0,331.0,40.0,44.0,3.0,273.0,15.0,46.0,29.0,37.0,6.0,427.0,27.0,48.0,7.0,2854,109,77,145,357,11,1814,185,143,13
235167,2020,236.0,4.0,8.0,10.0,27.0,1.0,155.0,19.0,12.0,0.0,526.0,9.0,15.0,24.0,59.0,2.0,338.0,47.0,32.0,0.0,267.0,14.0,44.0,31.0,41.0,6.0,422.0,31.0,62.0,9.0,2281,103,58,121,283,11,1427,145,126,7
235316,2010,776.0,0.0,0.0,0.0,0.0,0.0,0.0,0.0,62.0,4.0,973.0,0.0,0.0,0.0,0.0,0.0,0.0,0.0,82.0,6.0,,,,,,,,,,,7738,101,237,183,365,71,5571,240,822,148
235316,2011,817.0,3.0,34.0,9.0,36.0,2.0,617.0,15.0,96.0,5.0,985.0,6.0,49.0,10.0,44.0,7.0,730.0,17.0,116.0,6.0,,,,,,,,,,,7764,78,233,160,508,52,5416,177,868,272
235316,2012,793.0,7.0,34.0,8.0,32.0,6.0,662.0,25.0,11.0,8.0,977.0,11.0,41.0,10.0,44.0,14.0,807.0,28.0,12.0,10.0,,,,,,,,,,,7781,74,253,162,561,35,5439,251,729,277
235316,2013,850.0,5.0,36.0,11.0,24.0,8.0,708.0,31.0,19.0,8.0,1033.0,7.0,40.0,15.0,29.0,11.0,851.0,36.0,28.0,16.0,731.0,15.0,46.0,18.0,49.0,6.0,1345.0,12.0,0.0,27.0,7605,75,262,125,581,34,5274,324,457,473
235316,2014,918.0,5.0,40.0,12.0,52.0,9.0,704.0,3.0,78.0,15.0,1104.0,8.0,50.0,16.0,62.0,11.0,837.0,4.0,98.0,18.0,,,,,,,,,,,7352,57,289,119,561,27,5131,307,420,441
235316,2015,1023.0,6.0,42.0,12.0,62.0,3.0,755.0,12.0,124.0,7.0,1237.0,11.0,54.0,15.0,80.0,6.0,898.0,16.0,149.0,8.0,724.0,17.0,42.0,14.0,54.0,3.0,1393.0,19.0,6.0,37.0,7491,58,313,123,629,35,5237,350,451,295
235316,2016,938.0,5.0,25.0,14.0,65.0,4.0,739.0,56.0,15.0,15.0,1118.0,6.0,30.0,14.0,84.0,7.0,875.0,63.0,18.0,21.0,770.0,18.0,47.0,20.0,65.0,5.0,1419.0,19.0,9.0,39.0,7567,62,339,127,659,22,5257,372,421,308
235316,2017,986.0,2.0,45.0,7.0,79.0,3.0,740.0,57.0,43.0,10.0,1130.0,4.0,46.0,7.0,91.0,3.0,837.0,69.0,52.0,21.0,760.0,17.0,51.0,16.0,65.0,4.0,1446.0,17.0,11.0,29.0,7506,61,322,128,691,25,5274,389,381,235
235316,2018,939.0,4.0,40.0,8.0,90.0,3.0,709.0,56.0,22.0,7.0,1094.0,4.0,49.0,11.0,107.0,4.0,808.0,69.0,26.0,16.0,794.0,16.0,51.0,23.0,71.0,5.0,1457.0,17.0,25.0,30.0,7563,57,351,132,716,27,5284,421,368,207
235316,2019,1044.0,8.0,52.0,12.0,97.0,2.0,779.0,60.0,24.0,10.0,1234.0,10.0,62.0,14.0,118.0,3.0,905.0,72.0,31.0,19.0,804.0,20.0,58.0,24.0,84.0,4.0,1474.0,20.0,35.0,30.0,7537,58,378,131,688,32,5253,449,359,189
235316,2020,921.0,4.0,56.0,10.0,99.0,1.0,674.0,39.0,27.0,11.0,1047.0,5.0,62.0,13.0,110.0,1.0,766.0,45.0,30.0,15.0,751.0,16.0,58.0,21.0,67.0,5.0,1331.0,17.0,49.0,43.0,7295,49,371,156,723,21,5036,470,298,171
235422,2010,22.0,0.0,0.0,0.0,0.0,0.0,0.0,0.0,0.0,0.0,98.0,0.0,0.0,0.0,0.0,0.0,0.0,0.0,2.0,0.0,,,,,,,,,,,1254,105,28,12,537,0,483,0,89,0
235422,2011,11.0,3.0,0.0,0.0,7.0,0.0,1.0,0.0,0.0,0.0,75.0,10.0,0.0,1.0,57.0,0.0,7.0,0.0,0.0,0.0,,,,,,,,,,,1215,103,17,10,523,0,442,0,120,0
235422,2012,18.0,1.0,0.0,0.0,17.0,0.0,0.0,0.0,0.0,0.0,84.0,8.0,1.0,0.0,73.0,0.0,2.0,0.0,0.0,0.0,120.0,19.0,4.0,5.0,82.0,2.0,194.0,3.0,17.0,0.0,1150,90,12,10,537,0,375,17,106,3
235422,2013,14.0,0.0,0.0,0.0,12.0,0.0,2.0,0.0,0.0,0.0,76.0,12.0,0.0,0.0,58.0,0.0,6.0,0.0,0.0,0.0,117.0,16.0,4.0,6.0,88.0,3.0,173.0,4.0,22.0,0.0,1128,75,15,9,570,4,362,23,67,3
235422,2014,11.0,0.0,0.0,0.0,9.0,0.0,1.0,1.0,0.0,0.0,58.0,11.0,0.0,0.0,42.0,0.0,3.0,1.0,1.0,0.0,123.0,14.0,4.0,7.0,93.0,2.0,194.0,4.0,13.0,0.0,1241,56,20,14,588,1,429,47,78,8
235422,2015,17.0,1.0,0.0,0.0,15.0,0.0,0.0,1.0,0.0,0.0,94.0,14.0,0.0,1.0,71.0,0.0,5.0,2.0,1.0,0.0,130.0,17.0,3.0,8.0,103.0,2.0,200.0,4.0,4.0,2.0,1219,70,23,12,584,4,365,50,92,19
235422,2016,17.0,2.0,0.0,0.0,12.0,0.0,2.0,1.0,0.0,0.0,101.0,22.0,0.0,0.0,68.0,0.0,8.0,1.0,2.0,0.0,125.0,14.0,4.0,8.0,91.0,2.0,193.0,8.0,11.0,2.0,1124,61,20,10,624,2,323,26,43,15
235422,2017,25.0,1.0,0.0,0.0,19.0,0.0,2.0,3.0,0.0,0.0,111.0,21.0,0.0,0.0,77.0,0.0,9.0,3.0,1.0,0.0,132.0,14.0,6.0,7.0,97.0,2.0,210.0,6.0,11.0,0.0,1044,61,22,6,596,0,256,28,61,14
235422,2018,25.0,1.0,0.0,0.0,23.0,0.0,1.0,0.0,0.0,0.0,81.0,9.0,1.0,1.0,68.0,0.0,2.0,0.0,0.0,0.0,124.0,18.0,8.0,4.0,93.0,2.0,178.0,7.0,3.0,2.0,980,68,23,7,584,0,211,17,58,12
235422,2019,30.0,0.0,0.0,0.0,27.0,0.0,3.0,0.0,0.0,0.0,74.0,4.0,0.0,1.0,58.0,0.0,11.0,0.0,0.0,0.0,136.0,18.0,6.0,5.0,92.0,2.0,209.0,9.0,3.0,7.0,971,85,17,6,559,0,190,18,92,4
235422,2020,50.0,0.0,0.0,0.0,45.0,0.0,1.0,1.0,0.0,3.0,121.0,2.0,0.0,0.0,100.0,0.0,7.0,7.0,0.0,5.0,155.0,20.0,11.0,8.0,113.0,1.0,227.0,14.0,2.0,8.0,999,80,27,9,608,0,194,13,65,3
236133,2010,77.0,0.0,0.0,0.0,0.0,0.0,0.0,0.0,1.0,0.0,138.0,0.0,0.0,0.0,0.0,0.0,0.0,0.0,4.0,0.0,,,,,,,,,,,1422,20,86,76,80,0,977,0,147,36
236133,2011,108.0,2.0,4.0,2.0,1.0,1.0,74.0,1.0,22.0,1.0,213.0,5.0,8.0,5.0,2.0,1.0,140.0,3.0,44.0,5.0,,,,,,,,,,,1558,12,61,86,114,21,1068,41,118,37
236133,2012,89.0,0.0,5.0,0.0,8.0,0.0,62.0,3.0,10.0,1.0,186.0,1.0,9.0,5.0,12.0,0.0,131.0,9.0,18.0,1.0,,,,,,,,,,,1612,20,84,63,120,18,1180,38,47,42
236133,2013,76.0,0.0,8.0,2.0,4.0,0.0,55.0,1.0,4.0,2.0,177.0,2.0,15.0,6.0,8.0,0.0,131.0,5.0,7.0,3.0,208.0,3.0,15.0,8.0,13.0,0.0,355.0,8.0,3.0,0.0,1733,21,101,51,130,17,1252,47,63,51
236133,2014,105.0,0.0,7.0,2.0,3.0,0.0,78.0,6.0,9.0,0.0,198.0,0.0,14.0,6.0,12.0,0.0,139.0,10.0,17.0,0.0,,,,,,,,,,,1862,24,112,83,140,27,1205,82,133,56
236133,2015,98.0,1.0,10.0,2.0,8.0,0.0,43.0,2.0,29.0,3.0,191.0,1.0,18.0,11.0,12.0,0.0,96.0,6.0,44.0,3.0,223.0,2.0,18.0,6.0,16.0,0.0,387.0,7.0,3.0,0.0,1236,15,74,54,90,13,812,52,36,90
236133,2016,96.0,2.0,5.0,4.0,7.0,0.0,72.0,5.0,1.0,0.0,172.0,5.0,9.0,9.0,12.0,0.0,125.0,10.0,1.0,1.0,181.0,2.0,20.0,10.0,6.0,0.0,341.0,13.0,3.0,0.0,1226,18,60,60,99,13,786,56,15,119
236133,2017,103.0,1.0,4.0,1.0,7.0,0.0,82.0,5.0,0.0,3.0,175.0,2.0,6.0,7.0,11.0,1.0,133.0,8.0,2.0,5.0,175.0,2.0,20.0,14.0,9.0,0.0,318.0,18.0,0.0,0.0,1250,18,82,48,99,19,787,61,9,127
236133,2018,117.0,0.0,4.0,2.0,10.0,2.0,91.0,4.0,0.0,4.0,211.0,2.0,11.0,6.0,20.0,4.0,154.0,9.0,1.0,4.0,173.0,1.0,18.0,13.0,10.0,0.0,335.0,18.0,1.0,0.0,1321,20,81,52,110,18,818,86,4,132
236133,2019,116.0,0.0,2.0,2.0,7.0,1.0,92.0,8.0,0.0,4.0,201.0,0.0,10.0,5.0,11.0,2.0,160.0,9.0,0.0,4.0,181.0,1.0,30.0,12.0,6.0,1.0,336.0,18.0,4.0,0.0,1339,17,87,57,115,25,787,79,34,138
236133,2020,138.0,4.0,12.0,7.0,10.0,1.0,98.0,5.0,0.0,1.0,239.0,5.0,18.0,12.0,21.0,6.0,159.0,11.0,3.0,4.0,170.0,4.0,28.0,7.0,6.0,1.0,331.0,16.0,8.0,0.0,1184,12,79,42,92,10,654,70,137,88
236230,2010,462.0,1.0,22.0,2.0,11.0,0.0,379.0,2.0,40.0,5.0,697.0,4.0,34.0,9.0,26.0,1.0,540.0,3.0,72.0,8.0,,,,,,,,,,,3543,26,177,88,175,27,2597,201,52,200
236230,2011,456.0,1.0,15.0,7.0,11.0,2.0,392.0,8.0,17.0,3.0,687.0,10.0,33.0,9.0,19.0,3.0,550.0,11.0,45.0,7.0,,,,,,,,,,,3461,30,186,92,183,21,2565,204,40,140
236230,2012,466.0,4.0,19.0,6.0,17.0,4.0,382.0,22.0,5.0,7.0,668.0,5.0,41.0,11.0,20.0,8.0,517.0,25.0,32.0,9.0,299.0,5.0,43.0,17.0,28.0,1.0,595.0,21.0,0.0,3.0,3473,26,195,91,217,15,2505,235,38,151
236230,2013,503.0,2.0,25.0,6.0,30.0,2.0,401.0,28.0,4.0,5.0,714.0,10.0,48.0,17.0,40.0,4.0,533.0,33.0,20.0,9.0,312.0,6.0,44.0,21.0,29.0,2.0,626.0,22.0,0.0,2.0,3462,25,206,95,236,18,2430,229,64,159
236230,2014,484.0,2.0,21.0,7.0,17.0,4.0,400.0,27.0,1.0,5.0,712.0,4.0,39.0,19.0,36.0,8.0,553.0,31.0,16.0,6.0,429.0,9.0,49.0,30.0,44.0,3.0,821.0,26.0,3.0,2.0,3242,28,218,95,249,24,2181,233,52,162
236230,2015,484.0,1.0,19.0,6.0,17.0,1.0,399.0,32.0,1.0,8.0,712.0,3.0,36.0,22.0,31.0,3.0,557.0,43.0,2.0,15.0,403.0,7.0,53.0,24.0,46.0,3.0,762.0,30.0,4.0,2.0,3170,29,247,84,247,31,2118,219,53,142
236230,2016,487.0,3.0,23.0,8.0,30.0,4.0,373.0,36.0,3.0,7.0,687.0,6.0,35.0,17.0,42.0,6.0,512.0,53.0,4.0,12.0,375.0,7.0,49.0,31.0,41.0,4.0,711.0,33.0,3.0,5.0,3072,24,284,101,259,31,2002,223,56,92
236230,2017,515.0,5.0,25.0,11.0,32.0,0.0,406.0,29.0,4.0,3.0,731.0,8.0,56.0,22.0,44.0,3.0,543.0,46.0,6.0,3.0,359.0,7.0,52.0,22.0,44.0,2.0,695.0,32.0,3.0,5.0,3122,18,303,112,278,31,1944,249,83,104
236230,2018,425.0,3.0,30.0,7.0,34.0,1.0,313.0,28.0,4.0,5.0,633.0,8.0,48.0,13.0,52.0,6.0,441.0,55.0,4.0,6.0,348.0,9.0,51.0,28.0,39.0,3.0,662.0,34.0,3.0,4.0,3207,17,311,132,364,33,1867,294,93,96
236230,2019,449.0,0.0,33.0,8.0,37.0,0.0,328.0,36.0,2.0,5.0,649.0,4.0,49.0,28.0,56.0,2.0,448.0,52.0,4.0,6.0,368.0,8.0,55.0,26.0,45.0,3.0,674.0,35.0,8.0,7.0,3062,14,315,115,368,39,1749,314,75,73
236230,2020,409.0,4.0,39.0,5.0,43.0,5.0,279.0,29.0,0.0,5.0,574.0,5.0,48.0,16.0,58.0,10.0,380.0,47.0,0.0,10.0,332.0,7.0,50.0,25.0,39.0,2.0,616.0,32.0,8.0,6.0,2907,6,310,119,379,37,1651,305,51,49
236328,2010,534.0,0.0,0.0,0.0,0.0,0.0,0.0,0.0,51.0,0.0,671.0,0.0,0.0,0.0,0.0,0.0,0.0,0.0,66.0,0.0,,,,,,,,,,,2823,8,163,35,142,4,2215,214,23,19
236328,2011,490.0,5.0,38.0,20.0,22.0,1.0,374.0,0.0,28.0,2.0,669.0,9.0,53.0,24.0,30.0,3.0,497.0,0.0,49.0,4.0,,,,,,,,,,,2918,22,207,53,153,7,2202,117,139,18
236328,2012,521.0,10.0,48.0,10.0,13.0,6.0,408.0,0.0,24.0,2.0,677.0,12.0,62.0,19.0,21.0,6.0,522.0,0.0,33.0,2.0,360.0,4.0,37.0,31.0,30.0,9.0,605.0,22.0,68.0,14.0,2853,17,203,49,178,3,2129,185,68,21
236328,2013,501.0,5.0,49.0,11.0,22.0,8.0,366.0,0.0,40.0,0.0,641.0,8.0,55.0,15.0,28.0,10.0,473.0,0.0,52.0,0.0,357.0,2.0,32.0,28.0,32.0,8.0,596.0,36.0,82.0,14.0,2812,5,192,27,193,2,2109,243,33,8
236328,2014,514.0,0.0,27.0,4.0,19.0,0.0,420.0,35.0,6.0,3.0,676.0,2.0,32.0,6.0,35.0,1.0,540.0,50.0,6.0,4.0,348.0,2.0,42.0,28.0,32.0,8.0,593.0,28.0,93.0,17.0,2826,4,189,29,191,1,2112,248,41,11
236328,2015,563.0,2.0,32.0,5.0,27.0,1.0,443.0,46.0,4.0,3.0,719.0,3.0,37.0,12.0,43.0,1.0,547.0,67.0,5.0,4.0,351.0,3.0,39.0,29.0,36.0,9.0,595.0,26.0,97.0,19.0,2774,4,178,26,191,4,2052,232,77,10
236328,2016,499.0,1.0,29.0,4.0,31.0,1.0,401.0,32.0,0.0,0.0,625.0,1.0,37.0,6.0,42.0,1.0,495.0,42.0,0.0,1.0,362.0,2.0,54.0,35.0,38.0,7.0,599.0,34.0,84.0,7.0,2791,6,182,27,208,8,2025,222,100,13
236328,2017,534.0,0.0,27.0,2.0,38.0,0.0,422.0,41.0,2.0,2.0,684.0,1.0,32.0,3.0,50.0,0.0,534.0,60.0,2.0,2.0,356.0,1.0,51.0,45.0,35.0,7.0,594.0,33.0,83.0,4.0,2701,2,175,31,225,9,1910,224,110,15
236328,2018,477.0,1.0,34.0,3.0,35.0,0.0,346.0,56.0,0.0,2.0,631.0,2.0,50.0,7.0,49.0,0.0,450.0,71.0,0.0,2.0,351.0,1.0,45.0,43.0,33.0,7.0,596.0,30.0,78.0,9.0,2666,3,182,48,230,14,1834,226,118,11
236328,2019,508.0,1.0,46.0,4.0,33.0,0.0,372.0,45.0,6.0,1.0,667.0,1.0,62.0,4.0,43.0,0.0,490.0,58.0,7.0,2.0,341.0,1.0,43.0,43.0,37.0,6.0,582.0,33.0,77.0,8.0,2608,9,198,46,263,12,1741,236,93,10
236328,2020,511.0,0.0,37.0,6.0,32.0,0.0,397.0,33.0,4.0,2.0,663.0,0.0,48.0,7.0,51.0,0.0,494.0,54.0,6.0,3.0,321.0,1.0,43.0,46.0,27.0,6.0,566.0,29.0,71.0,6.0,2130,8,175,46,226,13,1401,184,67,10
236452,2010,64.0,2.0,7.0,5.0,6.0,0.0,41.0,1.0,1.0,1.0,133.0,4.0,15.0,9.0,13.0,0.0,80.0,2.0,2.0,8.0,,,,,,,,,,,1811,30,113,133,159,44,1072,86,88,86
236452,2011,85.0,1.0,9.0,1.0,6.0,2.0,57.0,1.0,4.0,4.0,176.0,2.0,19.0,4.0,11.0,4.0,118.0,2.0,9.0,7.0,,,,,,,,,,,1800,20,107,148,170,46,1024,104,81,100
236452,2012,113.0,0.0,8.0,3.0,7.0,1.0,82.0,8.0,2.0,2.0,208.0,2.0,20.0,7.0,20.0,3.0,138.0,13.0,3.0,2.0,178.0,3.0,16.0,8.0,10.0,5.0,245.0,8.0,76.0,0.0,1823,17,88,129,184,38,1066,109,76,116
236452,2013,116.0,3.0,11.0,8.0,5.0,8.0,62.0,15.0,4.0,0.0,243.0,4.0,24.0,18.0,17.0,14.0,139.0,19.0,8.0,0.0,177.0,3.0,17.0,10.0,8.0,1.0,233.0,0.0,103.0,0.0,1787,13,96,108,180,30,974,123,143,120
236452,2014,94.0,1.0,6.0,4.0,10.0,4.0,59.0,9.0,1.0,0.0,197.0,3.0,18.0,12.0,22.0,6.0,116.0,17.0,3.0,0.0,,,,,,,,,,,1801,9,80,109,181,38,1016,123,97,148
236452,2015,88.0,0.0,7.0,2.0,11.0,7.0,51.0,8.0,2.0,0.0,178.0,1.0,12.0,16.0,24.0,9.0,99.0,12.0,5.0,0.0,167.0,2.0,18.0,12.0,11.0,1.0,250.0,3.0,66.0,0.0,1719,21,83,129,199,38,947,93,83,126
236452,2016,131.0,1.0,12.0,4.0,19.0,1.0,79.0,11.0,3.0,1.0,237.0,2.0,21.0,16.0,32.0,4.0,136.0,19.0,6.0,1.0,180.0,2.0,20.0,19.0,12.0,2.0,259.0,4.0,53.0,0.0,1586,17,91,103,220,38,854,92,83,88
236452,2017,136.0,0.0,9.0,4.0,21.0,0.0,89.0,11.0,1.0,1.0,230.0,0.0,13.0,16.0,36.0,7.0,132.0,22.0,3.0,1.0,194.0,2.0,28.0,16.0,16.0,4.0,321.0,3.0,0.0,0.0,1565,18,136,97,210,62,759,101,91,91
236452,2018,141.0,1.0,7.0,4.0,23.0,4.0,82.0,13.0,5.0,2.0,229.0,1.0,12.0,7.0,39.0,12.0,125.0,23.0,8.0,2.0,194.0,3.0,19.0,15.0,11.0,2.0,272.0,8.0,55.0,1.0,1607,24,141,100,202,67,796,110,80,87
236452,2019,106.0,0.0,7.0,3.0,19.0,1.0,60.0,9.0,6.0,1.0,158.0,0.0,11.0,6.0,24.0,4.0,87.0,17.0,8.0,1.0,174.0,4.0,23.0,14.0,15.0,1.0,294.0,6.0,9.0,0.0,1629,21,157,105,230,69,729,140,103,75
236452,2020,94.0,1.0,6.0,4.0,13.0,7.0,52.0,7.0,0.0,4.0,153.0,1.0,9.0,5.0,23.0,12.0,83.0,14.0,2.0,4.0,181.0,4.0,24.0,15.0,12.0,1.0,280.0,6.0,34.0,0.0,1638,13,160,110,269,65,727,166,82,46
236577,2010,450.0,0.0,0.0,0.0,0.0,0.0,0.0,0.0,26.0,1.0,633.0,0.0,0.0,0.0,0.0,0.0,0.0,0.0,41.0,4.0,,,,,,,,,,,4117,18,316,138,193,2,2990,237,154,69
236577,2011,526.0,2.0,20.0,6.0,17.0,0.0,444.0,5.0,31.0,1.0,710.0,6.0,29.0,8.0,21.0,0.0,596.0,5.0,43.0,2.0,,,,,,,,,,,4167,16,342,142,227,3,2790,237,330,80
236577,2012,448.0,4.0,16.0,6.0,13.0,0.0,379.0,17.0,12.0,1.0,622.0,7.0,28.0,10.0,17.0,0.0,514.0,19.0,26.0,1.0,351.0,0.0,37.0,16.0,17.0,3.0,669.0,18.0,40.0,2.0,4095,13,354,144,280,1,2533,238,448,84
236577,2013,494.0,5.0,27.0,8.0,25.0,0.0,376.0,40.0,13.0,0.0,716.0,7.0,41.0,12.0,34.0,0.0,548.0,46.0,28.0,0.0,346.0,1.0,39.0,21.0,15.0,1.0,668.0,20.0,51.0,3.0,4270,13,429,148,304,7,2819,274,164,112
236577,2014,535.0,1.0,29.0,7.0,21.0,1.0,423.0,33.0,20.0,0.0,712.0,1.0,38.0,12.0,25.0,1.0,563.0,42.0,27.0,3.0,345.0,1.0,40.0,21.0,19.0,1.0,644.0,22.0,65.0,5.0,4217,19,430,152,334,11,2682,292,142,155
236577,2015,487.0,2.0,40.0,13.0,30.0,0.0,358.0,29.0,11.0,4.0,682.0,5.0,62.0,25.0,46.0,0.0,484.0,42.0,14.0,4.0,351.0,2.0,45.0,23.0,22.0,1.0,626.0,24.0,82.0,3.0,4175,24,413,145,342,14,2428,281,340,188
236577,2016,515.0,1.0,43.0,10.0,28.0,0.0,396.0,28.0,6.0,3.0,726.0,1.0,57.0,21.0,42.0,0.0,549.0,46.0,7.0,3.0,337.0,4.0,47.0,24.0,22.0,0.0,640.0,19.0,92.0,4.0,4061,19,401,138,340,18,2219,297,440,189
236577,2017,522.0,2.0,56.0,14.0,39.0,0.0,370.0,29.0,6.0,6.0,760.0,2.0,83.0,23.0,61.0,0.0,525.0,50.0,7.0,9.0,337.0,3.0,50.0,28.0,28.0,1.0,620.0,25.0,83.0,15.0,3783,14,389,143,359,28,2048,272,334,196
236577,2018,532.0,3.0,56.0,21.0,44.0,0.0,358.0,41.0,4.0,5.0,784.0,4.0,82.0,32.0,76.0,0.0,509.0,69.0,5.0,7.0,354.0,3.0,61.0,31.0,31.0,1.0,615.0,20.0,79.0,20.0,3688,12,450,178,410,24,1988,266,150,210
236577,2019,518.0,0.0,58.0,13.0,45.0,0.0,343.0,51.0,1.0,7.0,767.0,1.0,84.0,21.0,71.0,1.0,497.0,79.0,1.0,12.0,355.0,4.0,69.0,35.0,35.0,1.0,589.0,20.0,90.0,31.0,3529,13,441,180,437,25,1811,282,127,213
236577,2020,446.0,0.0,52.0,9.0,45.0,1.0,293.0,35.0,0.0,11.0,681.0,1.0,79.0,17.0,70.0,4.0,432.0,56.0,3.0,19.0,341.0,3.0,71.0,29.0,38.0,0.0,573.0,20.0,86.0,31.0,3601,18,471,217,486,19,1800,275,121,194
236595,2010,533.0,0.0,0.0,0.0,0.0,0.0,0.0,0.0,34.0,12.0,719.0,0.0,0.0,0.0,0.0,0.0,0.0,0.0,41.0,15.0,,,,,,,,,,,7817,72,1093,341,523,89,4245,200,706,548
236595,2011,522.0,5.0,119.0,28.0,41.0,0.0,296.0,0.0,26.0,7.0,739.0,9.0,166.0,35.0,55.0,0.0,425.0,0.0,39.0,10.0,,,,,,,,,,,7755,61,1082,298,556,65,4266,294,589,544
236595,2012,568.0,11.0,137.0,21.0,58.0,0.0,296.0,0.0,27.0,18.0,731.0,18.0,172.0,25.0,69.0,0.0,394.0,0.0,34.0,19.0,633.0,4.0,116.0,63.0,62.0,13.0,922.0,16.0,303.0,9.0,7484,47,1029,273,591,54,3947,379,583,581
236595,2013,564.0,4.0,124.0,27.0,48.0,0.0,303.0,0.0,37.0,21.0,736.0,7.0,148.0,38.0,66.0,0.0,399.0,0.0,52.0,26.0,653.0,6.0,129.0,64.0,63.0,12.0,932.0,9.0,299.0,1.0,7422,48,1045,261,609,41,3734,470,578,636
236595,2014,684.0,10.0,121.0,41.0,56.0,0.0,416.0,0.0,25.0,15.0,881.0,14.0,160.0,52.0,71.0,0.0,522.0,10.0,29.0,23.0,668.0,7.0,124.0,58.0,68.0,16.0,933.0,11.0,260.0,1.0,7273,41,1011,215,612,43,3491,457,740,663
236595,2015,575.0,7.0,129.0,25.0,53.0,0.0,289.0,0.0,54.0,18.0,730.0,12.0,152.0,30.0,66.0,0.0,375.0,1.0,68.0,26.0,653.0,12.0,159.0,70.0,74.0,12.0,932.0,10.0,253.0,1.0,7405,34,1035,235,625,47,3418,473,815,723
236595,2016,773.0,2.0,136.0,23.0,88.0,10.0,417.0,68.0,22.0,7.0,1037.0,3.0,169.0,35.0,116.0,11.0,566.0,97.0,29.0,11.0,662.0,12.0,162.0,73.0,88.0,9.0,959.0,15.0,249.0,2.0,7487,37,1122,238,724,47,3572,529,436,782
236595,2017,651.0,2.0,123.0,10.0,45.0,1.0,369.0,49.0,35.0,17.0,870.0,5.0,155.0,21.0,69.0,2.0,489.0,59.0,43.0,27.0,632.0,11.0,168.0,73.0,96.0,93.0,808.0,37.0,250.0,1.0,7278,33,1030,230,773,50,3247,531,642,742
236595,2018,664.0,3.0,123.0,14.0,66.0,3.0,347.0,54.0,33.0,21.0,901.0,4.0,142.0,27.0,99.0,4.0,467.0,79.0,49.0,30.0,644.0,8.0,179.0,76.0,97.0,12.0,897.0,12.0,271.0,0.0,7291,26,1022,266,849,47,3117,511,713,740
236595,2019,705.0,4.0,133.0,12.0,77.0,5.0,341.0,57.0,52.0,24.0,958.0,6.0,170.0,20.0,111.0,9.0,457.0,78.0,66.0,41.0,682.0,13.0,203.0,93.0,105.0,13.0,980.0,8.0,262.0,3.0,7199,29,1096,303,851,47,3030,535,554,754
236595,2020,672.0,3.0,118.0,15.0,72.0,9.0,269.0,57.0,98.0,31.0,925.0,4.0,146.0,20.0,105.0,11.0,373.0,77.0,144.0,45.0,617.0,11.0,184.0,87.0,101.0,11.0,903.0,5.0,225.0,4.0,7050,28,1226,330,836,58,3010,567,326,669
236896,2010,201.0,0.0,0.0,0.0,0.0,0.0,0.0,0.0,0.0,0.0,352.0,0.0,0.0,0.0,0.0,0.0,0.0,0.0,17.0,1.0,,,,,,,,,,,1791,49,67,50,166,45,1348,0,25,41
236896,2011,155.0,2.0,3.0,7.0,10.0,0.0,125.0,0.0,3.0,5.0,292.0,4.0,6.0,11.0,21.0,0.0,229.0,0.0,9.0,12.0,,,,,,,,,,,1831,45,63,51,191,7,1359,0,57,58
236896,2012,166.0,0.0,7.0,3.0,15.0,1.0,135.0,0.0,0.0,5.0,323.0,6.0,12.0,7.0,39.0,4.0,238.0,0.0,0.0,17.0,205.0,0.0,7.0,2.0,21.0,0.0,343.0,1.0,42.0,0.0,1940,38,86,49,216,9,1419,1,72,50
236896,2013,158.0,2.0,9.0,3.0,9.0,1.0,132.0,0.0,0.0,2.0,344.0,3.0,21.0,8.0,33.0,2.0,263.0,0.0,2.0,12.0,164.0,0.0,2.0,2.0,13.0,0.0,112.0,1.0,225.0,0.0,1917,32,96,47,227,7,1385,1,66,56
236896,2014,173.0,0.0,8.0,4.0,21.0,3.0,130.0,0.0,1.0,6.0,310.0,1.0,14.0,9.0,41.0,4.0,224.0,0.0,1.0,16.0,,,,,,,,,,,1887,22,122,55,234,8,1344,5,84,13
236896,2015,164.0,0.0,8.0,1.0,18.0,1.0,133.0,0.0,3.0,0.0,316.0,5.0,14.0,11.0,38.0,1.0,241.0,1.0,5.0,0.0,143.0,0.0,4.0,6.0,14.0,0.0,124.0,0.0,147.0,0.0,1840,19,117,53,259,15,1286,12,67,12
236896,2016,166.0,2.0,6.0,2.0,13.0,0.0,137.0,0.0,2.0,4.0,305.0,6.0,10.0,9.0,24.0,2.0,243.0,0.0,4.0,7.0,165.0,0.0,2.0,3.0,13.0,0.0,158.0,0.0,171.0,0.0,1894,28,101,54,272,13,1247,10,111,58
236896,2017,224.0,2.0,8.0,4.0,20.0,0.0,174.0,0.0,7.0,9.0,366.0,3.0,15.0,15.0,43.0,0.0,257.0,0.0,15.0,18.0,168.0,0.0,2.0,9.0,14.0,0.0,288.0,1.0,37.0,0.0,1825,19,156,52,280,18,1193,8,33,66
236896,2018,221.0,1.0,5.0,1.0,27.0,2.0,151.0,9.0,6.0,19.0,395.0,2.0,14.0,5.0,60.0,4.0,250.0,23.0,7.0,30.0,185.0,0.0,3.0,11.0,21.0,0.0,294.0,1.0,40.0,0.0,1837,16,94,41,319,6,1089,146,18,108
236896,2019,237.0,3.0,14.0,5.0,26.0,0.0,159.0,14.0,1.0,15.0,388.0,4.0,20.0,7.0,55.0,0.0,257.0,20.0,1.0,24.0,182.0,0.0,4.0,11.0,23.0,0.0,303.0,6.0,28.0,0.0,1831,10,85,42,330,4,1082,135,17,126
236896,2020,213.0,1.0,15.0,1.0,30.0,1.0,132.0,18.0,5.0,10.0,364.0,1.0,28.0,11.0,59.0,1.0,204.0,29.0,12.0,19.0,170.0,0.0,7.0,9.0,22.0,0.0,279.0,10.0,23.0,0.0,1737,8,95,39,328,5,981,153,25,103
236939,2010,2130.0,15.0,115.0,41.0,96.0,6.0,1673.0,15.0,149.0,20.0,3089.0,34.0,188.0,69.0,143.0,8.0,2398.0,17.0,202.0,30.0,,,,,,,,,,,26287,280,1500,573,1689,108,18121,672,1679,1665
236939,2011,1906.0,24.0,120.0,31.0,75.0,8.0,1558.0,14.0,52.0,24.0,2855.0,39.0,192.0,59.0,121.0,9.0,2301.0,17.0,83.0,34.0,,,,,,,,,,,27329,243,1457,675,1995,95,18562,1078,1367,1857
236939,2012,1801.0,21.0,104.0,29.0,71.0,16.0,1458.0,4.0,80.0,18.0,2676.0,33.0,184.0,55.0,121.0,16.0,2108.0,8.0,125.0,26.0,,,,,,,,,,,27679,182,1360,766,2348,102,18398,1494,1190,1839
236939,2013,2085.0,24.0,111.0,31.0,107.0,9.0,1649.0,23.0,102.0,29.0,3184.0,31.0,196.0,55.0,169.0,14.0,2468.0,36.0,163.0,52.0,2983.0,34.0,246.0,64.0,261.0,14.0,4079.0,78.0,1154.0,222.0,27642,164,1445,838,2683,104,17763,1660,1111,1874
236939,2014,2280.0,22.0,114.0,38.0,126.0,7.0,1786.0,32.0,114.0,41.0,3391.0,35.0,173.0,62.0,200.0,15.0,2610.0,56.0,168.0,72.0,3126.0,33.0,260.0,63.0,252.0,14.0,3994.0,78.0,1536.0,245.0,28686,169,1497,896,3077,100,18000,1863,1138,1946
236939,2015,2328.0,17.0,154.0,37.0,183.0,14.0,1737.0,73.0,60.0,53.0,3627.0,37.0,228.0,78.0,302.0,34.0,2665.0,113.0,96.0,74.0,3246.0,52.0,270.0,62.0,273.0,15.0,4005.0,83.0,1720.0,252.0,29686,173,1544,932,3490,104,17850,2001,1438,2154
236939,2016,2158.0,13.0,122.0,31.0,166.0,5.0,1543.0,154.0,52.0,72.0,3241.0,21.0,185.0,53.0,261.0,9.0,2276.0,238.0,89.0,109.0,3269.0,49.0,305.0,64.0,283.0,12.0,4309.0,105.0,1421.0,248.0,30142,227,1706,919,3827,104,17430,1915,1886,2128
236939,2017,2748.0,14.0,137.0,77.0,253.0,5.0,1937.0,193.0,34.0,98.0,4401.0,28.0,231.0,145.0,446.0,13.0,2981.0,346.0,60.0,151.0,3257.0,52.0,277.0,67.0,293.0,11.0,3915.0,106.0,1819.0,247.0,30614,197,1799,928,4016,112,17696,1868,1804,2194
236939,2018,2520.0,11.0,102.0,84.0,251.0,5.0,1737.0,239.0,19.0,72.0,4279.0,28.0,189.0,178.0,492.0,18.0,2821.0,414.0,32.0,107.0,3146.0,48.0,281.0,67.0,283.0,11.0,3817.0,117.0,1738.0,229.0,31478,187,1932,964,4334,136,18330,1882,1473,2240
236939,2019,2443.0,11.0,121.0,83.0,291.0,9.0,1606.0,230.0,21.0,71.0,4057.0,26.0,196.0,193.0,579.0,19.0,2530.0,375.0,26.0,113.0,3192.0,39.0,286.0,75.0,313.0,12.0,3805.0,117.0,1823.0,238.0,31607,176,2026,875,4528,120,18514,1914,1187,2267
236939,2020,2551.0,10.0,135.0,86.0,339.0,10.0,1670.0,215.0,22.0,64.0,4357.0,26.0,240.0,184.0,660.0,18.0,2672.0,399.0,43.0,115.0,3164.0,42.0,297.0,75.0,341.0,13.0,3896.0,105.0,1631.0,252.0,31159,152,2045,892,4650,114,18443,1963,981,1919
236948,2010,3911.0,44.0,1135.0,111.0,167.0,21.0,2131.0,0.0,217.0,85.0,4867.0,64.0,1385.0,159.0,226.0,37.0,2614.0,0.0,264.0,118.0,,,,,,,,,,,42451,531,9377,1331,2329,227,21859,1,3136,3660
236948,2011,3892.0,30.0,1145.0,81.0,175.0,0.0,2141.0,0.0,195.0,125.0,4892.0,49.0,1419.0,119.0,248.0,0.0,2641.0,0.0,262.0,154.0,,,,,,,,,,,42444,546,9420,1325,2480,271,21577,0,2179,4646
236948,2012,4270.0,42.0,1230.0,111.0,234.0,20.0,2302.0,21.0,200.0,110.0,5284.0,63.0,1481.0,153.0,301.0,36.0,2845.0,22.0,246.0,137.0,,,,,,,,,,,43485,363,8810,1108,2669,199,21262,1348,2180,5546
236948,2013,4225.0,44.0,1245.0,124.0,223.0,23.0,2237.0,44.0,133.0,152.0,5163.0,70.0,1500.0,173.0,294.0,36.0,2697.0,51.0,161.0,181.0,8599.0,71.0,2406.0,560.0,791.0,45.0,11591.0,410.0,2359.0,563.0,43762,283,8706,1093,2788,168,20996,1933,1543,6252
236948,2014,4502.0,45.0,1236.0,125.0,238.0,26.0,2335.0,56.0,168.0,273.0,5377.0,64.0,1428.0,174.0,309.0,36.0,2762.0,61.0,208.0,335.0,8768.0,75.0,1862.0,527.0,813.0,49.0,11906.0,464.0,1225.0,2353.0,44784,233,8702,1093,2917,160,21015,2407,1580,6677
236948,2015,4307.0,45.0,1324.0,93.0,243.0,33.0,2049.0,0.0,135.0,385.0,5119.0,65.0,1527.0,122.0,314.0,40.0,2400.0,0.0,170.0,481.0,7590.0,52.0,1651.0,484.0,687.0,44.0,9986.0,450.0,1407.0,1961.0,45408,220,8936,1102,3059,163,21046,2566,1331,6985
236948,2016,4579.0,71.0,1346.0,129.0,275.0,25.0,2133.0,0.0,130.0,470.0,5460.0,101.0,1572.0,166.0,353.0,34.0,2506.0,0.0,159.0,569.0,8497.0,56.0,1833.0,540.0,834.0,50.0,11084.0,500.0,1816.0,2167.0,45591,219,9256,1168,3188,167,20694,2705,1152,7042
236948,2017,4854.0,17.0,1160.0,82.0,291.0,21.0,2062.0,324.0,31.0,866.0,5752.0,22.0,1324.0,117.0,375.0,23.0,2432.0,382.0,38.0,1039.0,8362.0,62.0,2486.0,644.0,939.0,61.0,11155.0,540.0,2377.0,459.0,46166,220,9370,1333,3395,161,20345,2892,1094,7356
236948,2018,5052.0,6.0,1283.0,87.0,316.0,21.0,2053.0,372.0,46.0,868.0,6003.0,13.0,1467.0,118.0,398.0,27.0,2451.0,439.0,69.0,1021.0,8443.0,62.0,2697.0,670.0,971.0,65.0,11198.0,541.0,2087.0,523.0,47400,214,9921,1388,3572,148,19942,2989,1395,7831
236948,2019,5244.0,16.0,1304.0,92.0,354.0,20.0,2234.0,361.0,44.0,819.0,6226.0,24.0,1505.0,122.0,451.0,24.0,2637.0,436.0,49.0,978.0,8804.0,78.0,2895.0,721.0,1101.0,70.0,11555.0,582.0,2088.0,736.0,47576,197,10157,1394,3799,159,19193,3055,1504,8118
236948,2020,5180.0,21.0,1337.0,109.0,336.0,13.0,2194.0,361.0,55.0,754.0,6317.0,33.0,1584.0,151.0,437.0,20.0,2656.0,453.0,63.0,920.0,8942.0,81.0,3137.0,789.0,1185.0,81.0,12010.0,633.0,2046.0,727.0,48149,214,10652,1517,4044,163,19099,3205,1477,7778
237011,2010,1672.0,0.0,0.0,0.0,0.0,0.0,0.0,0.0,73.0,1.0,2425.0,0.0,0.0,0.0,0.0,0.0,0.0,0.0,96.0,1.0,,,,,,,,,,,14979,240,940,290,789,39,11428,595,494,164
237011,2011,1724.0,30.0,112.0,35.0,58.0,7.0,1376.0,61.0,43.0,2.0,2365.0,43.0,173.0,60.0,83.0,11.0,1856.0,81.0,55.0,3.0,,,,,,,,,,,14842,173,916,262,837,26,11406,770,299,153
237011,2012,1627.0,20.0,100.0,22.0,58.0,5.0,1319.0,48.0,51.0,4.0,2425.0,35.0,167.0,50.0,90.0,10.0,1902.0,84.0,80.0,7.0,889.0,23.0,91.0,20.0,57.0,7.0,1628.0,31.0,40.0,34.0,14833,117,912,252,909,26,11310,940,220,147
237011,2013,1783.0,30.0,167.0,43.0,82.0,8.0,1397.0,0.0,54.0,2.0,2572.0,60.0,252.0,93.0,127.0,14.0,1949.0,0.0,71.0,6.0,902.0,22.0,90.0,24.0,60.0,7.0,1664.0,35.0,43.0,37.0,14950,67,924,224,1006,21,11293,1090,167,158
237011,2014,1907.0,22.0,104.0,33.0,103.0,4.0,1487.0,110.0,40.0,4.0,2667.0,39.0,145.0,66.0,166.0,12.0,2018.0,159.0,56.0,6.0,931.0,22.0,96.0,32.0,66.0,8.0,1721.0,39.0,50.0,42.0,15060,65,971,224,1095,28,11200,1164,156,157
237011,2015,1903.0,33.0,134.0,38.0,94.0,6.0,1477.0,72.0,46.0,3.0,2670.0,53.0,196.0,64.0,148.0,12.0,2015.0,107.0,71.0,4.0,947.0,19.0,100.0,35.0,84.0,8.0,1724.0,46.0,60.0,32.0,15332,62,1014,258,1183,36,11217,1262,144,156
237011,2016,1891.0,7.0,130.0,33.0,124.0,2.0,1442.0,139.0,14.0,0.0,2722.0,11.0,190.0,46.0,188.0,2.0,2061.0,203.0,21.0,0.0,955.0,15.0,93.0,39.0,89.0,6.0,1715.0,57.0,73.0,26.0,15574,61,991,254,1298,29,11275,1300,185,181
237011,2017,1846.0,5.0,134.0,18.0,119.0,5.0,1421.0,142.0,0.0,2.0,2674.0,8.0,186.0,29.0,178.0,6.0,2043.0,217.0,3.0,4.0,984.0,17.0,107.0,34.0,85.0,6.0,1738.0,66.0,51.0,60.0,15915,63,1001,258,1398,28,11416,1330,233,188
237011,2018,1822.0,4.0,106.0,27.0,115.0,4.0,1414.0,143.0,6.0,3.0,2661.0,9.0,164.0,49.0,179.0,6.0,2026.0,214.0,10.0,4.0,981.0,16.0,107.0,32.0,88.0,6.0,1687.0,76.0,76.0,66.0,16121,55,996,260,1495,32,11429,1357,314,183
237011,2019,1882.0,5.0,129.0,29.0,119.0,2.0,1426.0,159.0,6.0,7.0,2764.0,9.0,197.0,39.0,208.0,3.0,2041.0,246.0,12.0,9.0,1016.0,16.0,106.0,33.0,100.0,5.0,1705.0,73.0,93.0,70.0,16142,63,987,257,1617,28,11249,1391,352,198
237011,2020,1866.0,5.0,148.0,26.0,138.0,2.0,1349.0,186.0,8.0,4.0,2763.0,8.0,229.0,46.0,229.0,5.0,1952.0,273.0,14.0,7.0,982.0,14.0,111.0,31.0,110.0,4.0,1646.0,76.0,96.0,66.0,15197,68,966,260,1575,20,10463,1374,343,128
237057,2010,330.0,0.0,0.0,0.0,0.0,0.0,0.0,0.0,43.0,13.0,385.0,0.0,0.0,0.0,0.0,0.0,0.0,0.0,52.0,13.0,,,,,,,,,,,1555,13,114,21,97,8,1056,61,139,46
237057,2011,308.0,5.0,27.0,9.0,18.0,0.0,197.0,0.0,43.0,9.0,360.0,7.0,32.0,10.0,22.0,0.0,231.0,0.0,48.0,10.0,,,,,,,,,,,1596,13,121,24,100,4,1121,53,121,39
237057,2012,321.0,2.0,37.0,5.0,13.0,0.0,213.0,0.0,40.0,11.0,367.0,2.0,42.0,7.0,17.0,0.0,241.0,0.0,47.0,11.0,,,,,,,,,,,1539,15,120,18,98,3,1104,48,91,42
237057,2013,351.0,2.0,40.0,2.0,20.0,4.0,237.0,0.0,34.0,12.0,400.0,5.0,47.0,3.0,21.0,5.0,269.0,0.0,37.0,13.0,272.0,6.0,35.0,7.0,20.0,1.0,482.0,2.0,19.0,0.0,1541,5,98,19,118,7,1111,67,60,56
237057,2014,350.0,0.0,27.0,5.0,18.0,0.0,241.0,12.0,38.0,9.0,401.0,3.0,30.0,6.0,22.0,0.0,276.0,12.0,43.0,9.0,,,,,,,,,,,1498,5,80,14,117,0,1090,85,49,58
237057,2015,345.0,1.0,25.0,3.0,15.0,2.0,244.0,17.0,30.0,8.0,395.0,2.0,29.0,3.0,24.0,2.0,275.0,18.0,34.0,8.0,267.0,2.0,21.0,7.0,26.0,2.0,471.0,0.0,16.0,24.0,1470,5,72,17,104,0,1053,104,44,71
237057,2016,364.0,5.0,33.0,8.0,28.0,1.0,248.0,12.0,17.0,12.0,415.0,6.0,36.0,9.0,30.0,2.0,283.0,15.0,19.0,15.0,288.0,3.0,31.0,7.0,38.0,1.0,488.0,0.0,19.0,10.0,1493,5,67,21,109,5,1052,101,47,86
237057,2017,351.0,2.0,26.0,2.0,23.0,0.0,270.0,7.0,14.0,7.0,399.0,3.0,29.0,3.0,24.0,0.0,307.0,8.0,17.0,8.0,285.0,3.0,29.0,10.0,46.0,1.0,447.0,0.0,39.0,17.0,1510,8,75,22,107,7,1023,107,58,103
237057,2018,333.0,1.0,20.0,2.0,25.0,0.0,245.0,21.0,10.0,9.0,381.0,1.0,20.0,2.0,28.0,0.0,281.0,25.0,11.0,13.0,278.0,2.0,23.0,10.0,47.0,4.0,448.0,1.0,36.0,15.0,1475,8,85,26,109,9,957,98,64,119
237057,2019,351.0,1.0,13.0,4.0,29.0,0.0,258.0,19.0,10.0,17.0,391.0,2.0,17.0,4.0,34.0,0.0,285.0,21.0,10.0,18.0,286.0,1.0,21.0,12.0,51.0,1.0,465.0,2.0,50.0,14.0,1579,7,97,34,129,8,998,105,62,139
237057,2020,337.0,0.0,18.0,4.0,22.0,0.0,247.0,29.0,5.0,12.0,393.0,0.0,24.0,5.0,28.0,0.0,276.0,32.0,8.0,20.0,254.0,1.0,20.0,12.0,45.0,1.0,398.0,0.0,21.0,15.0,1360,3,96,34,123,6,810,93,57,138
237066,2010,372.0,0.0,0.0,0.0,0.0,0.0,0.0,0.0,9.0,0.0,469.0,0.0,0.0,0.0,0.0,0.0,0.0,0.0,12.0,2.0,,,,,,,,,,,2989,39,75,52,152,11,2437,75,92,56
237066,2011,362.0,5.0,19.0,6.0,11.0,0.0,311.0,0.0,9.0,1.0,451.0,9.0,26.0,7.0,12.0,0.0,383.0,0.0,13.0,1.0,,,,,,,,,,,2506,14,61,42,151,8,2030,88,63,49
237066,2012,356.0,5.0,8.0,6.0,10.0,0.0,311.0,9.0,6.0,1.0,469.0,5.0,12.0,12.0,13.0,0.0,408.0,9.0,9.0,1.0,,,,,,,,,,,2571,17,70,35,186,5,2040,113,48,57
237066,2013,393.0,3.0,12.0,3.0,15.0,0.0,341.0,6.0,11.0,2.0,532.0,4.0,19.0,4.0,21.0,0.0,456.0,7.0,16.0,5.0,302.0,5.0,14.0,12.0,24.0,3.0,574.0,5.0,0.0,2.0,2569,19,70,39,192,11,2029,124,36,49
237066,2014,410.0,3.0,11.0,7.0,16.0,2.0,348.0,7.0,7.0,9.0,545.0,3.0,12.0,11.0,27.0,2.0,458.0,9.0,10.0,13.0,,,,,,,,,,,2654,19,90,51,205,12,2028,133,40,76
237066,2015,416.0,1.0,16.0,7.0,17.0,0.0,357.0,10.0,6.0,2.0,555.0,3.0,28.0,14.0,23.0,1.0,457.0,15.0,8.0,6.0,328.0,5.0,15.0,14.0,27.0,2.0,613.0,0.0,0.0,6.0,2650,18,111,57,198,7,1995,156,33,75
237066,2016,496.0,1.0,12.0,5.0,43.0,2.0,399.0,20.0,7.0,7.0,683.0,4.0,16.0,8.0,63.0,5.0,542.0,26.0,11.0,8.0,309.0,3.0,15.0,13.0,29.0,1.0,572.0,0.0,0.0,2.0,2634,17,113,52,222,6,1945,162,32,85
237066,2017,392.0,2.0,5.0,2.0,21.0,1.0,332.0,17.0,6.0,6.0,523.0,2.0,8.0,4.0,35.0,1.0,422.0,32.0,9.0,10.0,285.0,2.0,12.0,11.0,30.0,1.0,547.0,4.0,0.0,4.0,2627,21,115,53,235,12,1889,172,31,99
237066,2018,494.0,0.0,18.0,8.0,27.0,1.0,393.0,34.0,5.0,8.0,629.0,4.0,23.0,9.0,46.0,1.0,489.0,42.0,6.0,9.0,297.0,6.0,20.0,12.0,33.0,2.0,576.0,0.0,0.0,2.0,2776,20,116,59,274,22,1942,217,30,96
237066,2019,446.0,3.0,14.0,9.0,27.0,2.0,361.0,23.0,1.0,6.0,592.0,5.0,20.0,10.0,42.0,5.0,465.0,34.0,1.0,10.0,302.0,4.0,20.0,15.0,35.0,3.0,574.0,0.0,0.0,1.0,2814,20,124,60,318,32,1874,255,22,109
237066,2020,473.0,3.0,31.0,4.0,40.0,0.0,350.0,27.0,1.0,17.0,614.0,5.0,42.0,10.0,60.0,4.0,437.0,33.0,1.0,22.0,284.0,4.0,23.0,18.0,0.0,2.0,582.0,0.0,0.0,0.0,2756,16,118,64,345,40,1826,239,16,92
377555,2012,83.0,1.0,28.0,5.0,6.0,1.0,35.0,0.0,6.0,1.0,129.0,1.0,43.0,7.0,11.0,1.0,55.0,0.0,10.0,1.0,,,,,,,,,,,4172,29,963,178,310,24,2113,187,123,245
377555,2013,100.0,1.0,37.0,2.0,5.0,0.0,44.0,4.0,6.0,1.0,148.0,2.0,53.0,3.0,10.0,1.0,65.0,4.0,9.0,1.0,253.0,4.0,42.0,12.0,38.0,1.0,316.0,13.0,141.0,7.0,4604,25,1060,226,357,38,2235,243,86,334
377555,2014,151.0,1.0,58.0,0.0,10.0,0.0,66.0,2.0,10.0,4.0,224.0,3.0,87.0,0.0,14.0,1.0,94.0,4.0,13.0,8.0,271.0,4.0,38.0,12.0,37.0,3.0,372.0,14.0,79.0,68.0,4962,21,1217,257,415,44,2267,280,73,388
377555,2015,205.0,0.0,79.0,12.0,17.0,2.0,83.0,0.0,9.0,3.0,294.0,2.0,114.0,16.0,23.0,2.0,120.0,0.0,12.0,5.0,271.0,4.0,46.0,11.0,44.0,3.0,353.0,19.0,74.0,75.0,5277,19,1282,297,461,36,2323,306,77,476
377555,2016,262.0,5.0,103.0,15.0,23.0,2.0,96.0,0.0,12.0,6.0,391.0,8.0,143.0,25.0,36.0,4.0,147.0,0.0,19.0,9.0,323.0,6.0,56.0,12.0,51.0,4.0,405.0,21.0,101.0,81.0,5734,16,1473,343,513,40,2344,328,88,589
377555,2017,334.0,0.0,111.0,12.0,39.0,4.0,127.0,24.0,5.0,12.0,525.0,1.0,155.0,27.0,67.0,7.0,206.0,36.0,7.0,19.0,309.0,4.0,86.0,16.0,61.0,5.0,409.0,20.0,105.0,15.0,5981,16,1544,371,546,35,2402,354,137,576
377555,2018,335.0,1.0,107.0,18.0,37.0,1.0,120.0,30.0,5.0,16.0,538.0,3.0,161.0,25.0,75.0,2.0,185.0,52.0,6.0,29.0,313.0,6.0,93.0,23.0,57.0,6.0,429.0,24.0,93.0,12.0,5970,28,1699,385,562,30,2215,370,113,568
377555,2019,387.0,0.0,142.0,28.0,38.0,8.0,119.0,26.0,5.0,21.0,560.0,2.0,198.0,40.0,60.0,11.0,168.0,40.0,9.0,32.0,317.0,7.0,105.0,28.0,59.0,2.0,414.0,26.0,82.0,15.0,5913,23,1789,403,571,27,2125,355,95,525
377555,2020,393.0,0.0,164.0,23.0,44.0,4.0,121.0,24.0,1.0,12.0,625.0,1.0,230.0,46.0,90.0,7.0,186.0,45.0,5.0,15.0,300.0,7.0,100.0,30.0,59.0,3.0,390.0,28.0,81.0,21.0,6304,20,2007,471,638,23,2190,394,114,447
377564,2012,65.0,1.0,16.0,5.0,4.0,0.0,30.0,1.0,8.0,0.0,151.0,3.0,40.0,16.0,8.0,2.0,57.0,1.0,24.0,0.0,,,,,,,,,,,3919,46,540,280,307,45,2031,192,345,133
377564,2013,87.0,0.0,29.0,4.0,8.0,0.0,38.0,3.0,5.0,0.0,176.0,0.0,51.0,11.0,15.0,2.0,77.0,5.0,15.0,0.0,235.0,4.0,38.0,20.0,27.0,3.0,301.0,14.0,113.0,12.0,4295,51,639,290,381,60,2102,277,293,202
377564,2014,99.0,1.0,19.0,9.0,9.0,1.0,52.0,1.0,7.0,0.0,180.0,2.0,39.0,15.0,18.0,2.0,80.0,1.0,23.0,0.0,249.0,5.0,31.0,25.0,38.0,3.0,359.0,17.0,33.0,57.0,4477,47,718,332,439,64,2096,323,224,234
377564,2015,124.0,2.0,33.0,10.0,13.0,1.0,58.0,0.0,7.0,0.0,198.0,3.0,53.0,16.0,22.0,2.0,90.0,0.0,12.0,0.0,254.0,3.0,33.0,20.0,31.0,4.0,347.0,21.0,43.0,61.0,4599,43,790,333,508,65,2026,363,162,309
377564,2016,125.0,5.0,34.0,6.0,12.0,3.0,59.0,0.0,6.0,0.0,208.0,10.0,48.0,19.0,23.0,7.0,94.0,0.0,7.0,0.0,288.0,3.0,36.0,24.0,33.0,4.0,380.0,26.0,56.0,70.0,4987,35,898,367,635,64,2146,411,111,320
377564,2017,128.0,3.0,35.0,5.0,15.0,0.0,47.0,18.0,5.0,0.0,219.0,5.0,52.0,10.0,29.0,1.0,84.0,28.0,9.0,1.0,281.0,3.0,59.0,24.0,35.0,4.0,394.0,25.0,73.0,15.0,5162,38,915,434,718,63,2180,429,97,288
377564,2018,189.0,1.0,52.0,10.0,23.0,1.0,36.0,6.0,56.0,4.0,325.0,3.0,85.0,15.0,36.0,7.0,61.0,8.0,102.0,8.0,307.0,4.0,60.0,29.0,42.0,5.0,413.0,25.0,71.0,20.0,5354,42,978,482,751,60,2216,446,109,270
377564,2019,218.0,2.0,64.0,11.0,34.0,10.0,64.0,16.0,13.0,4.0,392.0,3.0,100.0,24.0,63.0,19.0,126.0,26.0,24.0,7.0,301.0,5.0,67.0,31.0,53.0,3.0,409.0,30.0,57.0,20.0,5329,39,1020,474,763,66,2130,438,123,276
377564,2020,251.0,2.0,66.0,20.0,34.0,2.0,98.0,22.0,4.0,3.0,416.0,7.0,94.0,34.0,68.0,16.0,147.0,39.0,6.0,5.0,304.0,6.0,73.0,30.0,58.0,3.0,405.0,33.0,60.0,24.0,5364,42,1068,504,808,72,2069,456,115,230
380377,2010,6.0,5.0,0.0,0.0,0.0,0.0,1.0,0.0,0.0,0.0,28.0,19.0,2.0,2.0,0.0,0.0,5.0,0.0,0.0,0.0,,,,,,,,,,,626,530,19,5,8,1,53,0,10,0
380377,2011,10.0,9.0,0.0,0.0,0.0,0.0,1.0,0.0,0.0,0.0,36.0,30.0,2.0,2.0,0.0,0.0,2.0,0.0,0.0,0.0,,,,,,,,,,,701,624,4,4,8,2,45,7,7,0
380377,2012,13.0,13.0,0.0,0.0,0.0,0.0,0.0,0.0,0.0,0.0,73.0,72.0,0.0,0.0,0.0,0.0,1.0,0.0,0.0,0.0,,,,,,,,,,,699,654,1,4,3,1,16,14,6,0
380377,2013,5.0,5.0,0.0,0.0,0.0,0.0,0.0,0.0,0.0,0.0,56.0,53.0,1.0,0.0,0.0,0.0,2.0,0.0,0.0,0.0,82.0,148.0,6.0,1.0,2.0,5.0,62.0,1.0,3.0,0.0,681,637,0,5,2,4,16,15,2,0
380377,2014,9.0,9.0,0.0,0.0,0.0,0.0,0.0,0.0,0.0,0.0,52.0,45.0,0.0,3.0,1.0,0.0,2.0,0.0,1.0,0.0,75.0,132.0,5.0,1.0,3.0,4.0,60.0,7.0,1.0,0.0,637,549,0,2,15,5,25,34,4,3
380377,2015,20.0,18.0,1.0,1.0,0.0,0.0,0.0,0.0,0.0,0.0,79.0,66.0,1.0,7.0,0.0,0.0,5.0,0.0,0.0,0.0,83.0,137.0,6.0,4.0,3.0,5.0,60.0,9.0,0.0,0.0,641,554,0,3,24,4,17,36,1,2
380377,2016,18.0,17.0,1.0,0.0,0.0,0.0,0.0,0.0,0.0,0.0,79.0,66.0,1.0,7.0,0.0,0.0,5.0,0.0,0.0,0.0,85.0,141.0,5.0,3.0,6.0,5.0,54.0,8.0,0.0,0.0,579,492,0,4,21,5,14,41,1,1
380377,2017,10.0,9.0,0.0,1.0,0.0,0.0,0.0,0.0,0.0,0.0,101.0,93.0,0.0,2.0,0.0,0.0,1.0,4.0,1.0,0.0,71.0,142.0,4.0,0.0,9.0,3.0,51.0,4.0,0.0,1.0,544,433,11,0,28,4,19,45,1,3
380377,2018,9.0,8.0,0.0,0.0,0.0,0.0,0.0,1.0,0.0,0.0,79.0,74.0,0.0,0.0,0.0,0.0,0.0,5.0,0.0,0.0,77.0,140.0,6.0,1.0,3.0,3.0,44.0,12.0,0.0,0.0,535,450,0,2,33,1,13,34,0,2
380377,2019,15.0,14.0,0.0,0.0,0.0,0.0,1.0,0.0,0.0,0.0,79.0,71.0,0.0,0.0,1.0,1.0,4.0,1.0,1.0,0.0,70.0,138.0,7.0,3.0,5.0,3.0,45.0,5.0,0.0,0.0,594,440,2,6,38,3,19,36,50,0
380377,2020,21.0,20.0,0.0,0.0,0.0,0.0,1.0,0.0,0.0,0.0,87.0,79.0,0.0,0.0,1.0,1.0,4.0,1.0,1.0,0.0,72.0,145.0,4.0,4.0,3.0,5.0,42.0,4.0,0.0,0.0,555,434,3,6,41,3,25,37,6,0
234915,2010,,,,,,,,,,,10.0,0.0,0.0,0.0,0.0,0.0,0.0,0.0,0.0,0.0,,,,,,,,,,,2644,26,146,182,75,21,1549,14,427,204
234915,2013,,,,,,,,,,,7.0,0.0,0.0,1.0,0.0,0.0,2.0,0.0,4.0,0.0,304.0,1.0,74.0,28.0,21.0,8.0,672.0,9.0,19.0,0.0,2368,25,89,140,133,12,960,8,645,356
234915,2018,,,,,,,,,,,1.0,0.0,0.0,0.0,0.0,0.0,1.0,0.0,0.0,0.0,210.0,5.0,58.0,28.0,22.0,1.0,330.0,0.0,126.0,0.0,2113,20,148,215,147,15,1065,70,163,270
234915,2014,,,,,,,,,,,,,,,,,,,,,289.0,2.0,73.0,29.0,21.0,6.0,617.0,6.0,28.0,0.0,2545,14,88,117,139,10,776,20,968,413
234915,2020,,,,,,,,,,,,,,,,,,,,,188.0,6.0,75.0,36.0,15.0,6.0,328.0,0.0,27.0,0.0,2052,13,155,177,134,11,770,80,549,163
235547,2013,,,,,,,,,,,,,,,,,,,,,128.0,1.0,45.0,10.0,13.0,0.0,326.0,15.0,23.0,0.0,1115,4,125,26,34,0,705,71,64,86
235547,2015,,,,,,,,,,,,,,,,,,,,,136.0,2.0,44.0,13.0,14.0,1.0,336.0,16.0,39.0,0.0,1264,9,73,50,41,68,806,80,66,71
235547,2016,,,,,,,,,,,,,,,,,,,,,145.0,1.0,45.0,13.0,14.0,1.0,327.0,17.0,47.0,0.0,1258,16,108,66,43,38,788,84,68,47
235547,2017,,,,,,,,,,,,,,,,,,,,,140.0,1.0,42.0,15.0,0.0,2.0,316.0,14.0,57.0,8.0,1195,13,147,61,41,18,727,89,75,24
235547,2018,,,,,,,,,,,,,,,,,,,,,107.0,1.0,36.0,14.0,0.0,2.0,277.0,12.0,59.0,0.0,1098,11,135,57,40,9,687,71,78,10
235547,2019,,,,,,,,,,,,,,,,,,,,,96.0,1.0,39.0,15.0,0.0,1.0,230.0,14.0,41.0,0.0,994,8,124,52,31,13,591,97,73,5
235547,2020,,,,,,,,,,,,,,,,,,,,,101.0,1.0,39.0,10.0,0.0,1.0,268.0,12.0,48.0,2.0,904,8,115,54,21,10,528,92,73,3
235547,2010,,,,,,,,,,,,,,,,,,,,,,,,,,,,,,,970,4,84,18,29,3,640,0,127,65
235547,2011,,,,,,,,,,,,,,,,,,,,,,,,,,,,,,,1018,4,97,21,29,4,663,57,74,69
235547,2012,,,,,,,,,,,,,,,,,,,,,,,,,,,,,,,1028,5,109,25,26,3,662,62,58,78
235547,2014,,,,,,,,,,,,,,,,,,,,,,,,,,,,,,,1195,6,118,43,42,0,774,73,65,74
377555,2010,,,,,,,,,,,,,,,,,,,,,,,,,,,,,,,3273,34,776,150,188,18,1790,1,225,91
377555,2011,,,,,,,,,,,,,,,,,,,,,,,,,,,,,,,3759,41,915,191,257,38,1995,0,186,136
377564,2010,,,,,,,,,,,,,,,,,,,,,,,,,,,,,,,3331,22,486,281,241,26,1918,0,326,31
377564,2011,,,,,,,,,,,,,,,,,,,,,,,,,,,,,,,3657,58,546,312,250,44,2037,0,335,75
