institute_id,year,gr_total,gr_AmerInd_AlaskNtv,gr_Asian,gr_AfrAmer,gr_Hispanic,gr_Hi_PacIsland,gr_White,gr_2orMore,gr_unknown,gr_nonresAlien,co_total,co_AmerInd_AlaskNtv,co_Asian,co_AfrAmer,co_Hispanic,co_Hi_PacIsland,co_White,co_2orMore,co_unknown,co_nonresAlien
102845,2010,25.0,0.0,0.0,0.0,0.0,0.0,0.0,0.0,0.0,0.0,28,0.0,0.0,0.0,0.0,0.0,0.0,0.0,0.0,0.0
102845,2011,30.0,2.0,2.0,1.0,0.0,0.0,23.0,1.0,0.0,1.0,32,2.0,2.0,1.0,0.0,0.0,25.0,1.0,0.0,1.0
102845,2012,93.0,12.0,19.0,6.0,1.0,0.0,53.0,2.0,0.0,0.0,277,41.0,41.0,25.0,9.0,0.0,155.0,3.0,3.0,0.0
102845,2013,294.0,42.0,38.0,29.0,8.0,0.0,167.0,5.0,5.0,0.0,832,136.0,125.0,82.0,28.0,5.0,437.0,11.0,8.0,0.0
102845,2014,307.0,22.0,11.0,14.0,72.0,7.0,139.0,10.0,32.0,0.0,670,75.0,36.0,53.0,124.0,21.0,283.0,20.0,58.0,0.0
102845,2015,545.0,28.0,26.0,28.0,175.0,12.0,229.0,7.0,40.0,0.0,1174,96.0,51.0,65.0,320.0,40.0,418.0,30.0,153.0,1.0
102845,2016,734.0,27.0,20.0,21.0,264.0,17.0,280.0,22.0,83.0,0.0,1560,115.0,45.0,64.0,453.0,36.0,549.0,48.0,250.0,0.0
102845,2017,852.0,43.0,14.0,20.0,327.0,16.0,292.0,33.0,107.0,0.0,1794,134.0,38.0,77.0,593.0,56.0,589.0,86.0,221.0,0.0
102845,2018,523.0,16.0,8.0,14.0,216.0,31.0,194.0,28.0,16.0,0.0,1044,85.0,15.0,43.0,350.0,81.0,362.0,81.0,27.0,0.0
102845,2019,445.0,17.0,22.0,14.0,122.0,2.0,221.0,32.0,15.0,0.0,1023,80.0,74.0,79.0,228.0,5.0,450.0,77.0,30.0,0.0
102845,2020,1083.0,36.0,7.0,37.0,380.0,44.0,483.0,47.0,49.0,0.0,2095,140.0,11.0,115.0,699.0,95.0,819.0,104.0,112.0,0.0
234492,2010,147.0,3.0,11.0,4.0,8.0,0.0,75.0,0.0,43.0,3.0,390,12.0,26.0,25.0,20.0,0.0,192.0,0.0,110.0,5.0
234492,2011,144.0,2.0,12.0,3.0,10.0,0.0,106.0,0.0,10.0,1.0,423,8.0,38.0,16.0,26.0,0.0,288.0,0.0,46.0,1.0
234492,2012,99.0,1.0,14.0,1.0,6.0,0.0,63.0,0.0,13.0,1.0,301,10.0,31.0,11.0,26.0,0.0,184.0,0.0,38.0,1.0
234492,2013,90.0,1.0,12.0,3.0,6.0,0.0,61.0,0.0,7.0,0.0,322,7.0,39.0,17.0,20.0,0.0,198.0,0.0,41.0,0.0
234492,2014,110.0,1.0,6.0,1.0,7.0,0.0,60.0,0.0,32.0,3.0,349,3.0,25.0,13.0,25.0,0.0,179.0,0.0,101.0,3.0
234492,2015,84.0,0.0,5.0,5.0,13.0,0.0,45.0,0.0,16.0,0.0,320,5.0,19.0,14.0,35.0,0.0,174.0,0.0,73.0,0.0
234492,2016,79.0,2.0,6.0,0.0,9.0,0.0,49.0,0.0,12.0,1.0,289,12.0,14.0,12.0,34.0,0.0,151.0,0.0,63.0,3.0
234492,2017,64.0,0.0,0.0,0.0,10.0,0.0,7.0,0.0,46.0,1.0,205,1.0,0.0,3.0,20.0,0.0,14.0,0.0,165.0,2.0
234492,2018,56.0,0.0,1.0,0.0,11.0,0.0,17.0,0.0,23.0,4.0,201,0.0,3.0,6.0,33.0,0.0,50.0,0.0,102.0,7.0
234669,2010,90.0,0.0,0.0,0.0,0.0,0.0,0.0,0.0,19.0,10.0,338,0.0,0.0,0.0,0.0,0.0,0.0,0.0,43.0,32.0
234669,2011,140.0,2.0,19.0,2.0,5.0,0.0,93.0,0.0,13.0,6.0,483,5.0,54.0,28.0,25.0,0.0,299.0,0.0,49.0,23.0
234669,2012,142.0,0.0,19.0,4.0,3.0,0.0,98.0,0.0,17.0,1.0,513,2.0,70.0,18.0,26.0,0.0,337.0,0.0,59.0,1.0
234669,2013,122.0,3.0,23.0,4.0,6.0,0.0,79.0,0.0,7.0,0.0,508,7.0,96.0,35.0,26.0,0.0,311.0,0.0,33.0,0.0
234669,2014,110.0,1.0,28.0,2.0,6.0,0.0,70.0,2.0,1.0,0.0,423,5.0,73.0,20.0,30.0,0.0,275.0,5.0,15.0,0.0
234669,2015,109.0,2.0,35.0,5.0,4.0,0.0,52.0,1.0,9.0,1.0,460,4.0,96.0,34.0,31.0,0.0,254.0,11.0,28.0,2.0
234669,2016,132.0,2.0,29.0,7.0,8.0,0.0,76.0,3.0,7.0,0.0,500,2.0,104.0,35.0,34.0,1.0,270.0,9.0,42.0,3.0
234669,2017,116.0,0.0,38.0,2.0,7.0,1.0,62.0,2.0,3.0,1.0,481,2.0,112.0,30.0,37.0,3.0,263.0,7.0,25.0,2.0
234669,2018,152.0,1.0,40.0,5.0,22.0,0.0,64.0,5.0,15.0,0.0,531,5.0,99.0,39.0,71.0,2.0,252.0,31.0,32.0,0.0
234669,2019,181.0,2.0,47.0,2.0,21.0,0.0,89.0,10.0,9.0,1.0,679,8.0,130.0,38.0,96.0,4.0,334.0,37.0,31.0,1.0
234669,2020,172.0,0.0,27.0,7.0,14.0,2.0,92.0,15.0,13.0,2.0,502,4.0,75.0,39.0,76.0,7.0,230.0,40.0,27.0,4.0
234696,2016,22.0,0.0,0.0,0.0,3.0,0.0,17.0,0.0,2.0,0.0,52,0.0,1.0,1.0,3.0,0.0,43.0,0.0,4.0,0.0
234696,2017,22.0,0.0,1.0,1.0,4.0,0.0,15.0,0.0,1.0,0.0,40,1.0,1.0,3.0,6.0,0.0,25.0,0.0,4.0,0.0
234696,2018,16.0,0.0,0.0,0.0,1.0,0.0,12.0,3.0,0.0,0.0,35,1.0,2.0,0.0,3.0,0.0,25.0,4.0,0.0,0.0
234696,2019,19.0,0.0,0.0,0.0,1.0,0.0,15.0,1.0,2.0,0.0,59,0.0,0.0,0.0,5.0,0.0,45.0,6.0,3.0,0.0
234696,2020,22.0,1.0,0.0,0.0,2.0,0.0,16.0,1.0,2.0,0.0,42,1.0,0.0,0.0,5.0,0.0,30.0,2.0,4.0,0.0
234827,2010,769.0,5.0,18.0,10.0,67.0,2.0,611.0,32.0,20.0,4.0,1379,10.0,41.0,19.0,107.0,5.0,1099.0,60.0,34.0,4.0
234827,2011,796.0,9.0,24.0,11.0,67.0,0.0,636.0,37.0,6.0,6.0,1425,11.0,49.0,30.0,120.0,1.0,1117.0,71.0,17.0,9.0
234827,2012,781.0,5.0,20.0,10.0,61.0,0.0,631.0,40.0,10.0,4.0,1465,7.0,49.0,29.0,111.0,6.0,1157.0,82.0,17.0,7.0
234827,2013,759.0,6.0,28.0,10.0,59.0,1.0,604.0,34.0,17.0,0.0,1479,12.0,50.0,29.0,115.0,3.0,1151.0,80.0,34.0,5.0
234827,2014,829.0,1.0,23.0,12.0,63.0,1.0,657.0,40.0,22.0,10.0,1552,8.0,38.0,28.0,123.0,7.0,1214.0,81.0,37.0,16.0
234827,2015,851.0,3.0,9.0,18.0,70.0,0.0,642.0,59.0,33.0,17.0,1646,10.0,32.0,48.0,128.0,2.0,1209.0,123.0,63.0,31.0
234827,2016,876.0,4.0,17.0,15.0,100.0,5.0,622.0,57.0,44.0,12.0,1659,10.0,43.0,42.0,181.0,11.0,1148.0,108.0,93.0,23.0
234827,2017,701.0,2.0,16.0,10.0,78.0,2.0,490.0,50.0,42.0,11.0,1360,5.0,39.0,37.0,153.0,7.0,912.0,98.0,86.0,23.0
234827,2018,775.0,3.0,24.0,10.0,106.0,6.0,496.0,59.0,62.0,9.0,1416,13.0,42.0,25.0,191.0,16.0,889.0,114.0,102.0,24.0
234827,2019,792.0,4.0,31.0,16.0,115.0,3.0,503.0,60.0,58.0,2.0,1386,11.0,40.0,35.0,212.0,4.0,856.0,117.0,104.0,7.0
234827,2020,699.0,3.0,19.0,27.0,79.0,6.0,464.0,57.0,39.0,5.0,1198,8.0,36.0,50.0,157.0,16.0,723.0,113.0,83.0,12.0
234845,2012,61.0,0.0,0.0,1.0,3.0,0.0,56.0,0.0,1.0,0.0,222,1.0,2.0,7.0,9.0,0.0,191.0,0.0,12.0,0.0
234845,2013,107.0,2.0,5.0,0.0,5.0,0.0,87.0,0.0,4.0,4.0,264,5.0,10.0,4.0,18.0,0.0,202.0,0.0,17.0,8.0
234845,2014,87.0,0.0,0.0,1.0,4.0,0.0,74.0,2.0,5.0,1.0,257,2.0,1.0,4.0,19.0,0.0,213.0,6.0,9.0,3.0
234845,2015,105.0,0.0,1.0,0.0,7.0,0.0,87.0,3.0,6.0,1.0,287,3.0,1.0,4.0,21.0,0.0,238.0,6.0,13.0,1.0
234845,2016,105.0,2.0,0.0,1.0,7.0,0.0,86.0,4.0,5.0,0.0,313,8.0,0.0,4.0,17.0,1.0,261.0,11.0,11.0,0.0
234845,2017,100.0,0.0,0.0,0.0,8.0,1.0,79.0,4.0,7.0,1.0,295,5.0,0.0,1.0,21.0,3.0,232.0,18.0,12.0,3.0
234845,2018,117.0,2.0,0.0,0.0,11.0,0.0,92.0,5.0,7.0,0.0,303,4.0,1.0,6.0,23.0,2.0,231.0,20.0,15.0,1.0
234845,2019,141.0,1.0,1.0,1.0,11.0,0.0,114.0,7.0,4.0,2.0,355,5.0,4.0,4.0,33.0,1.0,272.0,15.0,11.0,10.0
234845,2020,135.0,1.0,1.0,0.0,5.0,1.0,114.0,5.0,8.0,0.0,324,4.0,1.0,2.0,27.0,3.0,250.0,22.0,12.0,3.0
234915,2011,1.0,0.0,0.0,0.0,0.0,0.0,1.0,0.0,0.0,0.0,8,0.0,0.0,0.0,0.0,0.0,7.0,0.0,1.0,0.0
234915,2012,2.0,0.0,0.0,1.0,0.0,0.0,1.0,0.0,0.0,0.0,8,0.0,0.0,1.0,0.0,0.0,6.0,0.0,1.0,0.0
234915,2015,7.0,0.0,1.0,0.0,1.0,0.0,3.0,0.0,2.0,0.0,15,1.0,2.0,0.0,2.0,0.0,5.0,0.0,5.0,0.0
234915,2016,5.0,0.0,0.0,0.0,1.0,0.0,2.0,0.0,0.0,2.0,21,0.0,2.0,2.0,1.0,0.0,7.0,0.0,2.0,7.0
234915,2017,8.0,0.0,0.0,0.0,0.0,0.0,2.0,0.0,6.0,0.0,8,0.0,0.0,0.0,0.0,0.0,2.0,0.0,6.0,0.0
234915,2019,2.0,0.0,0.0,0.0,0.0,0.0,1.0,0.0,0.0,1.0,6,0.0,0.0,1.0,0.0,0.0,3.0,0.0,0.0,2.0
234933,2015,238.0,1.0,6.0,5.0,10.0,0.0,186.0,13.0,15.0,2.0,958,7.0,31.0,27.0,55.0,3.0,725.0,58.0,50.0,2.0
234933,2016,155.0,4.0,6.0,4.0,4.0,1.0,118.0,10.0,4.0,4.0,632,10.0,19.0,26.0,42.0,6.0,442.0,42.0,39.0,6.0
234933,2017,239.0,1.0,11.0,5.0,21.0,0.0,176.0,16.0,9.0,0.0,965,13.0,29.0,21.0,108.0,6.0,687.0,74.0,24.0,3.0
234933,2018,269.0,3.0,14.0,6.0,15.0,2.0,195.0,16.0,16.0,2.0,1118,7.0,47.0,28.0,105.0,12.0,743.0,108.0,51.0,17.0
234933,2019,250.0,1.0,10.0,2.0,20.0,2.0,182.0,17.0,15.0,1.0,819,3.0,27.0,22.0,89.0,6.0,543.0,81.0,41.0,7.0
234933,2020,320.0,0.0,11.0,2.0,27.0,1.0,239.0,25.0,13.0,2.0,950,6.0,33.0,11.0,86.0,10.0,676.0,86.0,33.0,9.0
234951,2014,80.0,0.0,4.0,8.0,4.0,0.0,59.0,2.0,3.0,0.0,250,5.0,10.0,42.0,13.0,1.0,155.0,8.0,15.0,1.0
234951,2015,82.0,1.0,6.0,15.0,2.0,0.0,52.0,2.0,4.0,0.0,239,2.0,9.0,53.0,7.0,0.0,149.0,5.0,14.0,0.0
234951,2016,62.0,0.0,0.0,8.0,2.0,0.0,42.0,2.0,8.0,0.0,170,0.0,1.0,36.0,5.0,1.0,100.0,3.0,23.0,1.0
234951,2017,76.0,1.0,5.0,12.0,5.0,1.0,49.0,2.0,1.0,0.0,231,2.0,11.0,57.0,15.0,3.0,130.0,8.0,5.0,0.0
234951,2018,97.0,1.0,6.0,8.0,2.0,0.0,77.0,3.0,0.0,0.0,234,3.0,11.0,43.0,6.0,4.0,158.0,8.0,1.0,0.0
234951,2019,88.0,2.0,8.0,5.0,5.0,1.0,61.0,4.0,2.0,0.0,251,5.0,17.0,33.0,16.0,6.0,153.0,15.0,6.0,0.0
234951,2020,100.0,1.0,5.0,10.0,12.0,0.0,55.0,12.0,4.0,1.0,290,4.0,14.0,44.0,32.0,7.0,151.0,28.0,9.0,1.0
234979,2010,162.0,3.0,0.0,0.0,27.0,4.0,127.0,0.0,1.0,0.0,501,7.0,0.0,8.0,96.0,13.0,371.0,0.0,5.0,1.0
234979,2011,183.0,2.0,3.0,4.0,25.0,0.0,146.0,0.0,3.0,0.0,617,4.0,13.0,14.0,105.0,0.0,470.0,0.0,11.0,0.0
234979,2012,157.0,0.0,1.0,2.0,35.0,0.0,117.0,0.0,2.0,0.0,670,5.0,10.0,20.0,176.0,0.0,445.0,0.0,13.0,1.0
234979,2013,173.0,0.0,8.0,1.0,39.0,0.0,122.0,0.0,2.0,1.0,656,6.0,22.0,10.0,160.0,0.0,446.0,0.0,10.0,2.0
234979,2014,182.0,0.0,4.0,2.0,46.0,0.0,127.0,1.0,2.0,0.0,739,4.0,12.0,12.0,207.0,0.0,489.0,10.0,4.0,1.0
234979,2015,206.0,0.0,5.0,1.0,63.0,0.0,133.0,2.0,1.0,1.0,701,1.0,13.0,7.0,224.0,1.0,438.0,9.0,5.0,3.0
234979,2016,171.0,4.0,4.0,0.0,38.0,0.0,120.0,2.0,3.0,0.0,639,8.0,11.0,5.0,176.0,1.0,400.0,15.0,23.0,0.0
234979,2017,186.0,1.0,8.0,1.0,71.0,0.0,100.0,1.0,4.0,0.0,627,5.0,17.0,6.0,229.0,1.0,345.0,14.0,10.0,0.0
234979,2018,187.0,3.0,3.0,3.0,79.0,0.0,90.0,6.0,3.0,0.0,636,6.0,13.0,9.0,240.0,0.0,335.0,21.0,10.0,2.0
234979,2019,201.0,2.0,4.0,0.0,83.0,0.0,94.0,10.0,7.0,1.0,723,6.0,17.0,5.0,286.0,2.0,352.0,36.0,18.0,1.0
234979,2020,230.0,1.0,2.0,1.0,85.0,0.0,124.0,7.0,10.0,0.0,705,5.0,10.0,3.0,277.0,3.0,350.0,28.0,27.0,2.0
235024,2010,71.0,0.0,0.0,0.0,0.0,0.0,0.0,0.0,14.0,1.0,141,0.0,0.0,0.0,0.0,0.0,0.0,0.0,26.0,3.0
235024,2011,74.0,0.0,0.0,2.0,5.0,0.0,52.0,0.0,13.0,2.0,163,1.0,2.0,4.0,12.0,0.0,114.0,0.0,24.0,6.0
235024,2012,72.0,0.0,6.0,1.0,4.0,0.0,49.0,2.0,9.0,1.0,147,2.0,11.0,8.0,8.0,0.0,92.0,2.0,21.0,3.0
235024,2013,81.0,0.0,2.0,3.0,2.0,0.0,69.0,3.0,1.0,1.0,173,1.0,5.0,10.0,5.0,0.0,133.0,3.0,14.0,2.0
235024,2014,103.0,2.0,7.0,6.0,5.0,2.0,72.0,4.0,2.0,3.0,205,2.0,11.0,10.0,8.0,2.0,146.0,6.0,15.0,5.0
235024,2015,104.0,0.0,6.0,3.0,7.0,1.0,73.0,4.0,8.0,2.0,190,0.0,8.0,5.0,13.0,1.0,127.0,5.0,29.0,2.0
235024,2016,101.0,1.0,7.0,5.0,7.0,0.0,67.0,7.0,5.0,2.0,209,2.0,15.0,8.0,17.0,0.0,132.0,12.0,19.0,4.0
235024,2017,113.0,2.0,1.0,5.0,12.0,0.0,77.0,6.0,9.0,1.0,213,3.0,5.0,7.0,19.0,1.0,146.0,11.0,18.0,3.0
235024,2018,97.0,0.0,7.0,3.0,16.0,0.0,55.0,8.0,4.0,4.0,164,1.0,11.0,4.0,23.0,1.0,99.0,14.0,6.0,5.0
235024,2019,90.0,1.0,6.0,2.0,6.0,1.0,62.0,9.0,2.0,1.0,166,1.0,9.0,10.0,17.0,1.0,102.0,21.0,4.0,1.0
235024,2020,83.0,0.0,7.0,2.0,12.0,1.0,49.0,12.0,0.0,0.0,160,0.0,8.0,6.0,24.0,1.0,98.0,19.0,4.0,0.0
235097,2010,673.0,0.0,0.0,0.0,0.0,0.0,0.0,0.0,58.0,5.0,1403,0.0,0.0,0.0,0.0,0.0,0.0,0.0,132.0,10.0
235097,2011,744.0,8.0,40.0,20.0,60.0,0.0,536.0,0.0,78.0,2.0,1610,26.0,88.0,65.0,142.0,0.0,1124.0,0.0,157.0,8.0
235097,2012,656.0,10.0,21.0,16.0,47.0,2.0,464.0,10.0,84.0,2.0,1412,31.0,49.0,70.0,109.0,7.0,941.0,30.0,167.0,8.0
235097,2013,594.0,3.0,15.0,14.0,56.0,1.0,437.0,18.0,46.0,4.0,1313,21.0,44.0,70.0,112.0,10.0,897.0,47.0,97.0,15.0
235097,2014,681.0,11.0,29.0,22.0,71.0,2.0,496.0,15.0,32.0,3.0,1488,23.0,60.0,78.0,165.0,9.0,1019.0,39.0,82.0,13.0
235097,2015,668.0,6.0,14.0,30.0,73.0,4.0,468.0,20.0,48.0,5.0,1459,24.0,37.0,87.0,185.0,10.0,940.0,49.0,112.0,15.0
235097,2016,709.0,5.0,30.0,38.0,80.0,0.0,520.0,25.0,7.0,4.0,1524,26.0,80.0,105.0,193.0,1.0,1035.0,50.0,18.0,16.0
235097,2017,772.0,3.0,16.0,12.0,90.0,4.0,584.0,33.0,14.0,16.0,1472,11.0,39.0,55.0,198.0,7.0,1029.0,78.0,30.0,25.0
235097,2018,686.0,2.0,19.0,16.0,87.0,1.0,507.0,32.0,3.0,19.0,1556,16.0,40.0,64.0,247.0,7.0,1047.0,97.0,8.0,30.0
235097,2019,786.0,4.0,19.0,20.0,106.0,2.0,571.0,38.0,9.0,17.0,1469,13.0,42.0,55.0,211.0,5.0,1004.0,95.0,13.0,31.0
235097,2020,852.0,10.0,19.0,33.0,116.0,1.0,602.0,49.0,10.0,12.0,1603,21.0,33.0,76.0,246.0,12.0,1073.0,110.0,18.0,14.0
235103,2017,128.0,2.0,14.0,5.0,8.0,2.0,76.0,12.0,8.0,1.0,458,6.0,48.0,24.0,37.0,7.0,265.0,49.0,21.0,1.0
235103,2018,101.0,0.0,15.0,5.0,7.0,0.0,63.0,8.0,3.0,0.0,407,2.0,62.0,28.0,38.0,4.0,228.0,28.0,17.0,0.0
235103,2019,113.0,1.0,15.0,3.0,10.0,0.0,71.0,6.0,7.0,0.0,397,4.0,63.0,22.0,39.0,1.0,202.0,35.0,31.0,0.0
235103,2020,99.0,0.0,16.0,3.0,10.0,0.0,53.0,11.0,6.0,0.0,334,2.0,53.0,22.0,33.0,3.0,172.0,31.0,16.0,2.0
235167,2010,248.0,0.0,0.0,0.0,0.0,0.0,0.0,0.0,30.0,0.0,479,0.0,0.0,0.0,0.0,0.0,0.0,0.0,67.0,0.0
235167,2011,320.0,7.0,10.0,2.0,13.0,4.0,239.0,10.0,35.0,0.0,590,14.0,24.0,13.0,25.0,5.0,429.0,18.0,62.0,0.0
235167,2012,310.0,3.0,15.0,6.0,15.0,0.0,223.0,7.0,40.0,1.0,577,10.0,31.0,17.0,27.0,0.0,414.0,12.0,64.0,2.0
235167,2013,385.0,4.0,12.0,7.0,20.0,1.0,285.0,19.0,36.0,1.0,677,13.0,33.0,15.0,43.0,3.0,488.0,24.0,56.0,2.0
235167,2014,370.0,2.0,12.0,12.0,13.0,2.0,283.0,16.0,27.0,3.0,658,12.0,20.0,22.0,27.0,3.0,498.0,22.0,49.0,5.0
235167,2015,309.0,4.0,13.0,7.0,16.0,1.0,232.0,9.0,26.0,1.0,576,10.0,24.0,18.0,45.0,3.0,408.0,15.0,52.0,1.0
235167,2016,345.0,4.0,6.0,10.0,22.0,0.0,248.0,32.0,22.0,1.0,612,8.0,15.0,19.0,40.0,2.0,431.0,48.0,47.0,2.0
235167,2017,307.0,1.0,9.0,9.0,22.0,0.0,215.0,24.0,24.0,3.0,536,3.0,14.0,22.0,34.0,0.0,378.0,36.0,43.0,6.0
235167,2018,285.0,4.0,9.0,9.0,22.0,4.0,186.0,27.0,23.0,1.0,519,6.0,13.0,19.0,42.0,7.0,355.0,39.0,36.0,2.0
235167,2019,247.0,2.0,7.0,6.0,18.0,1.0,174.0,15.0,22.0,2.0,496,6.0,13.0,15.0,43.0,1.0,331.0,40.0,44.0,3.0
235167,2020,236.0,4.0,8.0,10.0,27.0,1.0,155.0,19.0,12.0,0.0,526,9.0,15.0,24.0,59.0,2.0,338.0,47.0,32.0,0.0
235237,2016,73.0,1.0,8.0,10.0,9.0,0.0,32.0,10.0,3.0,0.0,360,7.0,19.0,43.0,37.0,3.0,180.0,50.0,20.0,1.0
235237,2017,76.0,1.0,7.0,7.0,9.0,1.0,34.0,14.0,3.0,0.0,320,5.0,14.0,43.0,45.0,6.0,142.0,43.0,22.0,0.0
235237,2018,89.0,1.0,4.0,4.0,13.0,1.0,49.0,10.0,7.0,0.0,337,5.0,18.0,49.0,46.0,3.0,153.0,42.0,21.0,0.0
235237,2019,88.0,0.0,4.0,4.0,10.0,0.0,52.0,13.0,4.0,1.0,325,7.0,21.0,35.0,35.0,4.0,159.0,43.0,20.0,1.0
235237,2020,213.0,0.0,10.0,8.0,29.0,3.0,122.0,29.0,12.0,0.0,665,3.0,29.0,57.0,85.0,15.0,347.0,79.0,50.0,0.0
235316,2010,776.0,0.0,0.0,0.0,0.0,0.0,0.0,0.0,62.0,4.0,973,0.0,0.0,0.0,0.0,0.0,0.0,0.0,82.0,6.0
235316,2011,817.0,3.0,34.0,9.0,36.0,2.0,617.0,15.0,96.0,5.0,985,6.0,49.0,10.0,44.0,7.0,730.0,17.0,116.0,6.0
235316,2012,793.0,7.0,34.0,8.0,32.0,6.0,662.0,25.0,11.0,8.0,977,11.0,41.0,10.0,44.0,14.0,807.0,28.0,12.0,10.0
235316,2013,850.0,5.0,36.0,11.0,24.0,8.0,708.0,31.0,19.0,8.0,1033,7.0,40.0,15.0,29.0,11.0,851.0,36.0,28.0,16.0
235316,2014,918.0,5.0,40.0,12.0,52.0,9.0,704.0,3.0,78.0,15.0,1104,8.0,50.0,16.0,62.0,11.0,837.0,4.0,98.0,18.0
235316,2015,1023.0,6.0,42.0,12.0,62.0,3.0,755.0,12.0,124.0,7.0,1237,11.0,54.0,15.0,80.0,6.0,898.0,16.0,149.0,8.0
235316,2016,938.0,5.0,25.0,14.0,65.0,4.0,739.0,56.0,15.0,15.0,1118,6.0,30.0,14.0,84.0,7.0,875.0,63.0,18.0,21.0
235316,2017,986.0,2.0,45.0,7.0,79.0,3.0,740.0,57.0,43.0,10.0,1130,4.0,46.0,7.0,91.0,3.0,837.0,69.0,52.0,21.0
235316,2018,939.0,4.0,40.0,8.0,90.0,3.0,709.0,56.0,22.0,7.0,1094,4.0,49.0,11.0,107.0,4.0,808.0,69.0,26.0,16.0
235316,2019,1044.0,8.0,52.0,12.0,97.0,2.0,779.0,60.0,24.0,10.0,1234,10.0,62.0,14.0,118.0,3.0,905.0,72.0,31.0,19.0
235316,2020,921.0,4.0,56.0,10.0,99.0,1.0,674.0,39.0,27.0,11.0,1047,5.0,62.0,13.0,110.0,1.0,766.0,45.0,30.0,15.0
235334,2016,68.0,1.0,0.0,0.0,4.0,1.0,61.0,0.0,1.0,0.0,182,10.0,1.0,0.0,14.0,1.0,141.0,11.0,4.0,0.0
235334,2017,72.0,0.0,0.0,0.0,9.0,0.0,58.0,4.0,1.0,0.0,194,5.0,1.0,1.0,19.0,2.0,148.0,16.0,2.0,0.0
235334,2018,36.0,1.0,1.0,0.0,3.0,0.0,25.0,4.0,1.0,1.0,109,4.0,2.0,3.0,15.0,1.0,74.0,6.0,2.0,2.0
235334,2019,67.0,0.0,2.0,0.0,5.0,0.0,56.0,3.0,1.0,0.0,246,2.0,3.0,1.0,29.0,1.0,178.0,30.0,2.0,0.0
235334,2020,94.0,3.0,1.0,1.0,9.0,1.0,68.0,8.0,3.0,0.0,285,8.0,2.0,6.0,42.0,1.0,184.0,35.0,7.0,0.0
235343,2014,203.0,1.0,15.0,5.0,8.0,0.0,157.0,7.0,10.0,0.0,665,7.0,38.0,31.0,38.0,6.0,481.0,33.0,31.0,0.0
235343,2015,245.0,3.0,9.0,8.0,12.0,1.0,185.0,13.0,14.0,0.0,687,8.0,31.0,34.0,40.0,7.0,478.0,53.0,36.0,0.0
235343,2016,253.0,0.0,18.0,12.0,12.0,0.0,178.0,22.0,11.0,0.0,694,4.0,37.0,48.0,40.0,1.0,474.0,61.0,29.0,0.0
235343,2017,201.0,4.0,10.0,7.0,10.0,0.0,156.0,7.0,7.0,0.0,625,8.0,36.0,40.0,41.0,4.0,432.0,34.0,30.0,0.0
235343,2018,205.0,2.0,12.0,8.0,23.0,1.0,124.0,19.0,16.0,0.0,554,8.0,33.0,30.0,58.0,8.0,320.0,52.0,45.0,0.0
235343,2019,230.0,1.0,19.0,4.0,17.0,3.0,152.0,21.0,13.0,0.0,602,4.0,46.0,32.0,60.0,6.0,353.0,67.0,34.0,0.0
235343,2020,224.0,0.0,20.0,9.0,27.0,0.0,127.0,20.0,21.0,0.0,594,2.0,41.0,43.0,61.0,4.0,327.0,66.0,49.0,1.0
235422,2010,22.0,0.0,0.0,0.0,0.0,0.0,0.0,0.0,0.0,0.0,98,0.0,0.0,0.0,0.0,0.0,0.0,0.0,2.0,0.0
235422,2011,11.0,3.0,0.0,0.0,7.0,0.0,1.0,0.0,0.0,0.0,75,10.0,0.0,1.0,57.0,0.0,7.0,0.0,0.0,0.0
235422,2012,18.0,1.0,0.0,0.0,17.0,0.0,0.0,0.0,0.0,0.0,84,8.0,1.0,0.0,73.0,0.0,2.0,0.0,0.0,0.0
235422,2013,14.0,0.0,0.0,0.0,12.0,0.0,2.0,0.0,0.0,0.0,76,12.0,0.0,0.0,58.0,0.0,6.0,0.0,0.0,0.0
235422,2014,11.0,0.0,0.0,0.0,9.0,0.0,1.0,1.0,0.0,0.0,58,11.0,0.0,0.0,42.0,0.0,3.0,1.0,1.0,0.0
235422,2015,17.0,1.0,0.0,0.0,15.0,0.0,0.0,1.0,0.0,0.0,94,14.0,0.0,1.0,71.0,0.0,5.0,2.0,1.0,0.0
235422,2016,17.0,2.0,0.0,0.0,12.0,0.0,2.0,1.0,0.0,0.0,101,22.0,0.0,0.0,68.0,0.0,8.0,1.0,2.0,0.0
235422,2017,25.0,1.0,0.0,0.0,19.0,0.0,2.0,3.0,0.0,0.0,111,21.0,0.0,0.0,77.0,0.0,9.0,3.0,1.0,0.0
235422,2018,25.0,1.0,0.0,0.0,23.0,0.0,1.0,0.0,0.0,0.0,81,9.0,1.0,1.0,68.0,0.0,2.0,0.0,0.0,0.0
235422,2019,30.0,0.0,0.0,0.0,27.0,0.0,3.0,0.0,0.0,0.0,74,4.0,0.0,1.0,58.0,0.0,11.0,0.0,0.0,0.0
235422,2020,50.0,0.0,0.0,0.0,45.0,0.0,1.0,1.0,0.0,3.0,121,2.0,0.0,0.0,100.0,0.0,7.0,7.0,0.0,5.0
235431,2014,124.0,0.0,24.0,10.0,7.0,2.0,64.0,7.0,10.0,0.0,437,3.0,66.0,43.0,30.0,5.0,205.0,26.0,56.0,3.0
235431,2015,142.0,0.0,25.0,7.0,12.0,1.0,69.0,13.0,15.0,0.0,463,4.0,59.0,49.0,44.0,10.0,210.0,45.0,42.0,0.0
235431,2016,142.0,0.0,23.0,18.0,8.0,3.0,69.0,10.0,10.0,1.0,434,1.0,54.0,66.0,37.0,5.0,190.0,39.0,41.0,1.0
235431,2017,131.0,1.0,27.0,8.0,11.0,2.0,63.0,11.0,8.0,0.0,442,3.0,62.0,61.0,45.0,6.0,184.0,45.0,34.0,2.0
235431,2018,92.0,0.0,25.0,4.0,6.0,1.0,41.0,10.0,5.0,0.0,287,1.0,49.0,33.0,30.0,3.0,104.0,46.0,21.0,0.0
235431,2019,108.0,2.0,20.0,6.0,15.0,1.0,45.0,12.0,6.0,1.0,330,5.0,54.0,37.0,49.0,5.0,122.0,32.0,25.0,1.0
235431,2020,138.0,0.0,39.0,10.0,14.0,0.0,46.0,16.0,13.0,0.0,360,4.0,70.0,45.0,48.0,7.0,113.0,41.0,31.0,1.0
235510,2010,22.0,0.0,0.0,0.0,0.0,0.0,12.0,0.0,2.0,0.0,82,0.0,0.0,8.0,0.0,0.0,55.0,0.0,2.0,0.0
235510,2011,21.0,0.0,4.0,0.0,1.0,0.0,15.0,0.0,1.0,0.0,86,3.0,19.0,5.0,5.0,0.0,52.0,0.0,2.0,0.0
235510,2012,23.0,0.0,4.0,1.0,2.0,0.0,16.0,0.0,0.0,0.0,58,3.0,12.0,2.0,5.0,0.0,36.0,0.0,0.0,0.0
235510,2013,13.0,0.0,3.0,2.0,0.0,0.0,8.0,0.0,0.0,0.0,39,0.0,7.0,3.0,0.0,0.0,27.0,0.0,2.0,0.0
235510,2014,29.0,1.0,7.0,1.0,3.0,0.0,15.0,0.0,2.0,0.0,68,1.0,12.0,10.0,8.0,0.0,35.0,0.0,2.0,0.0
235510,2015,36.0,1.0,1.0,6.0,1.0,1.0,23.0,3.0,0.0,0.0,96,2.0,6.0,13.0,7.0,4.0,53.0,8.0,3.0,0.0
235529,2010,20.0,0.0,0.0,0.0,0.0,0.0,19.0,0.0,0.0,0.0,59,0.0,0.0,3.0,0.0,0.0,44.0,0.0,0.0,0.0
235529,2011,21.0,0.0,0.0,1.0,2.0,0.0,18.0,0.0,0.0,0.0,69,0.0,1.0,3.0,6.0,0.0,59.0,0.0,0.0,0.0
235529,2012,25.0,1.0,1.0,0.0,2.0,0.0,21.0,0.0,0.0,0.0,67,3.0,1.0,0.0,7.0,0.0,56.0,0.0,0.0,0.0
235529,2013,14.0,0.0,0.0,0.0,4.0,0.0,10.0,0.0,0.0,0.0,47,0.0,0.0,0.0,7.0,0.0,40.0,0.0,0.0,0.0
235529,2014,22.0,1.0,0.0,1.0,0.0,0.0,19.0,0.0,1.0,0.0,75,2.0,1.0,2.0,3.0,0.0,65.0,0.0,2.0,0.0
235529,2015,48.0,2.0,0.0,2.0,2.0,0.0,42.0,0.0,0.0,0.0,100,7.0,1.0,3.0,4.0,0.0,80.0,2.0,3.0,0.0
235699,2010,40.0,0.0,0.0,0.0,3.0,6.0,28.0,0.0,3.0,0.0,227,4.0,0.0,4.0,14.0,17.0,178.0,0.0,9.0,1.0
235699,2011,42.0,0.0,7.0,0.0,2.0,0.0,29.0,0.0,3.0,1.0,200,2.0,17.0,2.0,12.0,0.0,158.0,0.0,8.0,1.0
235699,2012,43.0,0.0,3.0,1.0,0.0,0.0,30.0,0.0,6.0,3.0,199,0.0,12.0,4.0,9.0,0.0,147.0,0.0,20.0,7.0
235699,2013,30.0,0.0,3.0,0.0,3.0,0.0,23.0,0.0,1.0,0.0,149,2.0,11.0,1.0,12.0,0.0,114.0,0.0,9.0,0.0
235699,2014,65.0,0.0,3.0,1.0,4.0,0.0,51.0,1.0,2.0,3.0,224,2.0,11.0,4.0,14.0,0.0,177.0,2.0,10.0,4.0
235699,2015,84.0,0.0,7.0,2.0,4.0,1.0,63.0,2.0,5.0,0.0,260,3.0,14.0,2.0,17.0,1.0,190.0,11.0,20.0,2.0
235699,2016,47.0,0.0,1.0,1.0,4.0,1.0,32.0,1.0,6.0,1.0,170,1.0,9.0,6.0,12.0,1.0,113.0,6.0,19.0,3.0
235699,2017,51.0,0.0,3.0,3.0,4.0,0.0,33.0,3.0,5.0,0.0,148,1.0,7.0,6.0,16.0,1.0,99.0,5.0,12.0,1.0
235699,2018,54.0,1.0,3.0,1.0,9.0,0.0,38.0,1.0,1.0,0.0,139,1.0,5.0,2.0,18.0,0.0,98.0,9.0,5.0,1.0
235699,2019,46.0,0.0,3.0,1.0,2.0,0.0,37.0,1.0,2.0,0.0,164,1.0,11.0,3.0,11.0,1.0,112.0,12.0,13.0,0.0
235699,2020,59.0,0.0,1.0,1.0,6.0,0.0,47.0,1.0,3.0,0.0,152,0.0,5.0,3.0,18.0,1.0,107.0,5.0,12.0,1.0
235750,2019,92.0,0.0,2.0,0.0,10.0,0.0,76.0,1.0,3.0,0.0,239,2.0,5.0,2.0,27.0,0.0,189.0,5.0,9.0,0.0
235750,2020,72.0,3.0,1.0,0.0,2.0,0.0,56.0,4.0,6.0,0.0,255,4.0,3.0,2.0,25.0,0.0,189.0,14.0,18.0,0.0
235769,2010,15.0,0.0,0.0,0.0,0.0,0.0,0.0,0.0,0.0,0.0,18,0.0,0.0,0.0,0.0,0.0,0.0,0.0,0.0,0.0
235769,2011,17.0,0.0,0.0,0.0,0.0,0.0,17.0,0.0,0.0,0.0,23,0.0,1.0,1.0,0.0,0.0,21.0,0.0,0.0,0.0
235769,2012,13.0,0.0,0.0,1.0,0.0,0.0,12.0,0.0,0.0,0.0,31,0.0,0.0,3.0,0.0,0.0,28.0,0.0,0.0,0.0
235769,2013,24.0,0.0,1.0,0.0,0.0,0.0,23.0,0.0,0.0,0.0,28,0.0,1.0,0.0,2.0,0.0,25.0,0.0,0.0,0.0
235769,2014,6.0,0.0,0.0,0.0,0.0,0.0,6.0,0.0,0.0,0.0,14,0.0,0.0,0.0,0.0,0.0,14.0,0.0,0.0,0.0
235769,2015,12.0,2.0,1.0,1.0,3.0,0.0,5.0,0.0,0.0,0.0,15,2.0,1.0,2.0,3.0,0.0,7.0,0.0,0.0,0.0
236072,2013,29.0,1.0,5.0,0.0,1.0,0.0,12.0,0.0,10.0,0.0,118,1.0,18.0,14.0,5.0,0.0,47.0,0.0,33.0,0.0
236072,2014,35.0,0.0,3.0,1.0,1.0,0.0,22.0,5.0,3.0,0.0,121,4.0,9.0,8.0,6.0,0.0,66.0,11.0,17.0,0.0
236072,2015,29.0,0.0,6.0,1.0,2.0,0.0,14.0,2.0,4.0,0.0,135,0.0,21.0,7.0,10.0,0.0,62.0,13.0,22.0,0.0
236072,2016,34.0,0.0,4.0,2.0,0.0,0.0,19.0,2.0,5.0,2.0,137,1.0,11.0,10.0,12.0,0.0,70.0,14.0,17.0,2.0
236072,2017,31.0,0.0,4.0,1.0,1.0,0.0,18.0,3.0,3.0,1.0,120,0.0,11.0,8.0,8.0,1.0,63.0,11.0,17.0,1.0
236072,2018,33.0,1.0,2.0,0.0,2.0,0.0,19.0,3.0,6.0,0.0,97,1.0,7.0,8.0,8.0,1.0,44.0,13.0,15.0,0.0
236072,2019,25.0,0.0,6.0,1.0,2.0,0.0,13.0,2.0,1.0,0.0,99,1.0,15.0,8.0,8.0,1.0,46.0,13.0,6.0,1.0
236072,2020,34.0,1.0,6.0,0.0,4.0,0.0,13.0,6.0,4.0,0.0,113,3.0,13.0,4.0,17.0,0.0,49.0,14.0,13.0,0.0
236133,2010,77.0,0.0,0.0,0.0,0.0,0.0,0.0,0.0,1.0,0.0,138,0.0,0.0,0.0,0.0,0.0,0.0,0.0,4.0,0.0
236133,2011,108.0,2.0,4.0,2.0,1.0,1.0,74.0,1.0,22.0,1.0,213,5.0,8.0,5.0,2.0,1.0,140.0,3.0,44.0,5.0
236133,2012,89.0,0.0,5.0,0.0,8.0,0.0,62.0,3.0,10.0,1.0,186,1.0,9.0,5.0,12.0,0.0,131.0,9.0,18.0,1.0
236133,2013,76.0,0.0,8.0,2.0,4.0,0.0,55.0,1.0,4.0,2.0,177,2.0,15.0,6.0,8.0,0.0,131.0,5.0,7.0,3.0
236133,2014,105.0,0.0,7.0,2.0,3.0,0.0,78.0,6.0,9.0,0.0,198,0.0,14.0,6.0,12.0,0.0,139.0,10.0,17.0,0.0
236133,2015,98.0,1.0,10.0,2.0,8.0,0.0,43.0,2.0,29.0,3.0,191,1.0,18.0,11.0,12.0,0.0,96.0,6.0,44.0,3.0
236133,2016,96.0,2.0,5.0,4.0,7.0,0.0,72.0,5.0,1.0,0.0,172,5.0,9.0,9.0,12.0,0.0,125.0,10.0,1.0,1.0
236133,2017,103.0,1.0,4.0,1.0,7.0,0.0,82.0,5.0,0.0,3.0,175,2.0,6.0,7.0,11.0,1.0,133.0,8.0,2.0,5.0
236133,2018,117.0,0.0,4.0,2.0,10.0,2.0,91.0,4.0,0.0,4.0,211,2.0,11.0,6.0,20.0,4.0,154.0,9.0,1.0,4.0
236133,2019,116.0,0.0,2.0,2.0,7.0,1.0,92.0,8.0,0.0,4.0,201,0.0,10.0,5.0,11.0,2.0,160.0,9.0,0.0,4.0
236133,2020,138.0,4.0,12.0,7.0,10.0,1.0,98.0,5.0,0.0,1.0,239,5.0,18.0,12.0,21.0,6.0,159.0,11.0,3.0,4.0
236188,2010,107.0,2.0,0.0,3.0,5.0,7.0,75.0,0.0,15.0,0.0,393,8.0,0.0,15.0,22.0,33.0,268.0,0.0,47.0,0.0
236188,2011,114.0,0.0,5.0,2.0,6.0,0.0,82.0,0.0,17.0,2.0,382,3.0,28.0,10.0,24.0,0.0,263.0,0.0,51.0,3.0
236188,2012,110.0,3.0,6.0,1.0,5.0,0.0,79.0,0.0,16.0,0.0,376,11.0,25.0,10.0,26.0,0.0,256.0,0.0,48.0,0.0
236188,2013,87.0,2.0,5.0,4.0,3.0,0.0,58.0,0.0,10.0,5.0,404,5.0,21.0,16.0,18.0,0.0,282.0,0.0,53.0,9.0
236188,2014,121.0,2.0,6.0,2.0,7.0,2.0,86.0,9.0,5.0,2.0,436,6.0,23.0,13.0,26.0,10.0,305.0,25.0,25.0,3.0
236188,2015,147.0,1.0,14.0,4.0,8.0,1.0,99.0,11.0,9.0,0.0,527,6.0,29.0,17.0,35.0,4.0,356.0,40.0,35.0,5.0
236188,2016,156.0,3.0,15.0,4.0,9.0,0.0,111.0,6.0,5.0,3.0,575,9.0,48.0,21.0,42.0,1.0,393.0,31.0,24.0,6.0
236188,2017,101.0,0.0,4.0,2.0,6.0,1.0,70.0,6.0,7.0,5.0,479,3.0,14.0,14.0,42.0,6.0,318.0,36.0,33.0,13.0
236188,2018,100.0,0.0,6.0,3.0,7.0,3.0,73.0,5.0,2.0,1.0,415,4.0,18.0,20.0,27.0,8.0,270.0,40.0,18.0,10.0
236188,2019,91.0,2.0,6.0,2.0,3.0,0.0,59.0,8.0,3.0,8.0,382,8.0,19.0,15.0,31.0,5.0,235.0,38.0,16.0,15.0
236188,2020,131.0,0.0,4.0,1.0,4.0,1.0,86.0,14.0,5.0,16.0,443,2.0,16.0,16.0,35.0,8.0,279.0,44.0,19.0,24.0
236230,2010,462.0,1.0,22.0,2.0,11.0,0.0,379.0,2.0,40.0,5.0,697,4.0,34.0,9.0,26.0,1.0,540.0,3.0,72.0,8.0
236230,2011,456.0,1.0,15.0,7.0,11.0,2.0,392.0,8.0,17.0,3.0,687,10.0,33.0,9.0,19.0,3.0,550.0,11.0,45.0,7.0
236230,2012,466.0,4.0,19.0,6.0,17.0,4.0,382.0,22.0,5.0,7.0,668,5.0,41.0,11.0,20.0,8.0,517.0,25.0,32.0,9.0
236230,2013,503.0,2.0,25.0,6.0,30.0,2.0,401.0,28.0,4.0,5.0,714,10.0,48.0,17.0,40.0,4.0,533.0,33.0,20.0,9.0
236230,2014,484.0,2.0,21.0,7.0,17.0,4.0,400.0,27.0,1.0,5.0,712,4.0,39.0,19.0,36.0,8.0,553.0,31.0,16.0,6.0
236230,2015,484.0,1.0,19.0,6.0,17.0,1.0,399.0,32.0,1.0,8.0,712,3.0,36.0,22.0,31.0,3.0,557.0,43.0,2.0,15.0
236230,2016,487.0,3.0,23.0,8.0,30.0,4.0,373.0,36.0,3.0,7.0,687,6.0,35.0,17.0,42.0,6.0,512.0,53.0,4.0,12.0
236230,2017,515.0,5.0,25.0,11.0,32.0,0.0,406.0,29.0,4.0,3.0,731,8.0,56.0,22.0,44.0,3.0,543.0,46.0,6.0,3.0
236230,2018,425.0,3.0,30.0,7.0,34.0,1.0,313.0,28.0,4.0,5.0,633,8.0,48.0,13.0,52.0,6.0,441.0,55.0,4.0,6.0
236230,2019,449.0,0.0,33.0,8.0,37.0,0.0,328.0,36.0,2.0,5.0,649,4.0,49.0,28.0,56.0,2.0,448.0,52.0,4.0,6.0
236230,2020,409.0,4.0,39.0,5.0,43.0,5.0,279.0,29.0,0.0,5.0,574,5.0,48.0,16.0,58.0,10.0,380.0,47.0,0.0,10.0
236258,2010,45.0,1.0,0.0,0.0,2.0,0.0,35.0,0.0,2.0,5.0,136,3.0,0.0,2.0,7.0,3.0,102.0,0.0,10.0,9.0
236258,2011,37.0,1.0,0.0,0.0,1.0,0.0,29.0,0.0,5.0,1.0,134,1.0,1.0,3.0,4.0,0.0,101.0,0.0,23.0,1.0
236258,2012,29.0,0.0,0.0,0.0,0.0,0.0,23.0,0.0,3.0,3.0,101,2.0,2.0,1.0,2.0,0.0,76.0,0.0,11.0,7.0
236258,2013,32.0,0.0,1.0,0.0,0.0,0.0,23.0,0.0,3.0,5.0,115,3.0,2.0,0.0,5.0,0.0,76.0,0.0,14.0,15.0
236258,2014,36.0,2.0,0.0,0.0,3.0,0.0,23.0,1.0,1.0,6.0,124,5.0,1.0,1.0,11.0,0.0,86.0,8.0,6.0,6.0
236258,2015,36.0,0.0,1.0,0.0,7.0,0.0,22.0,2.0,3.0,1.0,111,3.0,1.0,0.0,11.0,0.0,79.0,6.0,8.0,3.0
236258,2016,43.0,0.0,0.0,0.0,3.0,0.0,26.0,3.0,5.0,6.0,149,3.0,2.0,0.0,10.0,0.0,96.0,15.0,13.0,10.0
236258,2017,43.0,1.0,2.0,0.0,1.0,0.0,28.0,5.0,2.0,4.0,150,9.0,3.0,2.0,20.0,0.0,84.0,14.0,6.0,12.0
236258,2018,54.0,4.0,0.0,1.0,2.0,0.0,31.0,4.0,2.0,10.0,143,11.0,0.0,8.0,20.0,0.0,65.0,14.0,5.0,20.0
236258,2019,82.0,1.0,2.0,1.0,5.0,2.0,45.0,10.0,2.0,14.0,178,6.0,3.0,6.0,15.0,2.0,94.0,21.0,6.0,25.0
236258,2020,84.0,2.0,2.0,3.0,9.0,0.0,37.0,10.0,6.0,15.0,184,6.0,3.0,5.0,23.0,0.0,88.0,25.0,11.0,23.0
236328,2010,534.0,0.0,0.0,0.0,0.0,0.0,0.0,0.0,51.0,0.0,671,0.0,0.0,0.0,0.0,0.0,0.0,0.0,66.0,0.0
236328,2011,490.0,5.0,38.0,20.0,22.0,1.0,374.0,0.0,28.0,2.0,669,9.0,53.0,24.0,30.0,3.0,497.0,0.0,49.0,4.0
236328,2012,521.0,10.0,48.0,10.0,13.0,6.0,408.0,0.0,24.0,2.0,677,12.0,62.0,19.0,21.0,6.0,522.0,0.0,33.0,2.0
236328,2013,501.0,5.0,49.0,11.0,22.0,8.0,366.0,0.0,40.0,0.0,641,8.0,55.0,15.0,28.0,10.0,473.0,0.0,52.0,0.0
236328,2014,514.0,0.0,27.0,4.0,19.0,0.0,420.0,35.0,6.0,3.0,676,2.0,32.0,6.0,35.0,1.0,540.0,50.0,6.0,4.0
236328,2015,563.0,2.0,32.0,5.0,27.0,1.0,443.0,46.0,4.0,3.0,719,3.0,37.0,12.0,43.0,1.0,547.0,67.0,5.0,4.0
236328,2016,499.0,1.0,29.0,4.0,31.0,1.0,401.0,32.0,0.0,0.0,625,1.0,37.0,6.0,42.0,1.0,495.0,42.0,0.0,1.0
236328,2017,534.0,0.0,27.0,2.0,38.0,0.0,422.0,41.0,2.0,2.0,684,1.0,32.0,3.0,50.0,0.0,534.0,60.0,2.0,2.0
236328,2018,477.0,1.0,34.0,3.0,35.0,0.0,346.0,56.0,0.0,2.0,631,2.0,50.0,7.0,49.0,0.0,450.0,71.0,0.0,2.0
236328,2019,508.0,1.0,46.0,4.0,33.0,0.0,372.0,45.0,6.0,1.0,667,1.0,62.0,4.0,43.0,0.0,490.0,58.0,7.0,2.0
236328,2020,511.0,0.0,37.0,6.0,32.0,0.0,397.0,33.0,4.0,2.0,663,0.0,48.0,7.0,51.0,0.0,494.0,54.0,6.0,3.0
236382,2015,82.0,0.0,6.0,2.0,8.0,0.0,51.0,6.0,9.0,0.0,147,0.0,12.0,15.0,12.0,0.0,87.0,8.0,12.0,1.0
236382,2016,97.0,2.0,9.0,10.0,3.0,0.0,61.0,0.0,12.0,0.0,158,2.0,16.0,18.0,11.0,0.0,89.0,1.0,21.0,0.0
236382,2017,94.0,1.0,16.0,12.0,8.0,1.0,44.0,3.0,9.0,0.0,150,2.0,20.0,21.0,14.0,2.0,72.0,5.0,14.0,0.0
236382,2018,94.0,1.0,16.0,9.0,6.0,1.0,52.0,4.0,5.0,0.0,164,2.0,21.0,21.0,12.0,1.0,90.0,8.0,9.0,0.0
236382,2019,85.0,0.0,12.0,8.0,12.0,0.0,43.0,6.0,4.0,0.0,134,0.0,20.0,12.0,18.0,2.0,64.0,11.0,7.0,0.0
236382,2020,79.0,0.0,13.0,7.0,11.0,0.0,37.0,6.0,5.0,0.0,139,1.0,24.0,17.0,17.0,0.0,64.0,9.0,7.0,0.0
236452,2010,64.0,2.0,7.0,5.0,6.0,0.0,41.0,1.0,1.0,1.0,133,4.0,15.0,9.0,13.0,0.0,80.0,2.0,2.0,8.0
236452,2011,85.0,1.0,9.0,1.0,6.0,2.0,57.0,1.0,4.0,4.0,176,2.0,19.0,4.0,11.0,4.0,118.0,2.0,9.0,7.0
236452,2012,113.0,0.0,8.0,3.0,7.0,1.0,82.0,8.0,2.0,2.0,208,2.0,20.0,7.0,20.0,3.0,138.0,13.0,3.0,2.0
236452,2013,116.0,3.0,11.0,8.0,5.0,8.0,62.0,15.0,4.0,0.0,243,4.0,24.0,18.0,17.0,14.0,139.0,19.0,8.0,0.0
236452,2014,94.0,1.0,6.0,4.0,10.0,4.0,59.0,9.0,1.0,0.0,197,3.0,18.0,12.0,22.0,6.0,116.0,17.0,3.0,0.0
236452,2015,88.0,0.0,7.0,2.0,11.0,7.0,51.0,8.0,2.0,0.0,178,1.0,12.0,16.0,24.0,9.0,99.0,12.0,5.0,0.0
236452,2016,131.0,1.0,12.0,4.0,19.0,1.0,79.0,11.0,3.0,1.0,237,2.0,21.0,16.0,32.0,4.0,136.0,19.0,6.0,1.0
236452,2017,136.0,0.0,9.0,4.0,21.0,0.0,89.0,11.0,1.0,1.0,230,0.0,13.0,16.0,36.0,7.0,132.0,22.0,3.0,1.0
236452,2018,141.0,1.0,7.0,4.0,23.0,4.0,82.0,13.0,5.0,2.0,229,1.0,12.0,7.0,39.0,12.0,125.0,23.0,8.0,2.0
236452,2019,106.0,0.0,7.0,3.0,19.0,1.0,60.0,9.0,6.0,1.0,158,0.0,11.0,6.0,24.0,4.0,87.0,17.0,8.0,1.0
236452,2020,94.0,1.0,6.0,4.0,13.0,7.0,52.0,7.0,0.0,4.0,153,1.0,9.0,5.0,23.0,12.0,83.0,14.0,2.0,4.0
236504,2010,27.0,0.0,0.0,3.0,2.0,12.0,9.0,0.0,1.0,0.0,130,3.0,0.0,19.0,12.0,41.0,51.0,0.0,3.0,1.0
236504,2011,38.0,1.0,8.0,3.0,3.0,0.0,20.0,0.0,3.0,0.0,193,4.0,27.0,19.0,14.0,0.0,83.0,0.0,12.0,34.0
236504,2012,20.0,0.0,2.0,1.0,0.0,0.0,13.0,0.0,3.0,1.0,166,2.0,34.0,24.0,14.0,0.0,62.0,0.0,16.0,14.0
236504,2013,42.0,0.0,13.0,5.0,5.0,0.0,8.0,0.0,10.0,1.0,146,2.0,28.0,24.0,20.0,0.0,50.0,0.0,21.0,1.0
236504,2014,41.0,1.0,6.0,6.0,3.0,0.0,17.0,2.0,6.0,0.0,157,5.0,31.0,27.0,15.0,0.0,55.0,9.0,15.0,0.0
236504,2015,63.0,1.0,14.0,8.0,5.0,0.0,21.0,1.0,10.0,3.0,156,5.0,26.0,22.0,14.0,0.0,58.0,4.0,24.0,3.0
236504,2016,63.0,0.0,7.0,8.0,4.0,0.0,29.0,3.0,11.0,1.0,162,1.0,25.0,23.0,15.0,1.0,62.0,8.0,25.0,2.0
236504,2017,85.0,1.0,13.0,17.0,10.0,1.0,26.0,5.0,12.0,0.0,208,2.0,32.0,39.0,26.0,6.0,66.0,15.0,22.0,0.0
236504,2018,64.0,1.0,11.0,6.0,10.0,1.0,22.0,5.0,6.0,2.0,203,2.0,32.0,28.0,25.0,6.0,75.0,16.0,16.0,3.0
236504,2019,63.0,2.0,13.0,10.0,5.0,1.0,18.0,8.0,5.0,1.0,193,4.0,35.0,33.0,27.0,1.0,53.0,25.0,13.0,2.0
236504,2020,75.0,0.0,19.0,7.0,12.0,2.0,22.0,8.0,5.0,0.0,188,0.0,38.0,20.0,32.0,3.0,56.0,23.0,16.0,0.0
236513,2010,89.0,1.0,0.0,7.0,2.0,18.0,35.0,0.0,6.0,20.0,365,3.0,0.0,35.0,16.0,44.0,185.0,0.0,41.0,41.0
236513,2011,103.0,0.0,12.0,2.0,2.0,0.0,32.0,0.0,7.0,48.0,317,1.0,44.0,26.0,9.0,0.0,138.0,0.0,27.0,72.0
236513,2012,30.0,0.0,7.0,0.0,1.0,0.0,19.0,0.0,3.0,0.0,255,1.0,49.0,31.0,15.0,0.0,126.0,0.0,31.0,2.0
236513,2013,66.0,2.0,20.0,5.0,4.0,0.0,24.0,0.0,7.0,4.0,267,5.0,49.0,33.0,17.0,0.0,115.0,0.0,41.0,7.0
236513,2014,69.0,0.0,13.0,7.0,2.0,1.0,34.0,3.0,3.0,6.0,281,0.0,38.0,40.0,18.0,1.0,149.0,16.0,12.0,7.0
236513,2015,67.0,1.0,13.0,7.0,9.0,0.0,29.0,4.0,2.0,2.0,298,2.0,46.0,49.0,29.0,0.0,121.0,38.0,11.0,2.0
236513,2016,65.0,0.0,10.0,4.0,8.0,0.0,29.0,8.0,5.0,1.0,278,4.0,34.0,36.0,30.0,1.0,128.0,33.0,11.0,1.0
236513,2017,63.0,2.0,13.0,8.0,6.0,1.0,23.0,5.0,5.0,0.0,255,6.0,42.0,36.0,21.0,3.0,100.0,27.0,20.0,0.0
236513,2018,56.0,1.0,9.0,8.0,5.0,0.0,19.0,9.0,5.0,0.0,208,3.0,36.0,39.0,23.0,2.0,79.0,17.0,9.0,0.0
236513,2019,52.0,1.0,13.0,11.0,3.0,0.0,18.0,3.0,3.0,0.0,158,1.0,23.0,35.0,11.0,1.0,60.0,19.0,7.0,1.0
236513,2020,51.0,0.0,16.0,7.0,2.0,0.0,20.0,2.0,3.0,1.0,187,2.0,28.0,30.0,14.0,0.0,68.0,29.0,14.0,2.0
236577,2010,450.0,0.0,0.0,0.0,0.0,0.0,0.0,0.0,26.0,1.0,633,0.0,0.0,0.0,0.0,0.0,0.0,0.0,41.0,4.0
236577,2011,526.0,2.0,20.0,6.0,17.0,0.0,444.0,5.0,31.0,1.0,710,6.0,29.0,8.0,21.0,0.0,596.0,5.0,43.0,2.0
236577,2012,448.0,4.0,16.0,6.0,13.0,0.0,379.0,17.0,12.0,1.0,622,7.0,28.0,10.0,17.0,0.0,514.0,19.0,26.0,1.0
236577,2013,494.0,5.0,27.0,8.0,25.0,0.0,376.0,40.0,13.0,0.0,716,7.0,41.0,12.0,34.0,0.0,548.0,46.0,28.0,0.0
236577,2014,535.0,1.0,29.0,7.0,21.0,1.0,423.0,33.0,20.0,0.0,712,1.0,38.0,12.0,25.0,1.0,563.0,42.0,27.0,3.0
236577,2015,487.0,2.0,40.0,13.0,30.0,0.0,358.0,29.0,11.0,4.0,682,5.0,62.0,25.0,46.0,0.0,484.0,42.0,14.0,4.0
236577,2016,515.0,1.0,43.0,10.0,28.0,0.0,396.0,28.0,6.0,3.0,726,1.0,57.0,21.0,42.0,0.0,549.0,46.0,7.0,3.0
236577,2017,522.0,2.0,56.0,14.0,39.0,0.0,370.0,29.0,6.0,6.0,760,2.0,83.0,23.0,61.0,0.0,525.0,50.0,7.0,9.0
236577,2018,532.0,3.0,56.0,21.0,44.0,0.0,358.0,41.0,4.0,5.0,784,4.0,82.0,32.0,76.0,0.0,509.0,69.0,5.0,7.0
236577,2019,518.0,0.0,58.0,13.0,45.0,0.0,343.0,51.0,1.0,7.0,767,1.0,84.0,21.0,71.0,1.0,497.0,79.0,1.0,12.0
236577,2020,446.0,0.0,52.0,9.0,45.0,1.0,293.0,35.0,0.0,11.0,681,1.0,79.0,17.0,70.0,4.0,432.0,56.0,3.0,19.0
236595,2010,533.0,0.0,0.0,0.0,0.0,0.0,0.0,0.0,34.0,12.0,719,0.0,0.0,0.0,0.0,0.0,0.0,0.0,41.0,15.0
236595,2011,522.0,5.0,119.0,28.0,41.0,0.0,296.0,0.0,26.0,7.0,739,9.0,166.0,35.0,55.0,0.0,425.0,0.0,39.0,10.0
236595,2012,568.0,11.0,137.0,21.0,58.0,0.0,296.0,0.0,27.0,18.0,731,18.0,172.0,25.0,69.0,0.0,394.0,0.0,34.0,19.0
236595,2013,564.0,4.0,124.0,27.0,48.0,0.0,303.0,0.0,37.0,21.0,736,7.0,148.0,38.0,66.0,0.0,399.0,0.0,52.0,26.0
236595,2014,684.0,10.0,121.0,41.0,56.0,0.0,416.0,0.0,25.0,15.0,881,14.0,160.0,52.0,71.0,0.0,522.0,10.0,29.0,23.0
236595,2015,575.0,7.0,129.0,25.0,53.0,0.0,289.0,0.0,54.0,18.0,730,12.0,152.0,30.0,66.0,0.0,375.0,1.0,68.0,26.0
236595,2016,773.0,2.0,136.0,23.0,88.0,10.0,417.0,68.0,22.0,7.0,1037,3.0,169.0,35.0,116.0,11.0,566.0,97.0,29.0,11.0
236595,2017,651.0,2.0,123.0,10.0,45.0,1.0,369.0,49.0,35.0,17.0,870,5.0,155.0,21.0,69.0,2.0,489.0,59.0,43.0,27.0
236595,2018,664.0,3.0,123.0,14.0,66.0,3.0,347.0,54.0,33.0,21.0,901,4.0,142.0,27.0,99.0,4.0,467.0,79.0,49.0,30.0
236595,2019,705.0,4.0,133.0,12.0,77.0,5.0,341.0,57.0,52.0,24.0,958,6.0,170.0,20.0,111.0,9.0,457.0,78.0,66.0,41.0
236595,2020,672.0,3.0,118.0,15.0,72.0,9.0,269.0,57.0,98.0,31.0,925,4.0,146.0,20.0,105.0,11.0,373.0,77.0,144.0,45.0
236638,2014,85.0,0.0,3.0,0.0,2.0,0.0,62.0,4.0,2.0,12.0,394,5.0,16.0,7.0,35.0,2.0,279.0,19.0,7.0,24.0
236638,2015,101.0,3.0,3.0,1.0,3.0,0.0,81.0,7.0,0.0,3.0,484,10.0,18.0,11.0,45.0,2.0,357.0,24.0,6.0,11.0
236638,2016,76.0,2.0,3.0,1.0,4.0,0.0,58.0,3.0,3.0,2.0,393,5.0,11.0,7.0,40.0,1.0,295.0,22.0,6.0,6.0
236638,2017,84.0,0.0,4.0,1.0,9.0,0.0,50.0,3.0,0.0,17.0,396,3.0,12.0,13.0,61.0,4.0,256.0,19.0,5.0,23.0
236638,2018,88.0,0.0,3.0,2.0,15.0,0.0,55.0,4.0,0.0,9.0,363,4.0,12.0,11.0,61.0,0.0,235.0,17.0,6.0,17.0
236638,2019,120.0,1.0,7.0,1.0,12.0,0.0,81.0,5.0,1.0,12.0,432,3.0,14.0,13.0,69.0,2.0,276.0,30.0,4.0,21.0
236638,2020,130.0,3.0,4.0,0.0,16.0,0.0,94.0,7.0,1.0,5.0,422,5.0,11.0,9.0,74.0,0.0,281.0,23.0,4.0,15.0
236692,2017,169.0,1.0,5.0,1.0,10.0,0.0,142.0,3.0,6.0,1.0,646,12.0,7.0,11.0,41.0,0.0,513.0,19.0,40.0,3.0
236692,2018,146.0,3.0,6.0,0.0,7.0,0.0,118.0,6.0,5.0,1.0,616,13.0,11.0,7.0,36.0,2.0,490.0,36.0,20.0,1.0
236692,2019,153.0,1.0,4.0,1.0,12.0,0.0,116.0,5.0,13.0,1.0,597,9.0,5.0,11.0,42.0,3.0,458.0,41.0,27.0,1.0
236692,2020,203.0,2.0,2.0,1.0,16.0,1.0,153.0,16.0,11.0,1.0,684,14.0,11.0,6.0,48.0,3.0,522.0,49.0,30.0,1.0
236708,2016,203.0,1.0,5.0,4.0,12.0,0.0,154.0,10.0,11.0,6.0,899,12.0,18.0,22.0,70.0,0.0,673.0,51.0,43.0,10.0
236708,2017,184.0,0.0,1.0,2.0,7.0,0.0,146.0,9.0,12.0,7.0,830,15.0,9.0,14.0,64.0,2.0,625.0,58.0,32.0,11.0
236708,2018,186.0,2.0,3.0,2.0,13.0,0.0,141.0,11.0,10.0,4.0,840,13.0,10.0,20.0,58.0,0.0,642.0,53.0,33.0,11.0
236708,2019,192.0,0.0,4.0,1.0,13.0,0.0,160.0,11.0,2.0,1.0,808,10.0,9.0,13.0,59.0,3.0,622.0,57.0,21.0,14.0
236708,2020,237.0,2.0,8.0,4.0,19.0,0.0,171.0,19.0,10.0,4.0,925,16.0,25.0,17.0,91.0,2.0,650.0,79.0,28.0,17.0
236753,2016,122.0,0.0,10.0,3.0,9.0,1.0,72.0,14.0,9.0,4.0,455,5.0,33.0,45.0,32.0,4.0,236.0,45.0,40.0,15.0
236753,2017,106.0,1.0,9.0,1.0,6.0,0.0,62.0,6.0,9.0,12.0,418,6.0,26.0,32.0,42.0,3.0,216.0,36.0,36.0,21.0
236753,2018,96.0,0.0,6.0,4.0,18.0,0.0,44.0,11.0,6.0,7.0,385,5.0,20.0,40.0,52.0,3.0,176.0,48.0,27.0,14.0
236753,2019,138.0,0.0,3.0,6.0,9.0,0.0,76.0,16.0,15.0,13.0,529,2.0,39.0,41.0,63.0,3.0,247.0,65.0,49.0,20.0
236753,2020,127.0,1.0,10.0,5.0,12.0,0.0,60.0,9.0,17.0,13.0,503,2.0,29.0,37.0,67.0,6.0,235.0,58.0,40.0,29.0
236887,2018,122.0,0.0,0.0,0.0,22.0,0.0,93.0,3.0,4.0,0.0,299,2.0,0.0,3.0,67.0,0.0,210.0,11.0,6.0,0.0
236887,2019,181.0,3.0,1.0,1.0,39.0,0.0,122.0,7.0,6.0,2.0,454,5.0,1.0,3.0,103.0,1.0,293.0,21.0,25.0,2.0
236887,2020,183.0,1.0,0.0,1.0,48.0,0.0,113.0,5.0,15.0,0.0,437,5.0,0.0,3.0,112.0,1.0,268.0,19.0,28.0,1.0
236896,2010,201.0,0.0,0.0,0.0,0.0,0.0,0.0,0.0,0.0,0.0,352,0.0,0.0,0.0,0.0,0.0,0.0,0.0,17.0,1.0
236896,2011,155.0,2.0,3.0,7.0,10.0,0.0,125.0,0.0,3.0,5.0,292,4.0,6.0,11.0,21.0,0.0,229.0,0.0,9.0,12.0
236896,2012,166.0,0.0,7.0,3.0,15.0,1.0,135.0,0.0,0.0,5.0,323,6.0,12.0,7.0,39.0,4.0,238.0,0.0,0.0,17.0
236896,2013,158.0,2.0,9.0,3.0,9.0,1.0,132.0,0.0,0.0,2.0,344,3.0,21.0,8.0,33.0,2.0,263.0,0.0,2.0,12.0
236896,2014,173.0,0.0,8.0,4.0,21.0,3.0,130.0,0.0,1.0,6.0,310,1.0,14.0,9.0,41.0,4.0,224.0,0.0,1.0,16.0
236896,2015,164.0,0.0,8.0,1.0,18.0,1.0,133.0,0.0,3.0,0.0,316,5.0,14.0,11.0,38.0,1.0,241.0,1.0,5.0,0.0
236896,2016,166.0,2.0,6.0,2.0,13.0,0.0,137.0,0.0,2.0,4.0,305,6.0,10.0,9.0,24.0,2.0,243.0,0.0,4.0,7.0
236896,2017,224.0,2.0,8.0,4.0,20.0,0.0,174.0,0.0,7.0,9.0,366,3.0,15.0,15.0,43.0,0.0,257.0,0.0,15.0,18.0
236896,2018,221.0,1.0,5.0,1.0,27.0,2.0,151.0,9.0,6.0,19.0,395,2.0,14.0,5.0,60.0,4.0,250.0,23.0,7.0,30.0
236896,2019,237.0,3.0,14.0,5.0,26.0,0.0,159.0,14.0,1.0,15.0,388,4.0,20.0,7.0,55.0,0.0,257.0,20.0,1.0,24.0
236896,2020,213.0,1.0,15.0,1.0,30.0,1.0,132.0,18.0,5.0,10.0,364,1.0,28.0,11.0,59.0,1.0,204.0,29.0,12.0,19.0
236939,2010,2130.0,15.0,115.0,41.0,96.0,6.0,1673.0,15.0,149.0,20.0,3089,34.0,188.0,69.0,143.0,8.0,2398.0,17.0,202.0,30.0
236939,2011,1906.0,24.0,120.0,31.0,75.0,8.0,1558.0,14.0,52.0,24.0,2855,39.0,192.0,59.0,121.0,9.0,2301.0,17.0,83.0,34.0
236939,2012,1801.0,21.0,104.0,29.0,71.0,16.0,1458.0,4.0,80.0,18.0,2676,33.0,184.0,55.0,121.0,16.0,2108.0,8.0,125.0,26.0
236939,2013,2085.0,24.0,111.0,31.0,107.0,9.0,1649.0,23.0,102.0,29.0,3184,31.0,196.0,55.0,169.0,14.0,2468.0,36.0,163.0,52.0
236939,2014,2280.0,22.0,114.0,38.0,126.0,7.0,1786.0,32.0,114.0,41.0,3391,35.0,173.0,62.0,200.0,15.0,2610.0,56.0,168.0,72.0
236939,2015,2328.0,17.0,154.0,37.0,183.0,14.0,1737.0,73.0,60.0,53.0,3627,37.0,228.0,78.0,302.0,34.0,2665.0,113.0,96.0,74.0
236939,2016,2158.0,13.0,122.0,31.0,166.0,5.0,1543.0,154.0,52.0,72.0,3241,21.0,185.0,53.0,261.0,9.0,2276.0,238.0,89.0,109.0
236939,2017,2748.0,14.0,137.0,77.0,253.0,5.0,1937.0,193.0,34.0,98.0,4401,28.0,231.0,145.0,446.0,13.0,2981.0,346.0,60.0,151.0
236939,2018,2520.0,11.0,102.0,84.0,251.0,5.0,1737.0,239.0,19.0,72.0,4279,28.0,189.0,178.0,492.0,18.0,2821.0,414.0,32.0,107.0
236939,2019,2443.0,11.0,121.0,83.0,291.0,9.0,1606.0,230.0,21.0,71.0,4057,26.0,196.0,193.0,579.0,19.0,2530.0,375.0,26.0,113.0
236939,2020,2551.0,10.0,135.0,86.0,339.0,10.0,1670.0,215.0,22.0,64.0,4357,26.0,240.0,184.0,660.0,18.0,2672.0,399.0,43.0,115.0
236948,2010,3911.0,44.0,1135.0,111.0,167.0,21.0,2131.0,0.0,217.0,85.0,4867,64.0,1385.0,159.0,226.0,37.0,2614.0,0.0,264.0,118.0
236948,2011,3892.0,30.0,1145.0,81.0,175.0,0.0,2141.0,0.0,195.0,125.0,4892,49.0,1419.0,119.0,248.0,0.0,2641.0,0.0,262.0,154.0
236948,2012,4270.0,42.0,1230.0,111.0,234.0,20.0,2302.0,21.0,200.0,110.0,5284,63.0,1481.0,153.0,301.0,36.0,2845.0,22.0,246.0,137.0
236948,2013,4225.0,44.0,1245.0,124.0,223.0,23.0,2237.0,44.0,133.0,152.0,5163,70.0,1500.0,173.0,294.0,36.0,2697.0,51.0,161.0,181.0
236948,2014,4502.0,45.0,1236.0,125.0,238.0,26.0,2335.0,56.0,168.0,273.0,5377,64.0,1428.0,174.0,309.0,36.0,2762.0,61.0,208.0,335.0
236948,2015,4307.0,45.0,1324.0,93.0,243.0,33.0,2049.0,0.0,135.0,385.0,5119,65.0,1527.0,122.0,314.0,40.0,2400.0,0.0,170.0,481.0
236948,2016,4579.0,71.0,1346.0,129.0,275.0,25.0,2133.0,0.0,130.0,470.0,5460,101.0,1572.0,166.0,353.0,34.0,2506.0,0.0,159.0,569.0
236948,2017,4854.0,17.0,1160.0,82.0,291.0,21.0,2062.0,324.0,31.0,866.0,5752,22.0,1324.0,117.0,375.0,23.0,2432.0,382.0,38.0,1039.0
236948,2018,5052.0,6.0,1283.0,87.0,316.0,21.0,2053.0,372.0,46.0,868.0,6003,13.0,1467.0,118.0,398.0,27.0,2451.0,439.0,69.0,1021.0
236948,2019,5244.0,16.0,1304.0,92.0,354.0,20.0,2234.0,361.0,44.0,819.0,6226,24.0,1505.0,122.0,451.0,24.0,2637.0,436.0,49.0,978.0
236948,2020,5180.0,21.0,1337.0,109.0,336.0,13.0,2194.0,361.0,55.0,754.0,6317,33.0,1584.0,151.0,437.0,20.0,2656.0,453.0,63.0,920.0
236975,2017,140.0,2.0,0.0,0.0,49.0,0.0,86.0,1.0,2.0,0.0,499,8.0,0.0,2.0,171.0,0.0,284.0,20.0,12.0,2.0
236975,2018,131.0,1.0,0.0,1.0,50.0,0.0,67.0,4.0,8.0,0.0,428,7.0,0.0,1.0,137.0,0.0,249.0,20.0,14.0,0.0
236975,2019,159.0,0.0,0.0,0.0,65.0,0.0,90.0,2.0,2.0,0.0,461,7.0,1.0,2.0,171.0,1.0,251.0,20.0,8.0,0.0
236975,2020,152.0,0.0,2.0,0.0,65.0,0.0,71.0,9.0,5.0,0.0,443,6.0,4.0,6.0,175.0,0.0,216.0,24.0,12.0,0.0
237011,2010,1672.0,0.0,0.0,0.0,0.0,0.0,0.0,0.0,73.0,1.0,2425,0.0,0.0,0.0,0.0,0.0,0.0,0.0,96.0,1.0
237011,2011,1724.0,30.0,112.0,35.0,58.0,7.0,1376.0,61.0,43.0,2.0,2365,43.0,173.0,60.0,83.0,11.0,1856.0,81.0,55.0,3.0
237011,2012,1627.0,20.0,100.0,22.0,58.0,5.0,1319.0,48.0,51.0,4.0,2425,35.0,167.0,50.0,90.0,10.0,1902.0,84.0,80.0,7.0
237011,2013,1783.0,30.0,167.0,43.0,82.0,8.0,1397.0,0.0,54.0,2.0,2572,60.0,252.0,93.0,127.0,14.0,1949.0,0.0,71.0,6.0
237011,2014,1907.0,22.0,104.0,33.0,103.0,4.0,1487.0,110.0,40.0,4.0,2667,39.0,145.0,66.0,166.0,12.0,2018.0,159.0,56.0,6.0
237011,2015,1903.0,33.0,134.0,38.0,94.0,6.0,1477.0,72.0,46.0,3.0,2670,53.0,196.0,64.0,148.0,12.0,2015.0,107.0,71.0,4.0
237011,2016,1891.0,7.0,130.0,33.0,124.0,2.0,1442.0,139.0,14.0,0.0,2722,11.0,190.0,46.0,188.0,2.0,2061.0,203.0,21.0,0.0
237011,2017,1846.0,5.0,134.0,18.0,119.0,5.0,1421.0,142.0,0.0,2.0,2674,8.0,186.0,29.0,178.0,6.0,2043.0,217.0,3.0,4.0
237011,2018,1822.0,4.0,106.0,27.0,115.0,4.0,1414.0,143.0,6.0,3.0,2661,9.0,164.0,49.0,179.0,6.0,2026.0,214.0,10.0,4.0
237011,2019,1882.0,5.0,129.0,29.0,119.0,2.0,1426.0,159.0,6.0,7.0,2764,9.0,197.0,39.0,208.0,3.0,2041.0,246.0,12.0,9.0
237011,2020,1866.0,5.0,148.0,26.0,138.0,2.0,1349.0,186.0,8.0,4.0,2763,8.0,229.0,46.0,229.0,5.0,1952.0,273.0,14.0,7.0
237039,2017,115.0,2.0,2.0,0.0,8.0,0.0,88.0,3.0,12.0,0.0,371,6.0,9.0,4.0,34.0,0.0,261.0,27.0,30.0,0.0
237039,2018,91.0,0.0,3.0,2.0,10.0,0.0,66.0,6.0,4.0,0.0,276,3.0,8.0,6.0,26.0,1.0,194.0,23.0,15.0,0.0
237039,2019,106.0,0.0,4.0,0.0,10.0,0.0,71.0,7.0,14.0,0.0,289,3.0,10.0,4.0,37.0,2.0,186.0,26.0,21.0,0.0
237039,2020,135.0,0.0,5.0,0.0,17.0,0.0,99.0,5.0,9.0,0.0,321,1.0,12.0,3.0,43.0,0.0,215.0,21.0,26.0,0.0
237057,2010,330.0,0.0,0.0,0.0,0.0,0.0,0.0,0.0,43.0,13.0,385,0.0,0.0,0.0,0.0,0.0,0.0,0.0,52.0,13.0
237057,2011,308.0,5.0,27.0,9.0,18.0,0.0,197.0,0.0,43.0,9.0,360,7.0,32.0,10.0,22.0,0.0,231.0,0.0,48.0,10.0
237057,2012,321.0,2.0,37.0,5.0,13.0,0.0,213.0,0.0,40.0,11.0,367,2.0,42.0,7.0,17.0,0.0,241.0,0.0,47.0,11.0
237057,2013,351.0,2.0,40.0,2.0,20.0,4.0,237.0,0.0,34.0,12.0,400,5.0,47.0,3.0,21.0,5.0,269.0,0.0,37.0,13.0
237057,2014,350.0,0.0,27.0,5.0,18.0,0.0,241.0,12.0,38.0,9.0,401,3.0,30.0,6.0,22.0,0.0,276.0,12.0,43.0,9.0
237057,2015,345.0,1.0,25.0,3.0,15.0,2.0,244.0,17.0,30.0,8.0,395,2.0,29.0,3.0,24.0,2.0,275.0,18.0,34.0,8.0
237057,2016,364.0,5.0,33.0,8.0,28.0,1.0,248.0,12.0,17.0,12.0,415,6.0,36.0,9.0,30.0,2.0,283.0,15.0,19.0,15.0
237057,2017,351.0,2.0,26.0,2.0,23.0,0.0,270.0,7.0,14.0,7.0,399,3.0,29.0,3.0,24.0,0.0,307.0,8.0,17.0,8.0
237057,2018,333.0,1.0,20.0,2.0,25.0,0.0,245.0,21.0,10.0,9.0,381,1.0,20.0,2.0,28.0,0.0,281.0,25.0,11.0,13.0
237057,2019,351.0,1.0,13.0,4.0,29.0,0.0,258.0,19.0,10.0,17.0,391,2.0,17.0,4.0,34.0,0.0,285.0,21.0,10.0,18.0
237057,2020,337.0,0.0,18.0,4.0,22.0,0.0,247.0,29.0,5.0,12.0,393,0.0,24.0,5.0,28.0,0.0,276.0,32.0,8.0,20.0
237066,2010,372.0,0.0,0.0,0.0,0.0,0.0,0.0,0.0,9.0,0.0,469,0.0,0.0,0.0,0.0,0.0,0.0,0.0,12.0,2.0
237066,2011,362.0,5.0,19.0,6.0,11.0,0.0,311.0,0.0,9.0,1.0,451,9.0,26.0,7.0,12.0,0.0,383.0,0.0,13.0,1.0
237066,2012,356.0,5.0,8.0,6.0,10.0,0.0,311.0,9.0,6.0,1.0,469,5.0,12.0,12.0,13.0,0.0,408.0,9.0,9.0,1.0
237066,2013,393.0,3.0,12.0,3.0,15.0,0.0,341.0,6.0,11.0,2.0,532,4.0,19.0,4.0,21.0,0.0,456.0,7.0,16.0,5.0
237066,2014,410.0,3.0,11.0,7.0,16.0,2.0,348.0,7.0,7.0,9.0,545,3.0,12.0,11.0,27.0,2.0,458.0,9.0,10.0,13.0
237066,2015,416.0,1.0,16.0,7.0,17.0,0.0,357.0,10.0,6.0,2.0,555,3.0,28.0,14.0,23.0,1.0,457.0,15.0,8.0,6.0
237066,2016,496.0,1.0,12.0,5.0,43.0,2.0,399.0,20.0,7.0,7.0,683,4.0,16.0,8.0,63.0,5.0,542.0,26.0,11.0,8.0
237066,2017,392.0,2.0,5.0,2.0,21.0,1.0,332.0,17.0,6.0,6.0,523,2.0,8.0,4.0,35.0,1.0,422.0,32.0,9.0,10.0
237066,2018,494.0,0.0,18.0,8.0,27.0,1.0,393.0,34.0,5.0,8.0,629,4.0,23.0,9.0,46.0,1.0,489.0,42.0,6.0,9.0
237066,2019,446.0,3.0,14.0,9.0,27.0,2.0,361.0,23.0,1.0,6.0,592,5.0,20.0,10.0,42.0,5.0,465.0,34.0,1.0,10.0
237066,2020,473.0,3.0,31.0,4.0,40.0,0.0,350.0,27.0,1.0,17.0,614,5.0,42.0,10.0,60.0,4.0,437.0,33.0,1.0,22.0
237109,2014,89.0,0.0,0.0,0.0,23.0,1.0,64.0,0.0,1.0,0.0,392,6.0,5.0,6.0,133.0,2.0,223.0,12.0,5.0,0.0
237109,2015,87.0,2.0,0.0,1.0,27.0,0.0,54.0,2.0,1.0,0.0,402,12.0,3.0,7.0,152.0,0.0,209.0,16.0,3.0,0.0
237109,2016,92.0,3.0,0.0,0.0,40.0,0.0,45.0,3.0,1.0,0.0,364,7.0,3.0,5.0,164.0,0.0,165.0,14.0,6.0,0.0
237109,2017,80.0,2.0,0.0,1.0,29.0,0.0,45.0,2.0,1.0,0.0,334,2.0,3.0,7.0,138.0,1.0,163.0,15.0,5.0,0.0
237109,2018,85.0,1.0,1.0,1.0,40.0,0.0,39.0,3.0,0.0,0.0,285,3.0,1.0,3.0,133.0,0.0,126.0,17.0,2.0,0.0
237109,2019,90.0,0.0,0.0,0.0,39.0,0.0,46.0,4.0,1.0,0.0,317,4.0,0.0,2.0,155.0,0.0,132.0,23.0,1.0,0.0
237109,2020,95.0,0.0,0.0,0.0,40.0,0.0,48.0,7.0,0.0,0.0,334,4.0,3.0,10.0,148.0,3.0,145.0,20.0,1.0,0.0
245883,2014,1.0,0.0,0.0,0.0,0.0,0.0,0.0,0.0,1.0,0.0,37,1.0,1.0,0.0,2.0,0.0,20.0,0.0,13.0,0.0
245883,2015,8.0,0.0,0.0,0.0,0.0,0.0,6.0,0.0,2.0,0.0,40,0.0,0.0,0.0,1.0,0.0,9.0,0.0,30.0,0.0
377546,2010,21.0,0.0,0.0,0.0,0.0,0.0,0.0,0.0,3.0,0.0,25,0.0,0.0,0.0,0.0,0.0,0.0,0.0,3.0,0.0
377546,2011,16.0,0.0,0.0,0.0,1.0,0.0,12.0,0.0,3.0,0.0,24,0.0,0.0,0.0,2.0,0.0,18.0,0.0,4.0,0.0
377546,2012,28.0,0.0,0.0,0.0,1.0,0.0,1.0,0.0,26.0,0.0,38,0.0,0.0,0.0,2.0,0.0,1.0,0.0,35.0,0.0
377546,2013,9.0,0.0,1.0,0.0,0.0,2.0,5.0,0.0,1.0,0.0,32,1.0,1.0,0.0,1.0,2.0,25.0,0.0,2.0,0.0
377546,2014,23.0,0.0,1.0,1.0,2.0,0.0,16.0,2.0,1.0,0.0,32,0.0,1.0,1.0,3.0,0.0,24.0,2.0,1.0,0.0
377546,2015,18.0,0.0,1.0,0.0,1.0,0.0,13.0,2.0,1.0,0.0,32,0.0,4.0,1.0,7.0,0.0,14.0,5.0,1.0,0.0
377546,2016,19.0,0.0,1.0,0.0,1.0,0.0,16.0,1.0,0.0,0.0,30,1.0,3.0,1.0,2.0,0.0,20.0,3.0,0.0,0.0
377546,2017,16.0,1.0,1.0,0.0,4.0,0.0,6.0,3.0,1.0,0.0,24,1.0,1.0,0.0,6.0,0.0,8.0,5.0,3.0,0.0
377546,2018,11.0,1.0,0.0,0.0,1.0,1.0,5.0,2.0,1.0,0.0,28,1.0,1.0,0.0,1.0,3.0,16.0,5.0,1.0,0.0
377546,2019,17.0,1.0,0.0,0.0,1.0,0.0,10.0,2.0,3.0,0.0,33,2.0,0.0,1.0,3.0,0.0,19.0,3.0,5.0,0.0
377546,2020,10.0,1.0,0.0,1.0,1.0,0.0,6.0,0.0,1.0,0.0,25,1.0,0.0,1.0,2.0,0.0,15.0,2.0,4.0,0.0
377555,2012,83.0,1.0,28.0,5.0,6.0,1.0,35.0,0.0,6.0,1.0,129,1.0,43.0,7.0,11.0,1.0,55.0,0.0,10.0,1.0
377555,2013,100.0,1.0,37.0,2.0,5.0,0.0,44.0,4.0,6.0,1.0,148,2.0,53.0,3.0,10.0,1.0,65.0,4.0,9.0,1.0
377555,2014,151.0,1.0,58.0,0.0,10.0,0.0,66.0,2.0,10.0,4.0,224,3.0,87.0,0.0,14.0,1.0,94.0,4.0,13.0,8.0
377555,2015,205.0,0.0,79.0,12.0,17.0,2.0,83.0,0.0,9.0,3.0,294,2.0,114.0,16.0,23.0,2.0,120.0,0.0,12.0,5.0
377555,2016,262.0,5.0,103.0,15.0,23.0,2.0,96.0,0.0,12.0,6.0,391,8.0,143.0,25.0,36.0,4.0,147.0,0.0,19.0,9.0
377555,2017,334.0,0.0,111.0,12.0,39.0,4.0,127.0,24.0,5.0,12.0,525,1.0,155.0,27.0,67.0,7.0,206.0,36.0,7.0,19.0
377555,2018,335.0,1.0,107.0,18.0,37.0,1.0,120.0,30.0,5.0,16.0,538,3.0,161.0,25.0,75.0,2.0,185.0,52.0,6.0,29.0
377555,2019,387.0,0.0,142.0,28.0,38.0,8.0,119.0,26.0,5.0,21.0,560,2.0,198.0,40.0,60.0,11.0,168.0,40.0,9.0,32.0
377555,2020,393.0,0.0,164.0,23.0,44.0,4.0,121.0,24.0,1.0,12.0,625,1.0,230.0,46.0,90.0,7.0,186.0,45.0,5.0,15.0
377564,2012,65.0,1.0,16.0,5.0,4.0,0.0,30.0,1.0,8.0,0.0,151,3.0,40.0,16.0,8.0,2.0,57.0,1.0,24.0,0.0
377564,2013,87.0,0.0,29.0,4.0,8.0,0.0,38.0,3.0,5.0,0.0,176,0.0,51.0,11.0,15.0,2.0,77.0,5.0,15.0,0.0
377564,2014,99.0,1.0,19.0,9.0,9.0,1.0,52.0,1.0,7.0,0.0,180,2.0,39.0,15.0,18.0,2.0,80.0,1.0,23.0,0.0
377564,2015,124.0,2.0,33.0,10.0,13.0,1.0,58.0,0.0,7.0,0.0,198,3.0,53.0,16.0,22.0,2.0,90.0,0.0,12.0,0.0
377564,2016,125.0,5.0,34.0,6.0,12.0,3.0,59.0,0.0,6.0,0.0,208,10.0,48.0,19.0,23.0,7.0,94.0,0.0,7.0,0.0
377564,2017,128.0,3.0,35.0,5.0,15.0,0.0,47.0,18.0,5.0,0.0,219,5.0,52.0,10.0,29.0,1.0,84.0,28.0,9.0,1.0
377564,2018,189.0,1.0,52.0,10.0,23.0,1.0,36.0,6.0,56.0,4.0,325,3.0,85.0,15.0,36.0,7.0,61.0,8.0,102.0,8.0
377564,2019,218.0,2.0,64.0,11.0,34.0,10.0,64.0,16.0,13.0,4.0,392,3.0,100.0,24.0,63.0,19.0,126.0,26.0,24.0,7.0
377564,2020,251.0,2.0,66.0,20.0,34.0,2.0,98.0,22.0,4.0,3.0,416,7.0,94.0,34.0,68.0,16.0,147.0,39.0,6.0,5.0
380377,2010,6.0,5.0,0.0,0.0,0.0,0.0,1.0,0.0,0.0,0.0,28,19.0,2.0,2.0,0.0,0.0,5.0,0.0,0.0,0.0
380377,2011,10.0,9.0,0.0,0.0,0.0,0.0,1.0,0.0,0.0,0.0,36,30.0,2.0,2.0,0.0,0.0,2.0,0.0,0.0,0.0
380377,2012,13.0,13.0,0.0,0.0,0.0,0.0,0.0,0.0,0.0,0.0,73,72.0,0.0,0.0,0.0,0.0,1.0,0.0,0.0,0.0
380377,2013,5.0,5.0,0.0,0.0,0.0,0.0,0.0,0.0,0.0,0.0,56,53.0,1.0,0.0,0.0,0.0,2.0,0.0,0.0,0.0
380377,2014,9.0,9.0,0.0,0.0,0.0,0.0,0.0,0.0,0.0,0.0,52,45.0,0.0,3.0,1.0,0.0,2.0,0.0,1.0,0.0
380377,2015,20.0,18.0,1.0,1.0,0.0,0.0,0.0,0.0,0.0,0.0,79,66.0,1.0,7.0,0.0,0.0,5.0,0.0,0.0,0.0
380377,2016,18.0,17.0,1.0,0.0,0.0,0.0,0.0,0.0,0.0,0.0,79,66.0,1.0,7.0,0.0,0.0,5.0,0.0,0.0,0.0
380377,2017,10.0,9.0,0.0,1.0,0.0,0.0,0.0,0.0,0.0,0.0,101,93.0,0.0,2.0,0.0,0.0,1.0,4.0,1.0,0.0
380377,2018,9.0,8.0,0.0,0.0,0.0,0.0,0.0,1.0,0.0,0.0,79,74.0,0.0,0.0,0.0,0.0,0.0,5.0,0.0,0.0
380377,2019,15.0,14.0,0.0,0.0,0.0,0.0,1.0,0.0,0.0,0.0,79,71.0,0.0,0.0,1.0,1.0,4.0,1.0,1.0,0.0
380377,2020,21.0,20.0,0.0,0.0,0.0,0.0,1.0,0.0,0.0,0.0,87,79.0,0.0,0.0,1.0,1.0,4.0,1.0,1.0,0.0
414531,2010,23.0,0.0,0.0,3.0,0.0,0.0,16.0,0.0,0.0,0.0,70,0.0,0.0,5.0,0.0,0.0,55.0,0.0,0.0,0.0
414531,2011,19.0,0.0,4.0,0.0,0.0,0.0,15.0,0.0,0.0,0.0,68,1.0,8.0,7.0,3.0,0.0,49.0,0.0,0.0,0.0
414531,2012,27.0,0.0,0.0,1.0,1.0,0.0,25.0,0.0,0.0,0.0,79,2.0,5.0,3.0,3.0,0.0,65.0,0.0,1.0,0.0
414531,2013,17.0,0.0,1.0,1.0,2.0,0.0,13.0,0.0,0.0,0.0,61,1.0,2.0,2.0,4.0,0.0,52.0,0.0,0.0,0.0
414531,2014,22.0,0.0,1.0,1.0,1.0,0.0,18.0,0.0,1.0,0.0,60,0.0,5.0,3.0,5.0,0.0,44.0,0.0,3.0,0.0
414531,2015,38.0,0.0,1.0,5.0,3.0,0.0,27.0,0.0,2.0,0.0,114,2.0,4.0,12.0,7.0,1.0,84.0,0.0,4.0,0.0
432223,2010,18.0,0.0,0.0,4.0,0.0,1.0,10.0,0.0,2.0,1.0,134,1.0,5.0,21.0,4.0,7.0,67.0,0.0,22.0,7.0
432223,2011,18.0,0.0,0.0,4.0,1.0,3.0,6.0,0.0,4.0,0.0,117,0.0,3.0,18.0,8.0,5.0,44.0,0.0,35.0,4.0
432223,2012,5.0,0.0,1.0,1.0,1.0,0.0,1.0,0.0,1.0,0.0,34,2.0,1.0,4.0,2.0,0.0,13.0,0.0,11.0,1.0
432223,2013,15.0,0.0,2.0,2.0,1.0,0.0,7.0,0.0,3.0,0.0,68,3.0,4.0,12.0,4.0,5.0,27.0,0.0,12.0,1.0
432223,2014,22.0,0.0,1.0,4.0,0.0,2.0,7.0,0.0,7.0,1.0,88,1.0,2.0,15.0,3.0,3.0,32.0,0.0,31.0,1.0
432223,2015,28.0,0.0,0.0,3.0,1.0,1.0,9.0,1.0,11.0,2.0,186,1.0,6.0,25.0,10.0,5.0,51.0,6.0,78.0,4.0
432223,2016,13.0,0.0,0.0,0.0,1.0,0.0,1.0,0.0,11.0,0.0,90,0.0,0.0,0.0,6.0,0.0,1.0,0.0,82.0,1.0
432223,2017,16.0,0.0,1.0,3.0,3.0,0.0,6.0,1.0,1.0,1.0,107,2.0,3.0,16.0,13.0,1.0,48.0,2.0,16.0,6.0
432223,2018,9.0,0.0,0.0,1.0,0.0,0.0,6.0,0.0,2.0,0.0,54,0.0,0.0,6.0,4.0,3.0,29.0,3.0,8.0,1.0
432223,2019,2.0,0.0,0.0,0.0,0.0,0.0,1.0,0.0,1.0,0.0,12,0.0,0.0,0.0,3.0,0.0,4.0,2.0,3.0,0.0
439057,2016,1.0,0.0,0.0,0.0,0.0,0.0,1.0,0.0,0.0,0.0,1,0.0,0.0,0.0,0.0,0.0,1.0,0.0,0.0,0.0
439057,2018,1.0,0.0,0.0,1.0,0.0,0.0,0.0,0.0,0.0,0.0,3,0.0,0.0,2.0,0.0,0.0,1.0,0.0,0.0,0.0
439190,2015,78.0,0.0,2.0,1.0,10.0,0.0,53.0,4.0,7.0,1.0,283,2.0,12.0,4.0,23.0,1.0,187.0,22.0,31.0,1.0
439190,2016,85.0,1.0,5.0,0.0,6.0,0.0,61.0,3.0,9.0,0.0,276,3.0,22.0,0.0,17.0,1.0,190.0,18.0,25.0,0.0
439190,2017,79.0,0.0,3.0,1.0,2.0,1.0,61.0,5.0,6.0,0.0,276,0.0,15.0,4.0,20.0,4.0,196.0,17.0,20.0,0.0
439190,2018,83.0,1.0,1.0,0.0,6.0,0.0,59.0,10.0,6.0,0.0,275,2.0,18.0,0.0,35.0,0.0,168.0,31.0,20.0,1.0
439190,2019,94.0,0.0,7.0,1.0,6.0,0.0,64.0,9.0,7.0,0.0,275,2.0,24.0,7.0,25.0,0.0,170.0,26.0,20.0,1.0
439190,2020,99.0,1.0,13.0,0.0,12.0,1.0,57.0,6.0,9.0,0.0,267,2.0,29.0,1.0,34.0,1.0,150.0,30.0,20.0,0.0
440545,2010,35.0,0.0,5.0,3.0,1.0,0.0,26.0,0.0,0.0,0.0,127,3.0,8.0,7.0,12.0,0.0,96.0,1.0,0.0,0.0
440545,2011,17.0,0.0,1.0,1.0,2.0,0.0,13.0,0.0,0.0,0.0,80,3.0,9.0,6.0,7.0,1.0,54.0,0.0,0.0,0.0
440545,2012,32.0,0.0,4.0,2.0,2.0,1.0,23.0,0.0,0.0,0.0,105,0.0,6.0,4.0,13.0,1.0,80.0,1.0,0.0,0.0
443049,2010,11.0,0.0,0.0,0.0,0.0,0.0,0.0,0.0,0.0,0.0,12,0.0,0.0,0.0,0.0,0.0,0.0,0.0,0.0,0.0
443049,2011,10.0,0.0,0.0,4.0,0.0,0.0,5.0,0.0,1.0,0.0,14,0.0,0.0,6.0,0.0,0.0,7.0,0.0,1.0,0.0
443049,2012,5.0,0.0,0.0,3.0,0.0,0.0,2.0,0.0,0.0,0.0,6,0.0,0.0,3.0,0.0,0.0,3.0,0.0,0.0,0.0
443049,2013,5.0,0.0,0.0,1.0,1.0,0.0,3.0,0.0,0.0,0.0,6,0.0,0.0,1.0,1.0,0.0,4.0,0.0,0.0,0.0
443049,2014,9.0,0.0,1.0,7.0,0.0,0.0,1.0,0.0,0.0,0.0,11,0.0,3.0,7.0,0.0,0.0,1.0,0.0,0.0,0.0
443049,2015,4.0,0.0,0.0,1.0,0.0,0.0,2.0,1.0,0.0,0.0,5,0.0,0.0,1.0,0.0,0.0,2.0,1.0,1.0,0.0
443049,2016,4.0,0.0,1.0,0.0,0.0,0.0,1.0,0.0,1.0,1.0,5,0.0,1.0,0.0,0.0,0.0,2.0,0.0,1.0,1.0
443049,2018,5.0,0.0,1.0,0.0,0.0,0.0,0.0,0.0,1.0,3.0,7,0.0,2.0,0.0,0.0,0.0,0.0,0.0,1.0,4.0
443049,2019,2.0,0.0,1.0,0.0,0.0,0.0,1.0,0.0,0.0,0.0,5,0.0,3.0,1.0,0.0,0.0,1.0,0.0,0.0,0.0
443049,2020,2.0,0.0,2.0,0.0,0.0,0.0,0.0,0.0,0.0,0.0,6,0.0,5.0,1.0,0.0,0.0,0.0,0.0,0.0,0.0
443410,2010,96.0,0.0,0.0,0.0,0.0,0.0,0.0,0.0,13.0,0.0,134,0.0,0.0,0.0,0.0,0.0,0.0,0.0,17.0,3.0
443410,2011,91.0,0.0,5.0,4.0,5.0,0.0,71.0,2.0,4.0,0.0,168,1.0,10.0,6.0,13.0,0.0,121.0,7.0,10.0,0.0
443410,2012,107.0,0.0,7.0,0.0,5.0,0.0,76.0,0.0,12.0,7.0,187,1.0,14.0,1.0,12.0,0.0,132.0,7.0,13.0,7.0
443410,2013,90.0,1.0,8.0,1.0,5.0,0.0,56.0,4.0,8.0,7.0,166,1.0,10.0,2.0,7.0,0.0,115.0,6.0,15.0,10.0
443410,2014,80.0,0.0,9.0,0.0,3.0,1.0,44.0,3.0,9.0,11.0,149,0.0,13.0,0.0,5.0,1.0,88.0,5.0,21.0,16.0
443410,2015,69.0,0.0,8.0,1.0,4.0,0.0,39.0,1.0,9.0,7.0,137,0.0,11.0,1.0,13.0,0.0,75.0,4.0,18.0,15.0
443410,2016,52.0,0.0,1.0,0.0,2.0,0.0,27.0,3.0,14.0,5.0,131,0.0,3.0,1.0,6.0,0.0,74.0,3.0,25.0,19.0
443410,2017,57.0,0.0,3.0,1.0,6.0,0.0,29.0,0.0,8.0,10.0,133,0.0,9.0,2.0,7.0,0.0,76.0,5.0,21.0,13.0
443410,2018,81.0,0.0,5.0,0.0,5.0,0.0,48.0,1.0,18.0,4.0,174,1.0,9.0,0.0,10.0,0.0,98.0,9.0,39.0,8.0
443410,2019,83.0,0.0,6.0,0.0,6.0,0.0,30.0,9.0,19.0,13.0,148,0.0,10.0,0.0,10.0,1.0,55.0,12.0,41.0,19.0
443410,2020,81.0,0.0,2.0,0.0,6.0,0.0,30.0,3.0,34.0,6.0,154,0.0,5.0,0.0,8.0,1.0,58.0,7.0,63.0,12.0
446808,2011,24.0,1.0,1.0,0.0,0.0,0.0,10.0,0.0,12.0,0.0,59,1.0,3.0,3.0,2.0,0.0,24.0,2.0,24.0,0.0
446808,2012,18.0,0.0,2.0,0.0,2.0,0.0,8.0,0.0,6.0,0.0,59,0.0,3.0,8.0,3.0,0.0,27.0,1.0,17.0,0.0
446808,2013,21.0,0.0,6.0,0.0,1.0,0.0,6.0,1.0,7.0,0.0,86,0.0,8.0,8.0,5.0,0.0,29.0,1.0,35.0,0.0
446808,2014,15.0,0.0,1.0,1.0,0.0,0.0,7.0,0.0,6.0,0.0,64,0.0,3.0,2.0,1.0,0.0,16.0,0.0,42.0,0.0
446808,2015,15.0,0.0,0.0,1.0,0.0,0.0,2.0,1.0,11.0,0.0,66,0.0,1.0,2.0,5.0,1.0,9.0,3.0,45.0,0.0
446808,2016,24.0,0.0,1.0,2.0,1.0,1.0,3.0,0.0,16.0,0.0,88,0.0,4.0,4.0,2.0,1.0,11.0,0.0,66.0,0.0
446808,2017,10.0,0.0,1.0,1.0,2.0,0.0,2.0,1.0,3.0,0.0,38,1.0,2.0,2.0,2.0,0.0,9.0,3.0,19.0,0.0
482662,2013,18.0,0.0,4.0,0.0,0.0,0.0,13.0,1.0,0.0,0.0,62,0.0,6.0,1.0,3.0,0.0,51.0,1.0,0.0,0.0
482662,2014,18.0,0.0,0.0,1.0,2.0,1.0,13.0,1.0,0.0,0.0,68,2.0,6.0,4.0,9.0,1.0,45.0,1.0,0.0,0.0
482662,2015,18.0,0.0,0.0,3.0,1.0,1.0,10.0,3.0,0.0,0.0,75,0.0,3.0,7.0,9.0,2.0,50.0,3.0,1.0,0.0
488448,2016,4.0,0.0,0.0,0.0,0.0,0.0,4.0,0.0,0.0,0.0,4,0.0,0.0,0.0,0.0,0.0,4.0,0.0,0.0,0.0
488448,2017,7.0,0.0,0.0,1.0,0.0,0.0,6.0,0.0,0.0,0.0,10,0.0,0.0,1.0,0.0,0.0,9.0,0.0,0.0,0.0
488448,2018,10.0,0.0,0.0,1.0,3.0,0.0,6.0,0.0,0.0,0.0,10,0.0,0.0,1.0,3.0,0.0,6.0,0.0,0.0,0.0
488448,2019,6.0,0.0,0.0,0.0,1.0,0.0,5.0,0.0,0.0,0.0,7,0.0,0.0,0.0,2.0,0.0,5.0,0.0,0.0,0.0
488448,2020,6.0,0.0,0.0,1.0,0.0,0.0,5.0,0.0,0.0,0.0,8,0.0,0.0,1.0,0.0,0.0,7.0,0.0,0.0,0.0
234915,2010,,,,,,,,,,,10,0.0,0.0,0.0,0.0,0.0,0.0,0.0,0.0,0.0
234915,2013,,,,,,,,,,,7,0.0,0.0,1.0,0.0,0.0,2.0,0.0,4.0,0.0
234915,2018,,,,,,,,,,,1,0.0,0.0,0.0,0.0,0.0,1.0,0.0,0.0,0.0
245883,2016,,,,,,,,,,,31,0.0,0.0,0.0,0.0,0.0,4.0,0.0,27.0,0.0
245883,2017,,,,,,,,,,,24,0.0,0.0,1.0,2.0,0.0,18.0,0.0,3.0,0.0
245883,2018,,,,,,,,,,,26,1.0,2.0,2.0,1.0,1.0,18.0,0.0,1.0,0.0
245883,2019,,,,,,,,,,,20,0.0,0.0,1.0,0.0,0.0,15.0,0.0,4.0,0.0
432223,2020,,,,,,,,,,,1,0.0,0.0,0.0,0.0,1.0,0.0,0.0,0.0,0.0
439057,2014,,,,,,,,,,,1,0.0,0.0,0.0,0.0,0.0,1.0,0.0,0.0,0.0
439057,2015,,,,,,,,,,,4,0.0,0.0,1.0,0.0,0.0,3.0,0.0,0.0,0.0
439057,2017,,,,,,,,,,,1,0.0,0.0,0.0,0.0,0.0,1.0,0.0,0.0,0.0
